<?xml version="1.0" encoding="UTF-8"?>
<kml xmlns="http://www.opengis.net/kml/2.2">
<Document>
  <name>ChefMinistry — ร้านคัดสรรกรุงเทพฯ</name>
  <description>อัปเดต 2026-07-30 — chefministry.com</description>
  <Style id="cm0"><IconStyle><color>ff3b8cd6</color><Icon><href>http://maps.google.com/mapfiles/kml/shapes/dining.png</href></Icon></IconStyle></Style>
  <Folder>
    <name>☕ คาเฟ่ &amp; มัทฉะ</name>
    <Placemark>
      <styleUrl>#cm0</styleUrl>
      <name>เดอะ คอฟฟี่ คลับ - ริเวอร์ ซิตี้</name>
      <description>⭐ 4.7 (5,533 รีวิว) · Cafe · สัมพันธวงศ์ · ฿฿
ชั้นที่ 1, โซน outdoor, 23 Soi Chareonkrung 22, Khwaeng Talat Noi, Khet Samphanthawong, Krung Thep Maha Nakhon 10100, Thailand
https://www.google.com/maps/place/?q=place_id:ChIJbfMAByKZ4jAR0dHPpg-HH4Y
ข้อมูลจาก ChefMinistry — chefministry.com</description>
      <ExtendedData>
        <Data name="rating"><value>4.7</value></Data>
        <Data name="reviews"><value>5533</value></Data>
        <Data name="cuisine"><value>Cafe</value></Data>
        <Data name="area"><value>สัมพันธวงศ์</value></Data>
        <Data name="google_maps"><value>https://www.google.com/maps/place/?q=place_id:ChIJbfMAByKZ4jAR0dHPpg-HH4Y</value></Data>
      </ExtendedData>
      <Point><coordinates>100.5132981,13.730143,0</coordinates></Point>
    </Placemark>
    <Placemark>
      <styleUrl>#cm0</styleUrl>
      <name>ThaiWan-Thai灣 Coffee&amp;tea socialspace</name>
      <description>⭐ 4.9 (3,064 รีวิว) · Cafe · Watthana · ฿฿
85 Soi Pridi Banomyong 26, Khwaeng Khlong Tan Nuea, Watthana, Krung Thep Maha Nakhon 10110, Thailand
https://www.google.com/maps/place/?q=place_id:ChIJkTJmvEef4jAR4nvfCeeQzds
ข้อมูลจาก ChefMinistry — chefministry.com</description>
      <ExtendedData>
        <Data name="rating"><value>4.9</value></Data>
        <Data name="reviews"><value>3064</value></Data>
        <Data name="cuisine"><value>Cafe</value></Data>
        <Data name="area"><value>Watthana</value></Data>
        <Data name="google_maps"><value>https://www.google.com/maps/place/?q=place_id:ChIJkTJmvEef4jAR4nvfCeeQzds</value></Data>
      </ExtendedData>
      <Point><coordinates>100.60347259999999,13.7258607,0</coordinates></Point>
    </Placemark>
    <Placemark>
      <styleUrl>#cm0</styleUrl>
      <name>ฮงเซียงกง</name>
      <description>⭐ 4.4 (4,102 รีวิว) · Cafe · Yaowarat · ฿฿
734, 736 Soi Wanit 2, Khwaeng Talat Noi, Khet Samphanthawong, Krung Thep Maha Nakhon 10100, Thailand
https://www.google.com/maps/place/?q=place_id:ChIJ580MFqCZ4jARh5fpv9GvfSs
ข้อมูลจาก ChefMinistry — chefministry.com</description>
      <ExtendedData>
        <Data name="rating"><value>4.4</value></Data>
        <Data name="reviews"><value>4102</value></Data>
        <Data name="cuisine"><value>Cafe</value></Data>
        <Data name="area"><value>Yaowarat</value></Data>
        <Data name="google_maps"><value>https://www.google.com/maps/place/?q=place_id:ChIJ580MFqCZ4jARh5fpv9GvfSs</value></Data>
      </ExtendedData>
      <Point><coordinates>100.5115915,13.7347953,0</coordinates></Point>
    </Placemark>
    <Placemark>
      <styleUrl>#cm0</styleUrl>
      <name>Sarnies Bangkok</name>
      <description>⭐ 4.5 (3,716 รีวิว) · Cafe · Bang Rak · ฿฿
101, 103 Soi Charoen Krung 44, Khwaeng Bang Rak, Khet Bang Rak, Krung Thep Maha Nakhon 10500, Thailand
https://www.google.com/maps/place/?q=place_id:ChIJUXT3NL6Z4jARwh3cJq_bkog
ข้อมูลจาก ChefMinistry — chefministry.com</description>
      <ExtendedData>
        <Data name="rating"><value>4.5</value></Data>
        <Data name="reviews"><value>3716</value></Data>
        <Data name="cuisine"><value>Cafe</value></Data>
        <Data name="area"><value>Bang Rak</value></Data>
        <Data name="google_maps"><value>https://www.google.com/maps/place/?q=place_id:ChIJUXT3NL6Z4jARwh3cJq_bkog</value></Data>
      </ExtendedData>
      <Point><coordinates>100.5147629,13.721055600000001,0</coordinates></Point>
    </Placemark>
    <Placemark>
      <styleUrl>#cm0</styleUrl>
      <name>Factory Coffee - Bangkok</name>
      <description>⭐ 4.4 (3,948 รีวิว) · Cafe · Ratchathewi · ฿฿
49 Phaya Thai Rd, Khwaeng Thanon Phaya Thai, Khet Ratchathewi, Krung Thep Maha Nakhon 10400, Thailand
https://www.google.com/maps/place/?q=place_id:ChIJA-r3h7ae4jARcgEibgLyJyc
ข้อมูลจาก ChefMinistry — chefministry.com</description>
      <ExtendedData>
        <Data name="rating"><value>4.4</value></Data>
        <Data name="reviews"><value>3948</value></Data>
        <Data name="cuisine"><value>Cafe</value></Data>
        <Data name="area"><value>Ratchathewi</value></Data>
        <Data name="google_maps"><value>https://www.google.com/maps/place/?q=place_id:ChIJA-r3h7ae4jARcgEibgLyJyc</value></Data>
      </ExtendedData>
      <Point><coordinates>100.53461399999999,13.7569298,0</coordinates></Point>
    </Placemark>
    <Placemark>
      <styleUrl>#cm0</styleUrl>
      <name>RISE COFFEE - Flagship Store</name>
      <description>⭐ 4.9 (2,236 รีวิว) · Cafe · ปทุมวัน · ฿
888 อาคารมหาทุนพลาซ่า ชั้น 1 ยูนิต 1, Thanon Phloen Chit, Khwaeng Lumphini, Pathum Wan, Krung Thep Maha Nakhon 10330, Thailand
https://www.google.com/maps/place/?q=place_id:ChIJG52xQk-f4jARNARZ-n73gCg
ข้อมูลจาก ChefMinistry — chefministry.com</description>
      <ExtendedData>
        <Data name="rating"><value>4.9</value></Data>
        <Data name="reviews"><value>2236</value></Data>
        <Data name="cuisine"><value>Cafe</value></Data>
        <Data name="area"><value>ปทุมวัน</value></Data>
        <Data name="google_maps"><value>https://www.google.com/maps/place/?q=place_id:ChIJG52xQk-f4jARNARZ-n73gCg</value></Data>
      </ExtendedData>
      <Point><coordinates>100.5486868,13.7419119,0</coordinates></Point>
    </Placemark>
    <Placemark>
      <styleUrl>#cm0</styleUrl>
      <name>Roast theCOMMONS Thonglor</name>
      <description>⭐ 4.5 (2,814 รีวิว) · Cafe · Thonglor · ฿฿
The COMMONS, 335 ชั้น 3 Soi Thong Lo 17, Khwaeng Khlong Tan Nuea, Watthana, Krung Thep Maha Nakhon 10110, Thailand
https://www.google.com/maps/place/?q=place_id:ChIJicwRRFOe4jARAcJ7qJDLIe8
ข้อมูลจาก ChefMinistry — chefministry.com</description>
      <ExtendedData>
        <Data name="rating"><value>4.5</value></Data>
        <Data name="reviews"><value>2814</value></Data>
        <Data name="cuisine"><value>Cafe</value></Data>
        <Data name="area"><value>Thonglor</value></Data>
        <Data name="google_maps"><value>https://www.google.com/maps/place/?q=place_id:ChIJicwRRFOe4jARAcJ7qJDLIe8</value></Data>
      </ExtendedData>
      <Point><coordinates>100.58226839999999,13.7350544,0</coordinates></Point>
    </Placemark>
    <Placemark>
      <styleUrl>#cm0</styleUrl>
      <name>นานา คอฟฟี่ โรสเตอร์ อารีย์</name>
      <description>⭐ 4.4 (2,943 รีวิว) · Cafe · Phaya Thai · ฿฿
24, 2 Soi Ari 4, Khwaeng Samsen Nai, Khet Phaya Thai, Krung Thep Maha Nakhon 10400, Thailand
https://www.google.com/maps/place/?q=place_id:ChIJl0zcc1ud4jAR6LEHnouPOEo
ข้อมูลจาก ChefMinistry — chefministry.com</description>
      <ExtendedData>
        <Data name="rating"><value>4.4</value></Data>
        <Data name="reviews"><value>2943</value></Data>
        <Data name="cuisine"><value>Cafe</value></Data>
        <Data name="area"><value>Phaya Thai</value></Data>
        <Data name="google_maps"><value>https://www.google.com/maps/place/?q=place_id:ChIJl0zcc1ud4jAR6LEHnouPOEo</value></Data>
      </ExtendedData>
      <Point><coordinates>100.54198,13.7826347,0</coordinates></Point>
    </Placemark>
    <Placemark>
      <styleUrl>#cm0</styleUrl>
      <name>Tokizen farm &amp; cafe</name>
      <description>⭐ 4.8 (1,965 รีวิว) · Matcha Cafe · Bangkok Noi · ฿฿
57, แขวงบางขุนนนท์ เขตบางกอกน้อย กรุงเทพมหานคร 10700, Thailand
https://www.google.com/maps/place/?q=place_id:ChIJ98Gc1oaZ4jARQU8HIm1lhV8
ข้อมูลจาก ChefMinistry — chefministry.com</description>
      <ExtendedData>
        <Data name="rating"><value>4.8</value></Data>
        <Data name="reviews"><value>1965</value></Data>
        <Data name="cuisine"><value>Matcha Cafe</value></Data>
        <Data name="area"><value>Bangkok Noi</value></Data>
        <Data name="google_maps"><value>https://www.google.com/maps/place/?q=place_id:ChIJ98Gc1oaZ4jARQU8HIm1lhV8</value></Data>
      </ExtendedData>
      <Point><coordinates>100.4636077,13.7745628,0</coordinates></Point>
    </Placemark>
    <Placemark>
      <styleUrl>#cm0</styleUrl>
      <name>BABYCCINO</name>
      <description>⭐ 4.4 (2,349 รีวิว) · Cafe · Ekkamai · ฿฿
53 Soi Ekkamai 12, Khwaeng Khlong Tan Nuea, Watthana, Krung Thep Maha Nakhon 10110, Thailand
https://www.google.com/maps/place/?q=place_id:ChIJq7RA0bef4jAR3WVdmzBvdM8
ข้อมูลจาก ChefMinistry — chefministry.com</description>
      <ExtendedData>
        <Data name="rating"><value>4.4</value></Data>
        <Data name="reviews"><value>2349</value></Data>
        <Data name="cuisine"><value>Cafe</value></Data>
        <Data name="area"><value>Ekkamai</value></Data>
        <Data name="google_maps"><value>https://www.google.com/maps/place/?q=place_id:ChIJq7RA0bef4jAR3WVdmzBvdM8</value></Data>
      </ExtendedData>
      <Point><coordinates>100.59172319999999,13.730295799999999,0</coordinates></Point>
    </Placemark>
    <Placemark>
      <styleUrl>#cm0</styleUrl>
      <name>ไรส์ คอฟฟี่ - สาขาทองหล่อ</name>
      <description>⭐ 4.8 (1,445 รีวิว) · Cafe · Watthana · ฿
PHHJ+FGV, Khlong Tan Nuea, Watthana, Bangkok 10110, Thailand
https://www.google.com/maps/place/?q=place_id:ChIJv4MdhRif4jARfuebyhUAYjM
ข้อมูลจาก ChefMinistry — chefministry.com</description>
      <ExtendedData>
        <Data name="rating"><value>4.8</value></Data>
        <Data name="reviews"><value>1445</value></Data>
        <Data name="cuisine"><value>Cafe</value></Data>
        <Data name="area"><value>Watthana</value></Data>
        <Data name="google_maps"><value>https://www.google.com/maps/place/?q=place_id:ChIJv4MdhRif4jARfuebyhUAYjM</value></Data>
      </ExtendedData>
      <Point><coordinates>100.5813125,13.7286875,0</coordinates></Point>
    </Placemark>
    <Placemark>
      <styleUrl>#cm0</styleUrl>
      <name>Lazebkk</name>
      <description>⭐ 4.9 (1,330 รีวิว) · Cafe · Phaya Thai · ฿฿
59 61 Thanon Sutthisan Winitchai, Khwaeng Samsen Nai, Khet Phaya Thai, Krung Thep Maha Nakhon 10400, Thailand
https://www.google.com/maps/place/?q=place_id:ChIJMSqHmMGd4jAR-hACgiuiQ0A
ข้อมูลจาก ChefMinistry — chefministry.com</description>
      <ExtendedData>
        <Data name="rating"><value>4.9</value></Data>
        <Data name="reviews"><value>1330</value></Data>
        <Data name="cuisine"><value>Cafe</value></Data>
        <Data name="area"><value>Phaya Thai</value></Data>
        <Data name="google_maps"><value>https://www.google.com/maps/place/?q=place_id:ChIJMSqHmMGd4jAR-hACgiuiQ0A</value></Data>
      </ExtendedData>
      <Point><coordinates>100.550535,13.7891563,0</coordinates></Point>
    </Placemark>
    <Placemark>
      <styleUrl>#cm0</styleUrl>
      <name>bartels sathorn sourdough sandwiches coffee juicery สาทร sathorn</name>
      <description>⭐ 4.6 (1,622 รีวิว) · Cafe · Sathorn · ฿฿
167, 4-6 Soi Sathon 3, Khwaeng Thung Maha Mek, Khet Sathon, Krung Thep Maha Nakhon 10120, Thailand
https://www.google.com/maps/place/?q=place_id:ChIJ8XTMPAKf4jARRYdW8leszPU
ข้อมูลจาก ChefMinistry — chefministry.com</description>
      <ExtendedData>
        <Data name="rating"><value>4.6</value></Data>
        <Data name="reviews"><value>1622</value></Data>
        <Data name="cuisine"><value>Cafe</value></Data>
        <Data name="area"><value>Sathorn</value></Data>
        <Data name="google_maps"><value>https://www.google.com/maps/place/?q=place_id:ChIJ8XTMPAKf4jARRYdW8leszPU</value></Data>
      </ExtendedData>
      <Point><coordinates>100.5379742,13.7203042,0</coordinates></Point>
    </Placemark>
    <Placemark>
      <styleUrl>#cm0</styleUrl>
      <name>Sunset Coffee Roaster - Charoenkrung Sunset เจริญกรุง</name>
      <description>⭐ 4.8 (1,407 รีวิว) · Cafe · สัมพันธวงศ์ · ฿
741 ถ. เจริญกรุง Khwaeng Talat Noi, Khet Samphanthawong, Krung Thep Maha Nakhon 10100, Thailand
https://www.google.com/maps/place/?q=place_id:ChIJe9Lg_cSZ4jARXoPQLhnKMO4
ข้อมูลจาก ChefMinistry — chefministry.com</description>
      <ExtendedData>
        <Data name="rating"><value>4.8</value></Data>
        <Data name="reviews"><value>1407</value></Data>
        <Data name="cuisine"><value>Cafe</value></Data>
        <Data name="area"><value>สัมพันธวงศ์</value></Data>
        <Data name="google_maps"><value>https://www.google.com/maps/place/?q=place_id:ChIJe9Lg_cSZ4jARXoPQLhnKMO4</value></Data>
      </ExtendedData>
      <Point><coordinates>100.5136797,13.7361226,0</coordinates></Point>
    </Placemark>
    <Placemark>
      <styleUrl>#cm0</styleUrl>
      <name>Beans Coffee Roaster Emsphere</name>
      <description>⭐ 4.9 (1,243 รีวิว) · Cafe · Khlong Toei · ฿
Emsphere, G floor, Sukhumvit Rd, Khwaeng Khlong Tan, Khet Khlong Toei, Krung Thep Maha Nakhon 10110, Thailand
https://www.google.com/maps/place/?q=place_id:ChIJMR3GkkSf4jARO7BMe_8-X5Q
ข้อมูลจาก ChefMinistry — chefministry.com</description>
      <ExtendedData>
        <Data name="rating"><value>4.9</value></Data>
        <Data name="reviews"><value>1243</value></Data>
        <Data name="cuisine"><value>Cafe</value></Data>
        <Data name="area"><value>Khlong Toei</value></Data>
        <Data name="google_maps"><value>https://www.google.com/maps/place/?q=place_id:ChIJMR3GkkSf4jARO7BMe_8-X5Q</value></Data>
      </ExtendedData>
      <Point><coordinates>100.566257,13.732032,0</coordinates></Point>
    </Placemark>
    <Placemark>
      <styleUrl>#cm0</styleUrl>
      <name>Ron Ron Slow Bar</name>
      <description>⭐ 4.9 (1,222 รีวิว) · Cafe · Bang Kho Laem · ฿฿
2074, 11 Soi Charoen Krung 72/2, Khwaeng Wat Phraya Krai, Khet Bang Kho Laem, Krung Thep Maha Nakhon 10120, Thailand
https://www.google.com/maps/place/?q=place_id:ChIJMflhdJmf4jAR2AaBJgzYTxs
ข้อมูลจาก ChefMinistry — chefministry.com</description>
      <ExtendedData>
        <Data name="rating"><value>4.9</value></Data>
        <Data name="reviews"><value>1222</value></Data>
        <Data name="cuisine"><value>Cafe</value></Data>
        <Data name="area"><value>Bang Kho Laem</value></Data>
        <Data name="google_maps"><value>https://www.google.com/maps/place/?q=place_id:ChIJMflhdJmf4jAR2AaBJgzYTxs</value></Data>
      </ExtendedData>
      <Point><coordinates>100.50743209999999,13.706796299999999,0</coordinates></Point>
    </Placemark>
    <Placemark>
      <styleUrl>#cm0</styleUrl>
      <name>มาเธอร์ โรสเตอร์</name>
      <description>⭐ 4.4 (1,742 รีวิว) · Cafe · Yaowarat · ฿
1172 Soi Chareonkrung 22, Khwaeng Talat Noi, Khet Samphanthawong, Krung Thep Maha Nakhon 10100, Thailand
https://www.google.com/maps/place/?q=place_id:ChIJ1bQYQayZ4jARpphLAIGHblQ
ข้อมูลจาก ChefMinistry — chefministry.com</description>
      <ExtendedData>
        <Data name="rating"><value>4.4</value></Data>
        <Data name="reviews"><value>1742</value></Data>
        <Data name="cuisine"><value>Cafe</value></Data>
        <Data name="area"><value>Yaowarat</value></Data>
        <Data name="google_maps"><value>https://www.google.com/maps/place/?q=place_id:ChIJ1bQYQayZ4jARpphLAIGHblQ</value></Data>
      </ExtendedData>
      <Point><coordinates>100.5123218,13.7329909,0</coordinates></Point>
    </Placemark>
    <Placemark>
      <styleUrl>#cm0</styleUrl>
      <name>Davin Cafe</name>
      <description>⭐ 4.6 (1,464 รีวิว) · Matcha Cafe · Bueng Kum · ฿฿
108 Thanon Khlong Lamchiak, Khwaeng Nawamin, Khet Bueng Kum, Krung Thep Maha Nakhon 10230, Thailand
https://www.google.com/maps/place/?q=place_id:ChIJXXoeHGZjHTER_kL6pnyA2M8
ข้อมูลจาก ChefMinistry — chefministry.com</description>
      <ExtendedData>
        <Data name="rating"><value>4.6</value></Data>
        <Data name="reviews"><value>1464</value></Data>
        <Data name="cuisine"><value>Matcha Cafe</value></Data>
        <Data name="area"><value>Bueng Kum</value></Data>
        <Data name="google_maps"><value>https://www.google.com/maps/place/?q=place_id:ChIJXXoeHGZjHTER_kL6pnyA2M8</value></Data>
      </ExtendedData>
      <Point><coordinates>100.62726649999999,13.821856799999999,0</coordinates></Point>
    </Placemark>
    <Placemark>
      <styleUrl>#cm0</styleUrl>
      <name>Artis Coffee Bangkok</name>
      <description>⭐ 4.4 (1,645 รีวิว) · Cafe · Khlong Toei · ฿฿
390, 20 Soi Sukhumvit 18, Khwaeng Khlong Toei, Khet Khlong Toei, Krung Thep Maha Nakhon 10110, Thailand
https://www.google.com/maps/place/?q=place_id:ChIJj-lzz-Ke4jAREFnwwEkAIB8
ข้อมูลจาก ChefMinistry — chefministry.com</description>
      <ExtendedData>
        <Data name="rating"><value>4.4</value></Data>
        <Data name="reviews"><value>1645</value></Data>
        <Data name="cuisine"><value>Cafe</value></Data>
        <Data name="area"><value>Khlong Toei</value></Data>
        <Data name="google_maps"><value>https://www.google.com/maps/place/?q=place_id:ChIJj-lzz-Ke4jAREFnwwEkAIB8</value></Data>
      </ExtendedData>
      <Point><coordinates>100.56270239999999,13.7351277,0</coordinates></Point>
    </Placemark>
    <Placemark>
      <styleUrl>#cm0</styleUrl>
      <name>เดลี เทียรี</name>
      <description>⭐ 4.9 (1,060 รีวิว) · Matcha Cafe · Khlong San · ฿฿
349 Charoen Nakhon Rd, Khwaeng Bang Lamphu Lang, Khet Khlong San, Krung Thep Maha Nakhon 10600, Thailand
https://www.google.com/maps/place/?q=place_id:ChIJ-z9QfeeZ4jARBEeOqpyZc94
ข้อมูลจาก ChefMinistry — chefministry.com</description>
      <ExtendedData>
        <Data name="rating"><value>4.9</value></Data>
        <Data name="reviews"><value>1060</value></Data>
        <Data name="cuisine"><value>Matcha Cafe</value></Data>
        <Data name="area"><value>Khlong San</value></Data>
        <Data name="google_maps"><value>https://www.google.com/maps/place/?q=place_id:ChIJ-z9QfeeZ4jARBEeOqpyZc94</value></Data>
      </ExtendedData>
      <Point><coordinates>100.4936275,13.7147534,0</coordinates></Point>
    </Placemark>
    <Placemark>
      <styleUrl>#cm0</styleUrl>
      <name>GATTA CAfe (Park Silom) - Specialty Coffee</name>
      <description>⭐ 4.9 (954 รีวิว) · Cafe · บางรัก · ฿
ชั้น L ปาร์ค, Si Lom Rd, Si Lom, Khet Bang Rak, Krung Thep Maha Nakhon 10500, Thailand
https://www.google.com/maps/place/?q=place_id:ChIJ54yK4R2f4jARqeeHInvT16Y
ข้อมูลจาก ChefMinistry — chefministry.com</description>
      <ExtendedData>
        <Data name="rating"><value>4.9</value></Data>
        <Data name="reviews"><value>954</value></Data>
        <Data name="cuisine"><value>Cafe</value></Data>
        <Data name="area"><value>บางรัก</value></Data>
        <Data name="google_maps"><value>https://www.google.com/maps/place/?q=place_id:ChIJ54yK4R2f4jARqeeHInvT16Y</value></Data>
      </ExtendedData>
      <Point><coordinates>100.5335331,13.7278606,0</coordinates></Point>
    </Placemark>
    <Placemark>
      <styleUrl>#cm0</styleUrl>
      <name>GOOD CHĀ MATCHA - Slowcombo</name>
      <description>⭐ 5.0 (886 รีวิว) · Matcha Cafe · ปทุมวัน · ฿
126 ซ. จุฬาลงกรณ์ 50 Khwaeng Wang Mai, Pathum Wan, Krung Thep Maha Nakhon 10330, Thailand
https://www.google.com/maps/place/?q=place_id:ChIJqQlZM3hhHTERD8YKGGv3_-s
ข้อมูลจาก ChefMinistry — chefministry.com</description>
      <ExtendedData>
        <Data name="rating"><value>5.0</value></Data>
        <Data name="reviews"><value>886</value></Data>
        <Data name="cuisine"><value>Matcha Cafe</value></Data>
        <Data name="area"><value>ปทุมวัน</value></Data>
        <Data name="google_maps"><value>https://www.google.com/maps/place/?q=place_id:ChIJqQlZM3hhHTERD8YKGGv3_-s</value></Data>
      </ExtendedData>
      <Point><coordinates>100.5270291,13.7343835,0</coordinates></Point>
    </Placemark>
    <Placemark>
      <styleUrl>#cm0</styleUrl>
      <name>Koyo Tearoom - 紅葉 (Japanese tea &amp; Matcha cafe)</name>
      <description>⭐ 4.9 (928 รีวิว) · Cafe · Thawi Watthana · ฿
689 Thanon Phutta Monthon Sai 3, Khwaeng Sala Thammasop, Khet Thawi Watthana, Krung Thep Maha Nakhon 10170, Thailand
https://www.google.com/maps/place/?q=place_id:ChIJ-bIqPQCX4jARpzXCf6LGtqA
ข้อมูลจาก ChefMinistry — chefministry.com</description>
      <ExtendedData>
        <Data name="rating"><value>4.9</value></Data>
        <Data name="reviews"><value>928</value></Data>
        <Data name="cuisine"><value>Cafe</value></Data>
        <Data name="area"><value>Thawi Watthana</value></Data>
        <Data name="google_maps"><value>https://www.google.com/maps/place/?q=place_id:ChIJ-bIqPQCX4jARpzXCf6LGtqA</value></Data>
      </ExtendedData>
      <Point><coordinates>100.36348900000002,13.7792648,0</coordinates></Point>
    </Placemark>
    <Placemark>
      <styleUrl>#cm0</styleUrl>
      <name>MoR​ Ministry of Roasters : Sukhumvit​ 101/1​ กระทรวงการ​คั่ว​ ​สุขุมวิท​ 101/1</name>
      <description>⭐ 4.6 (1,071 รีวิว) · Cafe · พระโขนง · ฿฿
1 ถนน สุขุมวิท 101/1 Khwaeng Bang Chak, Khet Phra Khanong, Krung Thep Maha Nakhon 10260, Thailand
https://www.google.com/maps/place/?q=place_id:ChIJ8R-cwqSh4jAR9ErHwpybONA
ข้อมูลจาก ChefMinistry — chefministry.com</description>
      <ExtendedData>
        <Data name="rating"><value>4.6</value></Data>
        <Data name="reviews"><value>1071</value></Data>
        <Data name="cuisine"><value>Cafe</value></Data>
        <Data name="area"><value>พระโขนง</value></Data>
        <Data name="google_maps"><value>https://www.google.com/maps/place/?q=place_id:ChIJ8R-cwqSh4jAR9ErHwpybONA</value></Data>
      </ExtendedData>
      <Point><coordinates>100.6173131,13.6845211,0</coordinates></Point>
    </Placemark>
    <Placemark>
      <styleUrl>#cm0</styleUrl>
      <name>CHATA</name>
      <description>⭐ 4.5 (1,111 รีวิว) · Cafe · Yaowarat · ฿฿
98 Yaowarat Rd, Khwaeng Samphanthawong, Khet Samphanthawong, Krung Thep Maha Nakhon 10100, Thailand
https://www.google.com/maps/place/?q=place_id:ChIJfSGaGiGZ4jARl6xb0Ghk7pQ
ข้อมูลจาก ChefMinistry — chefministry.com</description>
      <ExtendedData>
        <Data name="rating"><value>4.5</value></Data>
        <Data name="reviews"><value>1111</value></Data>
        <Data name="cuisine"><value>Cafe</value></Data>
        <Data name="area"><value>Yaowarat</value></Data>
        <Data name="google_maps"><value>https://www.google.com/maps/place/?q=place_id:ChIJfSGaGiGZ4jARl6xb0Ghk7pQ</value></Data>
      </ExtendedData>
      <Point><coordinates>100.51072649999999,13.7391461,0</coordinates></Point>
    </Placemark>
    <Placemark>
      <styleUrl>#cm0</styleUrl>
      <name>โอ๊คแลนด์ คาเฟ่ เอ็กซ์ เรสเทอรองค์</name>
      <description>⭐ 4.7 (936 รีวิว) · Cafe · Thonglor · ฿฿
132 ถ. ราชมนตรี Khwaeng Khlong Khwang, Khet Phasi Charoen, Krung Thep Maha Nakhon 10160, Thailand
https://www.google.com/maps/place/?q=place_id:ChIJjcHAGWOX4jAR-G1PBJHfw0s
ข้อมูลจาก ChefMinistry — chefministry.com</description>
      <ExtendedData>
        <Data name="rating"><value>4.7</value></Data>
        <Data name="reviews"><value>936</value></Data>
        <Data name="cuisine"><value>Cafe</value></Data>
        <Data name="area"><value>Thonglor</value></Data>
        <Data name="google_maps"><value>https://www.google.com/maps/place/?q=place_id:ChIJjcHAGWOX4jAR-G1PBJHfw0s</value></Data>
      </ExtendedData>
      <Point><coordinates>100.4210198,13.7328099,0</coordinates></Point>
    </Placemark>
    <Placemark>
      <styleUrl>#cm0</styleUrl>
      <name>mini ミニ oriental speedbar (Ari soi 1)</name>
      <description>⭐ 4.8 (861 รีวิว) · Matcha Cafe · Phaya Thai · ฿
5, 3 Soi Ari 1, Khwaeng Samsen Nai, Khet Phaya Thai, Krung Thep Maha Nakhon 10400, Thailand
https://www.google.com/maps/place/?q=place_id:ChIJ65zcQTWd4jARWThHFKlMnW8
ข้อมูลจาก ChefMinistry — chefministry.com</description>
      <ExtendedData>
        <Data name="rating"><value>4.8</value></Data>
        <Data name="reviews"><value>861</value></Data>
        <Data name="cuisine"><value>Matcha Cafe</value></Data>
        <Data name="area"><value>Phaya Thai</value></Data>
        <Data name="google_maps"><value>https://www.google.com/maps/place/?q=place_id:ChIJ65zcQTWd4jARWThHFKlMnW8</value></Data>
      </ExtendedData>
      <Point><coordinates>100.5444692,13.7807658,0</coordinates></Point>
    </Placemark>
    <Placemark>
      <styleUrl>#cm0</styleUrl>
      <name>RISE COFFEE - One Bangkok</name>
      <description>⭐ 4.9 (772 รีวิว) · Cafe · ปทุมวัน · ฿
ชั้น บี1, The Storeys One Bangkok, Thanon Witthayu, Khwaeng Lumphini, Pathum Wan, Krung Thep Maha Nakhon 10330, Thailand
https://www.google.com/maps/place/?q=place_id:ChIJ931sDQCf4jARTtgGPfel9-8
ข้อมูลจาก ChefMinistry — chefministry.com</description>
      <ExtendedData>
        <Data name="rating"><value>4.9</value></Data>
        <Data name="reviews"><value>772</value></Data>
        <Data name="cuisine"><value>Cafe</value></Data>
        <Data name="area"><value>ปทุมวัน</value></Data>
        <Data name="google_maps"><value>https://www.google.com/maps/place/?q=place_id:ChIJ931sDQCf4jARTtgGPfel9-8</value></Data>
      </ExtendedData>
      <Point><coordinates>100.5456764,13.7267558,0</coordinates></Point>
    </Placemark>
    <Placemark>
      <styleUrl>#cm0</styleUrl>
      <name>แกลลอรี่ กาแฟดริป</name>
      <description>⭐ 4.6 (950 รีวิว) · Cafe · ปทุมวัน · ฿
อาคารหอศิลปวัฒนธรรมแห่งกรุงเทพมหานคร(BACC) 939 Rama I Rd, Khwaeng Wang Mai, Pathum Wan, Krung Thep Maha Nakhon 10330, Thailand
https://www.google.com/maps/place/?q=place_id:ChIJ6e7hT82e4jAR4HgD4RW37Tk
ข้อมูลจาก ChefMinistry — chefministry.com</description>
      <ExtendedData>
        <Data name="rating"><value>4.6</value></Data>
        <Data name="reviews"><value>950</value></Data>
        <Data name="cuisine"><value>Cafe</value></Data>
        <Data name="area"><value>ปทุมวัน</value></Data>
        <Data name="google_maps"><value>https://www.google.com/maps/place/?q=place_id:ChIJ6e7hT82e4jAR4HgD4RW37Tk</value></Data>
      </ExtendedData>
      <Point><coordinates>100.5304323,13.7466938,0</coordinates></Point>
    </Placemark>
    <Placemark>
      <styleUrl>#cm0</styleUrl>
      <name>san rafael cafe ซาน ราฟาเอล</name>
      <description>⭐ 4.4 (1,098 รีวิว) · Cafe · Bang Khae · ฿฿
552 9 Bang Waek Rd, Khwaeng Bang Phai, Khet Bang Khae, Krung Thep Maha Nakhon 10160, Thailand
https://www.google.com/maps/place/?q=place_id:ChIJtag7oziX4jARYz-p-sz8uIM
ข้อมูลจาก ChefMinistry — chefministry.com</description>
      <ExtendedData>
        <Data name="rating"><value>4.4</value></Data>
        <Data name="reviews"><value>1098</value></Data>
        <Data name="cuisine"><value>Cafe</value></Data>
        <Data name="area"><value>Bang Khae</value></Data>
        <Data name="google_maps"><value>https://www.google.com/maps/place/?q=place_id:ChIJtag7oziX4jARYz-p-sz8uIM</value></Data>
      </ExtendedData>
      <Point><coordinates>100.35708460000001,13.747168199999999,0</coordinates></Point>
    </Placemark>
    <Placemark>
      <styleUrl>#cm0</styleUrl>
      <name>MONOCHROME</name>
      <description>⭐ 4.9 (760 รีวิว) · Cafe · Bang Rak · ฿
8 Decho Rd, Khwaeng Suriya Wong, Khet Bang Rak, Krung Thep Maha Nakhon 10500, Thailand
https://www.google.com/maps/place/?q=place_id:ChIJCSnbI6aZ4jARAt7M0fKhhJA
ข้อมูลจาก ChefMinistry — chefministry.com</description>
      <ExtendedData>
        <Data name="rating"><value>4.9</value></Data>
        <Data name="reviews"><value>760</value></Data>
        <Data name="cuisine"><value>Cafe</value></Data>
        <Data name="area"><value>Bang Rak</value></Data>
        <Data name="google_maps"><value>https://www.google.com/maps/place/?q=place_id:ChIJCSnbI6aZ4jARAt7M0fKhhJA</value></Data>
      </ExtendedData>
      <Point><coordinates>100.5252189,13.7261109,0</coordinates></Point>
    </Placemark>
    <Placemark>
      <styleUrl>#cm0</styleUrl>
      <name>MTCH - Ari</name>
      <description>⭐ 4.7 (837 รีวิว) · Matcha Cafe · Phaya Thai · ฿
65 Soi Phahon Yothin 5, Phaya Thai, Khet Phaya Thai, Krung Thep Maha Nakhon 10400, Thailand
https://www.google.com/maps/place/?q=place_id:ChIJaabuSnuf4jAR4Xkt2Zc4byE
ข้อมูลจาก ChefMinistry — chefministry.com</description>
      <ExtendedData>
        <Data name="rating"><value>4.7</value></Data>
        <Data name="reviews"><value>837</value></Data>
        <Data name="cuisine"><value>Matcha Cafe</value></Data>
        <Data name="area"><value>Phaya Thai</value></Data>
        <Data name="google_maps"><value>https://www.google.com/maps/place/?q=place_id:ChIJaabuSnuf4jAR4Xkt2Zc4byE</value></Data>
      </ExtendedData>
      <Point><coordinates>100.5425731,13.7769662,0</coordinates></Point>
    </Placemark>
    <Placemark>
      <styleUrl>#cm0</styleUrl>
      <name>Kaizen Coffee Ekamai</name>
      <description>⭐ 4.5 (966 รีวิว) · Cafe · Watthana · ฿฿
888 6-7 Thanon Ekkamai, Khwaeng Khlong Tan Nuea, Watthana, Krung Thep Maha Nakhon 10110, Thailand
https://www.google.com/maps/place/?q=place_id:ChIJgQ0MLEye4jARHJXN1f_K5a0
ข้อมูลจาก ChefMinistry — chefministry.com</description>
      <ExtendedData>
        <Data name="rating"><value>4.5</value></Data>
        <Data name="reviews"><value>966</value></Data>
        <Data name="cuisine"><value>Cafe</value></Data>
        <Data name="area"><value>Watthana</value></Data>
        <Data name="google_maps"><value>https://www.google.com/maps/place/?q=place_id:ChIJgQ0MLEye4jARHJXN1f_K5a0</value></Data>
      </ExtendedData>
      <Point><coordinates>100.5895796,13.739684299999999,0</coordinates></Point>
    </Placemark>
    <Placemark>
      <styleUrl>#cm0</styleUrl>
      <name>Botanist activity space and more</name>
      <description>⭐ 4.6 (847 รีวิว) · Matcha Cafe · บางชัน · ฿
501 Soi Sam Wa, Khwaeng Bang Chan, บางชัน Krung Thep Maha Nakhon 10510, Thailand
https://www.google.com/maps/place/?q=place_id:ChIJ83abKfJlHTERSGmSAAovq7s
ข้อมูลจาก ChefMinistry — chefministry.com</description>
      <ExtendedData>
        <Data name="rating"><value>4.6</value></Data>
        <Data name="reviews"><value>847</value></Data>
        <Data name="cuisine"><value>Matcha Cafe</value></Data>
        <Data name="area"><value>บางชัน</value></Data>
        <Data name="google_maps"><value>https://www.google.com/maps/place/?q=place_id:ChIJ83abKfJlHTERSGmSAAovq7s</value></Data>
      </ExtendedData>
      <Point><coordinates>100.72468119999999,13.8479818,0</coordinates></Point>
    </Placemark>
    <Placemark>
      <styleUrl>#cm0</styleUrl>
      <name>TRUST Cafe and Studio</name>
      <description>⭐ 4.5 (899 รีวิว) · Cafe · Phaya Thai · ฿
23 1 Soi King Chamnan Aksorn, Phaya Thai, Khet Phaya Thai, Krung Thep Maha Nakhon 10400, Thailand
https://www.google.com/maps/place/?q=place_id:ChIJw3m1NVyd4jAR8N2Ol4lmT-4
ข้อมูลจาก ChefMinistry — chefministry.com</description>
      <ExtendedData>
        <Data name="rating"><value>4.5</value></Data>
        <Data name="reviews"><value>899</value></Data>
        <Data name="cuisine"><value>Cafe</value></Data>
        <Data name="area"><value>Phaya Thai</value></Data>
        <Data name="google_maps"><value>https://www.google.com/maps/place/?q=place_id:ChIJw3m1NVyd4jAR8N2Ol4lmT-4</value></Data>
      </ExtendedData>
      <Point><coordinates>100.54257410000001,13.7853473,0</coordinates></Point>
    </Placemark>
    <Placemark>
      <styleUrl>#cm0</styleUrl>
      <name>GATTA CAfe (Siam Square One) - Specialty Coffee</name>
      <description>⭐ 4.8 (719 รีวิว) · Cafe · Pathumwan · ฿
2nd Floor Siam Square One 388 Rama I Rd, Khwaeng Pathum Wan, Pathum Wan, Krung Thep Maha Nakhon 10330, Thailand
https://www.google.com/maps/place/?q=place_id:ChIJ7_4lHf-f4jAR_kytouoZBuA
ข้อมูลจาก ChefMinistry — chefministry.com</description>
      <ExtendedData>
        <Data name="rating"><value>4.8</value></Data>
        <Data name="reviews"><value>719</value></Data>
        <Data name="cuisine"><value>Cafe</value></Data>
        <Data name="area"><value>Pathumwan</value></Data>
        <Data name="google_maps"><value>https://www.google.com/maps/place/?q=place_id:ChIJ7_4lHf-f4jAR_kytouoZBuA</value></Data>
      </ExtendedData>
      <Point><coordinates>100.53407849999999,13.7446247,0</coordinates></Point>
    </Placemark>
    <Placemark>
      <styleUrl>#cm0</styleUrl>
      <name>The Matcha Club (เดอะมัทฉะคลับ) - Specialty Matcha</name>
      <description>⭐ 4.9 (629 รีวิว) · Matcha Cafe · บึงกุ่ม · ฿
432, 1 ซอย นวลจันทร์ 36/1 นวลจันทร์ Khet Bueng Kum, Krung Thep Maha Nakhon 10230, Thailand
https://www.google.com/maps/place/?q=place_id:ChIJxcXHUctjHTERjAAfy-XmFiA
ข้อมูลจาก ChefMinistry — chefministry.com</description>
      <ExtendedData>
        <Data name="rating"><value>4.9</value></Data>
        <Data name="reviews"><value>629</value></Data>
        <Data name="cuisine"><value>Matcha Cafe</value></Data>
        <Data name="area"><value>บึงกุ่ม</value></Data>
        <Data name="google_maps"><value>https://www.google.com/maps/place/?q=place_id:ChIJxcXHUctjHTERjAAfy-XmFiA</value></Data>
      </ExtendedData>
      <Point><coordinates>100.6415581,13.828122299999999,0</coordinates></Point>
    </Placemark>
    <Placemark>
      <styleUrl>#cm0</styleUrl>
      <name>Treasure specialty coffee</name>
      <description>⭐ 4.9 (619 รีวิว) · Cafe · Pathumwan · ฿
MINT TOWER Bantadthong Thanon Phetchaburi, Khwaeng Wang Mai, Pathum Wan, Krung Thep Maha Nakhon 10330, Thailand
https://www.google.com/maps/place/?q=place_id:ChIJ689bj8GZ4jARc6FVUTtV1sk
ข้อมูลจาก ChefMinistry — chefministry.com</description>
      <ExtendedData>
        <Data name="rating"><value>4.9</value></Data>
        <Data name="reviews"><value>619</value></Data>
        <Data name="cuisine"><value>Cafe</value></Data>
        <Data name="area"><value>Pathumwan</value></Data>
        <Data name="google_maps"><value>https://www.google.com/maps/place/?q=place_id:ChIJ689bj8GZ4jARc6FVUTtV1sk</value></Data>
      </ExtendedData>
      <Point><coordinates>100.5235735,13.745025499999999,0</coordinates></Point>
    </Placemark>
    <Placemark>
      <styleUrl>#cm0</styleUrl>
      <name>CLEAR. Matcha bar @Ramkhamhaeng 2</name>
      <description>⭐ 4.9 (613 รีวิว) · Matcha Cafe · Bangna · ฿
โครงการ Primary House บางนา-ตราด51 Krung Thep Maha Nakhon, Amphoe Bang Phli, Chang Wat Samut Prakan 10250, Thailand
https://www.google.com/maps/place/?q=place_id:ChIJORZtsdlfHTERrjzNEn7tK2s
ข้อมูลจาก ChefMinistry — chefministry.com</description>
      <ExtendedData>
        <Data name="rating"><value>4.9</value></Data>
        <Data name="reviews"><value>613</value></Data>
        <Data name="cuisine"><value>Matcha Cafe</value></Data>
        <Data name="area"><value>Bangna</value></Data>
        <Data name="google_maps"><value>https://www.google.com/maps/place/?q=place_id:ChIJORZtsdlfHTERrjzNEn7tK2s</value></Data>
      </ExtendedData>
      <Point><coordinates>100.6778915,13.657054200000001,0</coordinates></Point>
    </Placemark>
    <Placemark>
      <styleUrl>#cm0</styleUrl>
      <name>บ้านออพอ (Baan Orpor) Matcha House เข้าทางราชพฤกษ์ซอย 9 เท่านั้น</name>
      <description>⭐ 4.8 (648 รีวิว) · Matcha Cafe · ตลิ่งชัน · ฿฿
25 16 หมู่บ้านอิ่มอัมพร 2 ซ. Khwaeng Bang Chueak Nang, Khet Taling Chan, Krung Thep Maha Nakhon 10170, Thailand
https://www.google.com/maps/place/?q=place_id:ChIJF3DIeyeZ4jARmgQTEcHVphA
ข้อมูลจาก ChefMinistry — chefministry.com</description>
      <ExtendedData>
        <Data name="rating"><value>4.8</value></Data>
        <Data name="reviews"><value>648</value></Data>
        <Data name="cuisine"><value>Matcha Cafe</value></Data>
        <Data name="area"><value>ตลิ่งชัน</value></Data>
        <Data name="google_maps"><value>https://www.google.com/maps/place/?q=place_id:ChIJF3DIeyeZ4jARmgQTEcHVphA</value></Data>
      </ExtendedData>
      <Point><coordinates>100.44666900000001,13.7446539,0</coordinates></Point>
    </Placemark>
    <Placemark>
      <styleUrl>#cm0</styleUrl>
      <name>Ekkamai Macchiato</name>
      <description>⭐ 4.4 (846 รีวิว) · Cafe · สวนหลวง · ฿฿
296 On Nut 35, แขวง อ่อนนุช, Khet Suan Luang, Krung Thep Maha Nakhon 10250, Thailand
https://www.google.com/maps/place/?q=place_id:ChIJ_eZNlLKf4jARum7JpDAQ4Vo
ข้อมูลจาก ChefMinistry — chefministry.com</description>
      <ExtendedData>
        <Data name="rating"><value>4.4</value></Data>
        <Data name="reviews"><value>846</value></Data>
        <Data name="cuisine"><value>Cafe</value></Data>
        <Data name="area"><value>สวนหลวง</value></Data>
        <Data name="google_maps"><value>https://www.google.com/maps/place/?q=place_id:ChIJ_eZNlLKf4jARum7JpDAQ4Vo</value></Data>
      </ExtendedData>
      <Point><coordinates>100.63350059999999,13.7130453,0</coordinates></Point>
    </Placemark>
    <Placemark>
      <styleUrl>#cm0</styleUrl>
      <name>ตามใจคาเฟ่</name>
      <description>⭐ 4.5 (781 รีวิว) · Matcha Cafe · Huai Khwang · ฿฿
73 Soi Suwan Mani 23, Khwaeng Samsen Nok, Khet Huai Khwang, Krung Thep Maha Nakhon 10310, Thailand
https://www.google.com/maps/place/?q=place_id:ChIJIVw3FmWf4jARZqeVfHY8G1M
ข้อมูลจาก ChefMinistry — chefministry.com</description>
      <ExtendedData>
        <Data name="rating"><value>4.5</value></Data>
        <Data name="reviews"><value>781</value></Data>
        <Data name="cuisine"><value>Matcha Cafe</value></Data>
        <Data name="area"><value>Huai Khwang</value></Data>
        <Data name="google_maps"><value>https://www.google.com/maps/place/?q=place_id:ChIJIVw3FmWf4jARZqeVfHY8G1M</value></Data>
      </ExtendedData>
      <Point><coordinates>100.58975369999999,13.7734051,0</coordinates></Point>
    </Placemark>
    <Placemark>
      <styleUrl>#cm0</styleUrl>
      <name>mini ミニ oriental speedbar (The PARQ, 1st floor, Rama4)</name>
      <description>⭐ 4.9 (585 รีวิว) · Matcha Cafe · Khlong Toei · ฿
88 Thanon Ratchadaphisek, Khwaeng Khlong Toei, Khet Khlong Toei, Krung Thep Maha Nakhon 10110, Thailand
https://www.google.com/maps/place/?q=place_id:ChIJlZ5aoPqf4jARbySH2PvelsU
ข้อมูลจาก ChefMinistry — chefministry.com</description>
      <ExtendedData>
        <Data name="rating"><value>4.9</value></Data>
        <Data name="reviews"><value>585</value></Data>
        <Data name="cuisine"><value>Matcha Cafe</value></Data>
        <Data name="area"><value>Khlong Toei</value></Data>
        <Data name="google_maps"><value>https://www.google.com/maps/place/?q=place_id:ChIJlZ5aoPqf4jARbySH2PvelsU</value></Data>
      </ExtendedData>
      <Point><coordinates>100.5583482,13.721133199999999,0</coordinates></Point>
    </Placemark>
    <Placemark>
      <styleUrl>#cm0</styleUrl>
      <name>Eggtisan by commonroom x ari</name>
      <description>⭐ 4.6 (720 รีวิว) · Cafe · Phaya Thai · ฿฿
33 Rajchakru Ave, room 106, ซ. พหลโยธิน 5 แขวงพญาไท เขตพญาไท กรุงเทพมหานคร 10400, Thailand
https://www.google.com/maps/place/?q=place_id:ChIJ_____xuc4jAR9BcrMbnpRag
ข้อมูลจาก ChefMinistry — chefministry.com</description>
      <ExtendedData>
        <Data name="rating"><value>4.6</value></Data>
        <Data name="reviews"><value>720</value></Data>
        <Data name="cuisine"><value>Cafe</value></Data>
        <Data name="area"><value>Phaya Thai</value></Data>
        <Data name="google_maps"><value>https://www.google.com/maps/place/?q=place_id:ChIJ_____xuc4jAR9BcrMbnpRag</value></Data>
      </ExtendedData>
      <Point><coordinates>100.5430727,13.7771475,0</coordinates></Point>
    </Placemark>
    <Placemark>
      <styleUrl>#cm0</styleUrl>
      <name>โรลลิ่ง โรสเตอร์ เอกมัย</name>
      <description>⭐ 4.5 (766 รีวิว) · Cafe · Watthana · ฿
The earth Ekkamai, Khwaeng Khlong Tan Nuea, Watthana, Krung Thep Maha Nakhon 10110, Thailand
https://www.google.com/maps/place/?q=place_id:ChIJmzWD0BGf4jARDkFH4jtko5Q
ข้อมูลจาก ChefMinistry — chefministry.com</description>
      <ExtendedData>
        <Data name="rating"><value>4.5</value></Data>
        <Data name="reviews"><value>766</value></Data>
        <Data name="cuisine"><value>Cafe</value></Data>
        <Data name="area"><value>Watthana</value></Data>
        <Data name="google_maps"><value>https://www.google.com/maps/place/?q=place_id:ChIJmzWD0BGf4jARDkFH4jtko5Q</value></Data>
      </ExtendedData>
      <Point><coordinates>100.5843164,13.721576599999999,0</coordinates></Point>
    </Placemark>
    <Placemark>
      <styleUrl>#cm0</styleUrl>
      <name>Ceresia Coffee Roasters</name>
      <description>⭐ 4.5 (752 รีวิว) · Cafe · Watthana · ฿฿
15, 1 Soi Sukhumvit 41, Khwaeng Khlong Tan Nuea, Watthana, Krung Thep Maha Nakhon 10110, Thailand
https://www.google.com/maps/place/?q=place_id:ChIJv4zDUi6f4jAR766B6qCKqX8
ข้อมูลจาก ChefMinistry — chefministry.com</description>
      <ExtendedData>
        <Data name="rating"><value>4.5</value></Data>
        <Data name="reviews"><value>752</value></Data>
        <Data name="cuisine"><value>Cafe</value></Data>
        <Data name="area"><value>Watthana</value></Data>
        <Data name="google_maps"><value>https://www.google.com/maps/place/?q=place_id:ChIJv4zDUi6f4jAR766B6qCKqX8</value></Data>
      </ExtendedData>
      <Point><coordinates>100.5725123,13.7327579,0</coordinates></Point>
    </Placemark>
    <Placemark>
      <styleUrl>#cm0</styleUrl>
      <name>Sanji Matcha Bar - Sukhumvit 70/3</name>
      <description>⭐ 4.9 (529 รีวิว) · Matcha Cafe · Bangna · ฿
Soi Sukhumvit 70/3, Khwaeng Bang Na, Khet Bang Na, Krung Thep Maha Nakhon 10260, Thailand
https://www.google.com/maps/place/?q=place_id:ChIJdZm84VOh4jARj-tmYSmudb0
ข้อมูลจาก ChefMinistry — chefministry.com</description>
      <ExtendedData>
        <Data name="rating"><value>4.9</value></Data>
        <Data name="reviews"><value>529</value></Data>
        <Data name="cuisine"><value>Matcha Cafe</value></Data>
        <Data name="area"><value>Bangna</value></Data>
        <Data name="google_maps"><value>https://www.google.com/maps/place/?q=place_id:ChIJdZm84VOh4jARj-tmYSmudb0</value></Data>
      </ExtendedData>
      <Point><coordinates>100.6026531,13.665183899999999,0</coordinates></Point>
    </Placemark>
    <Placemark>
      <styleUrl>#cm0</styleUrl>
      <name>Kaarom Specialty Coffee - Chatuchak</name>
      <description>⭐ 4.7 (605 รีวิว) · Cafe · Chatuchak · ฿
8อาคาร มิกซ์ จตุจักร ชั้น 1 ห้องเลขที่ 1065, Kamphaeng Phet 3 Rd, Khwaeng Chatuchak, Khet Chatuchak, Krung Thep Maha Nakhon 10900, Thailand
https://www.google.com/maps/place/?q=place_id:ChIJN56GD5ed4jARt_mIl0OgE3c
ข้อมูลจาก ChefMinistry — chefministry.com</description>
      <ExtendedData>
        <Data name="rating"><value>4.7</value></Data>
        <Data name="reviews"><value>605</value></Data>
        <Data name="cuisine"><value>Cafe</value></Data>
        <Data name="area"><value>Chatuchak</value></Data>
        <Data name="google_maps"><value>https://www.google.com/maps/place/?q=place_id:ChIJN56GD5ed4jARt_mIl0OgE3c</value></Data>
      </ExtendedData>
      <Point><coordinates>100.5499232,13.800343699999999,0</coordinates></Point>
    </Placemark>
    <Placemark>
      <styleUrl>#cm0</styleUrl>
      <name>โคโคปัง</name>
      <description>⭐ 4.7 (600 รีวิว) · Matcha Cafe · วังใหม่ · ฿
923, A, Building, Block 28, Room, 118 Soi Chula 8, แขวงวังใหม่ Patumwan, กรุงเทพมหานคร 10330, Thailand
https://www.google.com/maps/place/?q=place_id:ChIJa1F1Pl6Z4jARor9ZWzqy-ig
ข้อมูลจาก ChefMinistry — chefministry.com</description>
      <ExtendedData>
        <Data name="rating"><value>4.7</value></Data>
        <Data name="reviews"><value>600</value></Data>
        <Data name="cuisine"><value>Matcha Cafe</value></Data>
        <Data name="area"><value>วังใหม่</value></Data>
        <Data name="google_maps"><value>https://www.google.com/maps/place/?q=place_id:ChIJa1F1Pl6Z4jARor9ZWzqy-ig</value></Data>
      </ExtendedData>
      <Point><coordinates>100.52350799999999,13.7358494,0</coordinates></Point>
    </Placemark>
    <Placemark>
      <styleUrl>#cm0</styleUrl>
      <name>Blackwood Cafe &amp; Studio</name>
      <description>⭐ 4.8 (546 รีวิว) · Cafe · สาทร · ฿฿
1839, 1841 ถ. เจริญกรุง Khwaeng Yan Nawa, Khet Sathon, Krung Thep Maha Nakhon 10120, Thailand
https://www.google.com/maps/place/?q=place_id:ChIJv7TtebqZ4jARY4KnT5z7dCY
ข้อมูลจาก ChefMinistry — chefministry.com</description>
      <ExtendedData>
        <Data name="rating"><value>4.8</value></Data>
        <Data name="reviews"><value>546</value></Data>
        <Data name="cuisine"><value>Cafe</value></Data>
        <Data name="area"><value>สาทร</value></Data>
        <Data name="google_maps"><value>https://www.google.com/maps/place/?q=place_id:ChIJv7TtebqZ4jARY4KnT5z7dCY</value></Data>
      </ExtendedData>
      <Point><coordinates>100.5118116,13.710675,0</coordinates></Point>
    </Placemark>
    <Placemark>
      <styleUrl>#cm0</styleUrl>
      <name>SINGLE LANE Specialty Coffee</name>
      <description>⭐ 4.8 (540 รีวิว) · Cafe · Watthana · ฿
26/9 Soi Sukhumvit 69, Khwaeng Phra Khanong Nuea, Watthana, Krung Thep Maha Nakhon 10110, Thailand
https://www.google.com/maps/place/?q=place_id:ChIJTUgg-syf4jARx7zIySDsXII
ข้อมูลจาก ChefMinistry — chefministry.com</description>
      <ExtendedData>
        <Data name="rating"><value>4.8</value></Data>
        <Data name="reviews"><value>540</value></Data>
        <Data name="cuisine"><value>Cafe</value></Data>
        <Data name="area"><value>Watthana</value></Data>
        <Data name="google_maps"><value>https://www.google.com/maps/place/?q=place_id:ChIJTUgg-syf4jARx7zIySDsXII</value></Data>
      </ExtendedData>
      <Point><coordinates>100.5925465,13.7156513,0</coordinates></Point>
    </Placemark>
    <Placemark>
      <styleUrl>#cm0</styleUrl>
      <name>รูทส์ แอท เดอะคอมมอนส์</name>
      <description>⭐ 4.5 (665 รีวิว) · Cafe · Watthana · ฿
theCOMMONS Market Floor 17 Soi Thong Lo, Khwaeng Khlong Tan Nuea, Watthana, Krung Thep Maha Nakhon 10110, Thailand
https://www.google.com/maps/place/?q=place_id:ChIJnRMrCE2e4jARPtUgrY9zXyI
ข้อมูลจาก ChefMinistry — chefministry.com</description>
      <ExtendedData>
        <Data name="rating"><value>4.5</value></Data>
        <Data name="reviews"><value>665</value></Data>
        <Data name="cuisine"><value>Cafe</value></Data>
        <Data name="area"><value>Watthana</value></Data>
        <Data name="google_maps"><value>https://www.google.com/maps/place/?q=place_id:ChIJnRMrCE2e4jARPtUgrY9zXyI</value></Data>
      </ExtendedData>
      <Point><coordinates>100.5822318,13.735134799999999,0</coordinates></Point>
    </Placemark>
    <Placemark>
      <styleUrl>#cm0</styleUrl>
      <name>Peace Oriental Teahouse (Velaa/Langsuan)</name>
      <description>⭐ 4.6 (605 รีวิว) · Cafe · Pathumwan · ฿
87 Lang Suan Rd, Khwaeng Lumphini, Pathum Wan, Krung Thep Maha Nakhon 10330, Thailand
https://www.google.com/maps/place/?q=place_id:ChIJq0lt-Def4jARxzGB7a2gwEs
ข้อมูลจาก ChefMinistry — chefministry.com</description>
      <ExtendedData>
        <Data name="rating"><value>4.6</value></Data>
        <Data name="reviews"><value>605</value></Data>
        <Data name="cuisine"><value>Cafe</value></Data>
        <Data name="area"><value>Pathumwan</value></Data>
        <Data name="google_maps"><value>https://www.google.com/maps/place/?q=place_id:ChIJq0lt-Def4jARxzGB7a2gwEs</value></Data>
      </ExtendedData>
      <Point><coordinates>100.54291909999999,13.737082099999999,0</coordinates></Point>
    </Placemark>
    <Placemark>
      <styleUrl>#cm0</styleUrl>
      <name>BEANS Coffee Roaster Thonglor</name>
      <description>⭐ 4.7 (537 รีวิว) · Cafe · Phra Khanong · ฿
386,388 แขวงพระโขนงเหนือ เขตพระโขนง Krung Thep Maha Nakhon 10110, Thailand
https://www.google.com/maps/place/?q=place_id:ChIJXRPFPHyf4jARqZ-osiSrras
ข้อมูลจาก ChefMinistry — chefministry.com</description>
      <ExtendedData>
        <Data name="rating"><value>4.7</value></Data>
        <Data name="reviews"><value>537</value></Data>
        <Data name="cuisine"><value>Cafe</value></Data>
        <Data name="area"><value>Phra Khanong</value></Data>
        <Data name="google_maps"><value>https://www.google.com/maps/place/?q=place_id:ChIJXRPFPHyf4jARqZ-osiSrras</value></Data>
      </ExtendedData>
      <Point><coordinates>100.5823669,13.7330711,0</coordinates></Point>
    </Placemark>
    <Placemark>
      <styleUrl>#cm0</styleUrl>
      <name>Mana Craft</name>
      <description>⭐ 4.9 (464 รีวิว) · Cafe · Yaowarat · ฿฿
1355 Thanon Khao Lam, Khwaeng Talat Noi, Khet Samphanthawong, Krung Thep Maha Nakhon 10100, Thailand
https://www.google.com/maps/place/?q=place_id:ChIJ48E8kaKZ4jARtEMdAibnOdE
ข้อมูลจาก ChefMinistry — chefministry.com</description>
      <ExtendedData>
        <Data name="rating"><value>4.9</value></Data>
        <Data name="reviews"><value>464</value></Data>
        <Data name="cuisine"><value>Cafe</value></Data>
        <Data name="area"><value>Yaowarat</value></Data>
        <Data name="google_maps"><value>https://www.google.com/maps/place/?q=place_id:ChIJ48E8kaKZ4jARtEMdAibnOdE</value></Data>
      </ExtendedData>
      <Point><coordinates>100.5142242,13.736613199999999,0</coordinates></Point>
    </Placemark>
    <Placemark>
      <styleUrl>#cm0</styleUrl>
      <name>พาคามาร่า คอฟฟี่ โรสเตอร์ ทองหล่อ 25</name>
      <description>⭐ 4.5 (605 รีวิว) · Cafe · Khlong Toei · ฿
66 25 Soi Thong Lo, คลองเตยเหนือ Krung Thep Maha Nakhon 10110, Thailand
https://www.google.com/maps/place/?q=place_id:ChIJHWGWeFGe4jARspjtHR4xgDs
ข้อมูลจาก ChefMinistry — chefministry.com</description>
      <ExtendedData>
        <Data name="rating"><value>4.5</value></Data>
        <Data name="reviews"><value>605</value></Data>
        <Data name="cuisine"><value>Cafe</value></Data>
        <Data name="area"><value>Khlong Toei</value></Data>
        <Data name="google_maps"><value>https://www.google.com/maps/place/?q=place_id:ChIJHWGWeFGe4jARspjtHR4xgDs</value></Data>
      </ExtendedData>
      <Point><coordinates>100.58301320000001,13.7399106,0</coordinates></Point>
    </Placemark>
    <Placemark>
      <styleUrl>#cm0</styleUrl>
      <name>some time blue cafe</name>
      <description>⭐ 4.6 (541 รีวิว) · Cafe · Phaya Thai · ฿฿
55/5 Soi Phahon Yothin 2, Khwaeng Samsen Nai, Khet Phaya Thai, Krung Thep Maha Nakhon 10400, Thailand
https://www.google.com/maps/place/?q=place_id:ChIJ7TQnsKCe4jAROVRrt6RPzc4
ข้อมูลจาก ChefMinistry — chefministry.com</description>
      <ExtendedData>
        <Data name="rating"><value>4.6</value></Data>
        <Data name="reviews"><value>541</value></Data>
        <Data name="cuisine"><value>Cafe</value></Data>
        <Data name="area"><value>Phaya Thai</value></Data>
        <Data name="google_maps"><value>https://www.google.com/maps/place/?q=place_id:ChIJ7TQnsKCe4jAROVRrt6RPzc4</value></Data>
      </ExtendedData>
      <Point><coordinates>100.5473272,13.779431899999999,0</coordinates></Point>
    </Placemark>
    <Placemark>
      <styleUrl>#cm0</styleUrl>
      <name>Soul’s Cafe Taladnoi</name>
      <description>⭐ 5.0 (409 รีวิว) · Cafe · Yaowarat · ฿
In front of So Heng Tai House 282 Soi Wanit 2, Khwaeng Talat Noi, Khet Samphanthawong, Krung Thep Maha Nakhon 10100, Thailand
https://www.google.com/maps/place/?q=place_id:ChIJmW48yKeZ4jART2J1vbuOHkg
ข้อมูลจาก ChefMinistry — chefministry.com</description>
      <ExtendedData>
        <Data name="rating"><value>5.0</value></Data>
        <Data name="reviews"><value>409</value></Data>
        <Data name="cuisine"><value>Cafe</value></Data>
        <Data name="area"><value>Yaowarat</value></Data>
        <Data name="google_maps"><value>https://www.google.com/maps/place/?q=place_id:ChIJmW48yKeZ4jART2J1vbuOHkg</value></Data>
      </ExtendedData>
      <Point><coordinates>100.512023,13.733595099999999,0</coordinates></Point>
    </Placemark>
    <Placemark>
      <styleUrl>#cm0</styleUrl>
      <name>The Summer Coffee - Talat Noi</name>
      <description>⭐ 4.8 (462 รีวิว) · Cafe · สัมพันธวงศ์ · ฿
ถ. เจริญกรุง Khwaeng Talat Noi, Khet Samphanthawong, Krung Thep Maha Nakhon 10100, Thailand
https://www.google.com/maps/place/?q=place_id:ChIJs77ujN6Z4jARRhSuQRX7U-o
ข้อมูลจาก ChefMinistry — chefministry.com</description>
      <ExtendedData>
        <Data name="rating"><value>4.8</value></Data>
        <Data name="reviews"><value>462</value></Data>
        <Data name="cuisine"><value>Cafe</value></Data>
        <Data name="area"><value>สัมพันธวงศ์</value></Data>
        <Data name="google_maps"><value>https://www.google.com/maps/place/?q=place_id:ChIJs77ujN6Z4jARRhSuQRX7U-o</value></Data>
      </ExtendedData>
      <Point><coordinates>100.5144624,13.7337885,0</coordinates></Point>
    </Placemark>
    <Placemark>
      <styleUrl>#cm0</styleUrl>
      <name>CÉRÉMONIALE Matcha Atelier</name>
      <description>⭐ 4.5 (570 รีวิว) · Matcha Cafe · Yaowarat · ฿
Song Wat Rd, Khwaeng Chakkrawat, Khet Samphanthawong, Krung Thep Maha Nakhon 10100, Thailand
https://www.google.com/maps/place/?q=place_id:ChIJiTqJqB2Z4jARTjPjw2mcVZ4
ข้อมูลจาก ChefMinistry — chefministry.com</description>
      <ExtendedData>
        <Data name="rating"><value>4.5</value></Data>
        <Data name="reviews"><value>570</value></Data>
        <Data name="cuisine"><value>Matcha Cafe</value></Data>
        <Data name="area"><value>Yaowarat</value></Data>
        <Data name="google_maps"><value>https://www.google.com/maps/place/?q=place_id:ChIJiTqJqB2Z4jARTjPjw2mcVZ4</value></Data>
      </ExtendedData>
      <Point><coordinates>100.50714099999999,13.738377999999999,0</coordinates></Point>
    </Placemark>
    <Placemark>
      <styleUrl>#cm0</styleUrl>
      <name>Peace 和 Oriental Teahouse (Gaysorn Amarin)</name>
      <description>⭐ 4.7 (488 รีวิว) · Cafe · Pathumwan · ฿
496 502, 10330 ถนน เพลินจิต แขวงลุมพินี เขตปทุมวัน กรุงเทพมหานคร 10330, Thailand
https://www.google.com/maps/place/?q=place_id:ChIJ9yQ75EOf4jARWrzkPgQ6DZY
ข้อมูลจาก ChefMinistry — chefministry.com</description>
      <ExtendedData>
        <Data name="rating"><value>4.7</value></Data>
        <Data name="reviews"><value>488</value></Data>
        <Data name="cuisine"><value>Cafe</value></Data>
        <Data name="area"><value>Pathumwan</value></Data>
        <Data name="google_maps"><value>https://www.google.com/maps/place/?q=place_id:ChIJ9yQ75EOf4jARWrzkPgQ6DZY</value></Data>
      </ExtendedData>
      <Point><coordinates>100.5413947,13.7439979,0</coordinates></Point>
    </Placemark>
    <Placemark>
      <styleUrl>#cm0</styleUrl>
      <name>mini ミニ oriental speedbar (G Tower, G floor)</name>
      <description>⭐ 4.7 (484 รีวิว) · Matcha Cafe · Huai Khwang · ฿
G Tower (Down 1 Floor, G floor, ถ. พระราม 9 แขวงห้วยขวาง เขตห้วยขวาง กรุงเทพมหานคร 10310, Thailand
https://www.google.com/maps/place/?q=place_id:ChIJvVN8I42e4jARXgEs2WU25wk
ข้อมูลจาก ChefMinistry — chefministry.com</description>
      <ExtendedData>
        <Data name="rating"><value>4.7</value></Data>
        <Data name="reviews"><value>484</value></Data>
        <Data name="cuisine"><value>Matcha Cafe</value></Data>
        <Data name="area"><value>Huai Khwang</value></Data>
        <Data name="google_maps"><value>https://www.google.com/maps/place/?q=place_id:ChIJvVN8I42e4jARXgEs2WU25wk</value></Data>
      </ExtendedData>
      <Point><coordinates>100.5657044,13.7569726,0</coordinates></Point>
    </Placemark>
    <Placemark>
      <styleUrl>#cm0</styleUrl>
      <name>MTCH - Sukhumvit23</name>
      <description>⭐ 4.7 (481 รีวิว) · Matcha Cafe · Watthana · ฿
116, 21 Soi Sukhumvit 23, Khwaeng Khlong Toei Nuea, Watthana, Krung Thep Maha Nakhon 10110, Thailand
https://www.google.com/maps/place/?q=place_id:ChIJmUN9z8qf4jAReiGaHFnytDU
ข้อมูลจาก ChefMinistry — chefministry.com</description>
      <ExtendedData>
        <Data name="rating"><value>4.7</value></Data>
        <Data name="reviews"><value>481</value></Data>
        <Data name="cuisine"><value>Matcha Cafe</value></Data>
        <Data name="area"><value>Watthana</value></Data>
        <Data name="google_maps"><value>https://www.google.com/maps/place/?q=place_id:ChIJmUN9z8qf4jAReiGaHFnytDU</value></Data>
      </ExtendedData>
      <Point><coordinates>100.56583119999999,13.7409324,0</coordinates></Point>
    </Placemark>
    <Placemark>
      <styleUrl>#cm0</styleUrl>
      <name>Breadtory Cafe</name>
      <description>⭐ 4.4 (571 รีวิว) · Cafe · Pathum Thani · ฿฿
69 54, Tambon Suan Prink Thai, Amphoe Mueang Pathum Thani, Chang Wat Pathum Thani 12000, Thailand
https://www.google.com/maps/place/?q=place_id:ChIJc3nXfMSB4jARLPEHSWeAcrE
ข้อมูลจาก ChefMinistry — chefministry.com</description>
      <ExtendedData>
        <Data name="rating"><value>4.4</value></Data>
        <Data name="reviews"><value>571</value></Data>
        <Data name="cuisine"><value>Cafe</value></Data>
        <Data name="area"><value>Pathum Thani</value></Data>
        <Data name="google_maps"><value>https://www.google.com/maps/place/?q=place_id:ChIJc3nXfMSB4jARLPEHSWeAcrE</value></Data>
      </ExtendedData>
      <Point><coordinates>100.57141399999999,14.005467399999999,0</coordinates></Point>
    </Placemark>
    <Placemark>
      <styleUrl>#cm0</styleUrl>
      <name>Shinji Matcha</name>
      <description>⭐ 4.9 (394 รีวิว) · Matcha Cafe · Wang Thonglang · ฿
221, 1 Soi.Ladprao, Wangthonglang, Krung Thep Maha Nakhon 10310, Thailand
https://www.google.com/maps/place/?q=place_id:ChIJQawSKrSd4jARGXbxwt2XqW8
ข้อมูลจาก ChefMinistry — chefministry.com</description>
      <ExtendedData>
        <Data name="rating"><value>4.9</value></Data>
        <Data name="reviews"><value>394</value></Data>
        <Data name="cuisine"><value>Matcha Cafe</value></Data>
        <Data name="area"><value>Wang Thonglang</value></Data>
        <Data name="google_maps"><value>https://www.google.com/maps/place/?q=place_id:ChIJQawSKrSd4jARGXbxwt2XqW8</value></Data>
      </ExtendedData>
      <Point><coordinates>100.59114919999999,13.7888342,0</coordinates></Point>
    </Placemark>
    <Placemark>
      <styleUrl>#cm0</styleUrl>
      <name>MaLet's Cafe &amp; Coffee Roastery</name>
      <description>⭐ 4.7 (445 รีวิว) · Cafe · บางรัก · ฿
1222 ถ. เจริญกรุง Khwaeng Bang Rak, Khet Bang Rak, Krung Thep Maha Nakhon 10500, Thailand
https://www.google.com/maps/place/?q=place_id:ChIJcdG63dqY4jARgq0pEQZJg3U
ข้อมูลจาก ChefMinistry — chefministry.com</description>
      <ExtendedData>
        <Data name="rating"><value>4.7</value></Data>
        <Data name="reviews"><value>445</value></Data>
        <Data name="cuisine"><value>Cafe</value></Data>
        <Data name="area"><value>บางรัก</value></Data>
        <Data name="google_maps"><value>https://www.google.com/maps/place/?q=place_id:ChIJcdG63dqY4jARgq0pEQZJg3U</value></Data>
      </ExtendedData>
      <Point><coordinates>100.5161662,13.7254866,0</coordinates></Point>
    </Placemark>
    <Placemark>
      <styleUrl>#cm0</styleUrl>
      <name>พบหน้า specialty coffee &amp; roastery</name>
      <description>⭐ 4.7 (443 รีวิว) · Cafe · Bang Rak · ฿
12/13 Convent Rd, Si Lom, Khet Bang Rak, Krung Thep Maha Nakhon 10500, Thailand
https://www.google.com/maps/place/?q=place_id:ChIJMTfmwROf4jARg9Q1q2MbQQ8
ข้อมูลจาก ChefMinistry — chefministry.com</description>
      <ExtendedData>
        <Data name="rating"><value>4.7</value></Data>
        <Data name="reviews"><value>443</value></Data>
        <Data name="cuisine"><value>Cafe</value></Data>
        <Data name="area"><value>Bang Rak</value></Data>
        <Data name="google_maps"><value>https://www.google.com/maps/place/?q=place_id:ChIJMTfmwROf4jARg9Q1q2MbQQ8</value></Data>
      </ExtendedData>
      <Point><coordinates>100.53355379999999,13.7269697,0</coordinates></Point>
    </Placemark>
    <Placemark>
      <styleUrl>#cm0</styleUrl>
      <name>Porcupine Cafe</name>
      <description>⭐ 4.3 (593 รีวิว) · Cafe · Phaya Thai · ฿
48 Soi Ari 4 Nua, Phaya Thai, Khet Phaya Thai, Krung Thep Maha Nakhon 10400, Thailand
https://www.google.com/maps/place/?q=place_id:ChIJt2-nHR2c4jARFOFl8saao7U
ข้อมูลจาก ChefMinistry — chefministry.com</description>
      <ExtendedData>
        <Data name="rating"><value>4.3</value></Data>
        <Data name="reviews"><value>593</value></Data>
        <Data name="cuisine"><value>Cafe</value></Data>
        <Data name="area"><value>Phaya Thai</value></Data>
        <Data name="google_maps"><value>https://www.google.com/maps/place/?q=place_id:ChIJt2-nHR2c4jARFOFl8saao7U</value></Data>
      </ExtendedData>
      <Point><coordinates>100.5429089,13.783154099999999,0</coordinates></Point>
    </Placemark>
    <Placemark>
      <styleUrl>#cm0</styleUrl>
      <name>Flat+White cafe</name>
      <description>⭐ 4.6 (469 รีวิว) · Cafe · Watthana · ฿฿
810/5 Soi Thara Rom 2, Khwaeng Khlong Tan Nuea, Watthana, Krung Thep Maha Nakhon 10110, Thailand
https://www.google.com/maps/place/?q=place_id:ChIJ8cutYayf4jARnnr1olHN2bE
ข้อมูลจาก ChefMinistry — chefministry.com</description>
      <ExtendedData>
        <Data name="rating"><value>4.6</value></Data>
        <Data name="reviews"><value>469</value></Data>
        <Data name="cuisine"><value>Cafe</value></Data>
        <Data name="area"><value>Watthana</value></Data>
        <Data name="google_maps"><value>https://www.google.com/maps/place/?q=place_id:ChIJ8cutYayf4jARnnr1olHN2bE</value></Data>
      </ExtendedData>
      <Point><coordinates>100.58508309999999,13.7365666,0</coordinates></Point>
    </Placemark>
    <Placemark>
      <styleUrl>#cm0</styleUrl>
      <name>zhong.bkk 众 - tea bar</name>
      <description>⭐ 5.0 (352 รีวิว) · Cafe · Ratchathewi · ฿฿
Thanon Rang Nam, Khwaeng Thanon Phaya Thai, Khet Ratchathewi, Krung Thep Maha Nakhon 10400, Thailand
https://www.google.com/maps/place/?q=place_id:ChIJnezD0tif4jARrkIpuCdFM3E
ข้อมูลจาก ChefMinistry — chefministry.com</description>
      <ExtendedData>
        <Data name="rating"><value>5.0</value></Data>
        <Data name="reviews"><value>352</value></Data>
        <Data name="cuisine"><value>Cafe</value></Data>
        <Data name="area"><value>Ratchathewi</value></Data>
        <Data name="google_maps"><value>https://www.google.com/maps/place/?q=place_id:ChIJnezD0tif4jARrkIpuCdFM3E</value></Data>
      </ExtendedData>
      <Point><coordinates>100.54130599999999,13.758854699999999,0</coordinates></Point>
    </Placemark>
    <Placemark>
      <styleUrl>#cm0</styleUrl>
      <name>BAY Aree</name>
      <description>⭐ 4.3 (570 รีวิว) · Cafe · พญาไท · ฿฿
111 ถนน Phahonyothin Soi 7, Phaya Thai, Khet Phaya Thai, Krung Thep Maha Nakhon 10400, Thailand
https://www.google.com/maps/place/?q=place_id:ChIJL6oMxRid4jARO32aVKwK_9Q
ข้อมูลจาก ChefMinistry — chefministry.com</description>
      <ExtendedData>
        <Data name="rating"><value>4.3</value></Data>
        <Data name="reviews"><value>570</value></Data>
        <Data name="cuisine"><value>Cafe</value></Data>
        <Data name="area"><value>พญาไท</value></Data>
        <Data name="google_maps"><value>https://www.google.com/maps/place/?q=place_id:ChIJL6oMxRid4jARO32aVKwK_9Q</value></Data>
      </ExtendedData>
      <Point><coordinates>100.54309219999999,13.782343299999999,0</coordinates></Point>
    </Placemark>
    <Placemark>
      <styleUrl>#cm0</styleUrl>
      <name>Laliart Coffee ลิลู ละเลียด</name>
      <description>⭐ 4.6 (430 รีวิว) · Cafe · พญาไท · ฿฿
18 ซอย อารีย์สัมพันธ์ 10 Phaya Thai, Khet Phaya Thai, Krung Thep Maha Nakhon 10400, Thailand
https://www.google.com/maps/place/?q=place_id:ChIJL_3ZYB2c4jARvwH6afHY-88
ข้อมูลจาก ChefMinistry — chefministry.com</description>
      <ExtendedData>
        <Data name="rating"><value>4.6</value></Data>
        <Data name="reviews"><value>430</value></Data>
        <Data name="cuisine"><value>Cafe</value></Data>
        <Data name="area"><value>พญาไท</value></Data>
        <Data name="google_maps"><value>https://www.google.com/maps/place/?q=place_id:ChIJL_3ZYB2c4jARvwH6afHY-88</value></Data>
      </ExtendedData>
      <Point><coordinates>100.5346713,13.7790837,0</coordinates></Point>
    </Placemark>
    <Placemark>
      <styleUrl>#cm0</styleUrl>
      <name>คัทซึเตะ มัทฉะ สาขาบรรทัดทอง</name>
      <description>⭐ 5.0 (323 รีวิว) · Matcha Cafe · Pathumwan · ฿
1194 Banthat Thong Rd, Khwaeng Rong Muang, Pathum Wan, Krung Thep Maha Nakhon 10330, Thailand
https://www.google.com/maps/place/?q=place_id:ChIJY3TRKeyZ4jARd4qUhsIbbA4
ข้อมูลจาก ChefMinistry — chefministry.com</description>
      <ExtendedData>
        <Data name="rating"><value>5.0</value></Data>
        <Data name="reviews"><value>323</value></Data>
        <Data name="cuisine"><value>Matcha Cafe</value></Data>
        <Data name="area"><value>Pathumwan</value></Data>
        <Data name="google_maps"><value>https://www.google.com/maps/place/?q=place_id:ChIJY3TRKeyZ4jARd4qUhsIbbA4</value></Data>
      </ExtendedData>
      <Point><coordinates>100.52375699999999,13.7478685,0</coordinates></Point>
    </Placemark>
    <Placemark>
      <styleUrl>#cm0</styleUrl>
      <name>Such A Small World</name>
      <description>⭐ 4.6 (426 รีวิว) · Cafe · สัมพันธวงศ์ · ฿฿
951 ชั้น 3 ถ. เจริญกรุง Khwaeng Talat Noi, Khet Samphanthawong, Krung Thep Maha Nakhon 10100, Thailand
https://www.google.com/maps/place/?q=place_id:ChIJNZrc_caZ4jARezqtUe51-Rw
ข้อมูลจาก ChefMinistry — chefministry.com</description>
      <ExtendedData>
        <Data name="rating"><value>4.6</value></Data>
        <Data name="reviews"><value>426</value></Data>
        <Data name="cuisine"><value>Cafe</value></Data>
        <Data name="area"><value>สัมพันธวงศ์</value></Data>
        <Data name="google_maps"><value>https://www.google.com/maps/place/?q=place_id:ChIJNZrc_caZ4jARezqtUe51-Rw</value></Data>
      </ExtendedData>
      <Point><coordinates>100.5149988,13.7320603,0</coordinates></Point>
    </Placemark>
    <Placemark>
      <styleUrl>#cm0</styleUrl>
      <name>Hoshi Cafe</name>
      <description>⭐ 4.8 (368 รีวิว) · Cafe · Watthana · ฿฿
No, 8 Soi Ekkamai 4, แขวงพระโขนงเหนือ เขตวัฒนา กรุงเทพมหานคร 10110, Thailand
https://www.google.com/maps/place/?q=place_id:ChIJES2mStef4jARciNluhQT6OQ
ข้อมูลจาก ChefMinistry — chefministry.com</description>
      <ExtendedData>
        <Data name="rating"><value>4.8</value></Data>
        <Data name="reviews"><value>368</value></Data>
        <Data name="cuisine"><value>Cafe</value></Data>
        <Data name="area"><value>Watthana</value></Data>
        <Data name="google_maps"><value>https://www.google.com/maps/place/?q=place_id:ChIJES2mStef4jARciNluhQT6OQ</value></Data>
      </ExtendedData>
      <Point><coordinates>100.58560059999999,13.724942299999999,0</coordinates></Point>
    </Placemark>
    <Placemark>
      <styleUrl>#cm0</styleUrl>
      <name>La Cabra Bangkok</name>
      <description>⭐ 4.4 (486 รีวิว) · Cafe · สัมพันธวงศ์ · ฿฿
813 ถ. เจริญกรุง Khwaeng Talat Noi, Khet Samphanthawong, Krung Thep Maha Nakhon 10100, Thailand
https://www.google.com/maps/place/?q=place_id:ChIJnbwQRtGZ4jARKDm6zCQ-N_s
ข้อมูลจาก ChefMinistry — chefministry.com</description>
      <ExtendedData>
        <Data name="rating"><value>4.4</value></Data>
        <Data name="reviews"><value>486</value></Data>
        <Data name="cuisine"><value>Cafe</value></Data>
        <Data name="area"><value>สัมพันธวงศ์</value></Data>
        <Data name="google_maps"><value>https://www.google.com/maps/place/?q=place_id:ChIJnbwQRtGZ4jARKDm6zCQ-N_s</value></Data>
      </ExtendedData>
      <Point><coordinates>100.51414749999999,13.7348473,0</coordinates></Point>
    </Placemark>
    <Placemark>
      <styleUrl>#cm0</styleUrl>
      <name>Tiny Cup Cafe</name>
      <description>⭐ 4.4 (486 รีวิว) · Cafe · Watthana · ฿฿
411 2 Soi Thong Lo, Khwaeng Khlong Tan Nuea, Watthana, Krung Thep Maha Nakhon 10110, Thailand
https://www.google.com/maps/place/?q=place_id:ChIJEYK-S1Ke4jARoB8EQyagLWc
ข้อมูลจาก ChefMinistry — chefministry.com</description>
      <ExtendedData>
        <Data name="rating"><value>4.4</value></Data>
        <Data name="reviews"><value>486</value></Data>
        <Data name="cuisine"><value>Cafe</value></Data>
        <Data name="area"><value>Watthana</value></Data>
        <Data name="google_maps"><value>https://www.google.com/maps/place/?q=place_id:ChIJEYK-S1Ke4jARoB8EQyagLWc</value></Data>
      </ExtendedData>
      <Point><coordinates>100.58363059999999,13.7374707,0</coordinates></Point>
    </Placemark>
    <Placemark>
      <styleUrl>#cm0</styleUrl>
      <name>มัตสึคาเนะ</name>
      <description>⭐ 4.9 (337 รีวิว) · Matcha Cafe · Thawi Watthana · ฿
222/3 Thanon PhutthaMonthon Sai 2, Khwaeng Sala Thammasop, Khet Thawi Watthana, Krung Thep Maha Nakhon 10170, Thailand
https://www.google.com/maps/place/?q=place_id:ChIJkZ2qcw2R4jARngQhOl3NBS0
ข้อมูลจาก ChefMinistry — chefministry.com</description>
      <ExtendedData>
        <Data name="rating"><value>4.9</value></Data>
        <Data name="reviews"><value>337</value></Data>
        <Data name="cuisine"><value>Matcha Cafe</value></Data>
        <Data name="area"><value>Thawi Watthana</value></Data>
        <Data name="google_maps"><value>https://www.google.com/maps/place/?q=place_id:ChIJkZ2qcw2R4jARngQhOl3NBS0</value></Data>
      </ExtendedData>
      <Point><coordinates>100.394972,13.787334999999999,0</coordinates></Point>
    </Placemark>
    <Placemark>
      <styleUrl>#cm0</styleUrl>
      <name>Poet House Cafe</name>
      <description>⭐ 4.3 (516 รีวิว) · Cafe · พญาไท · ฿฿
Soi Ari 5, แขวง พญาไท Khet Phaya Thai, Krung Thep Maha Nakhon 10400, Thailand
https://www.google.com/maps/place/?q=place_id:ChIJBwww1hyc4jAR6Y-Pg-V_MHQ
ข้อมูลจาก ChefMinistry — chefministry.com</description>
      <ExtendedData>
        <Data name="rating"><value>4.3</value></Data>
        <Data name="reviews"><value>516</value></Data>
        <Data name="cuisine"><value>Cafe</value></Data>
        <Data name="area"><value>พญาไท</value></Data>
        <Data name="google_maps"><value>https://www.google.com/maps/place/?q=place_id:ChIJBwww1hyc4jAR6Y-Pg-V_MHQ</value></Data>
      </ExtendedData>
      <Point><coordinates>100.5413215,13.782901899999999,0</coordinates></Point>
    </Placemark>
    <Placemark>
      <styleUrl>#cm0</styleUrl>
      <name>Ksana Matcha - One City Centre</name>
      <description>⭐ 4.4 (467 รีวิว) · Matcha Cafe · Pathumwan · ฿฿
Unit R2-02, 2nd Floor, One City Centre, 548 ถนน เพลินจิต แขวงลุมพินี เขตปทุมวัน กรุงเทพมหานคร 10330, Thailand
https://www.google.com/maps/place/?q=place_id:ChIJR1ZVW8af4jARpvHtD4-ehDE
ข้อมูลจาก ChefMinistry — chefministry.com</description>
      <ExtendedData>
        <Data name="rating"><value>4.4</value></Data>
        <Data name="reviews"><value>467</value></Data>
        <Data name="cuisine"><value>Matcha Cafe</value></Data>
        <Data name="area"><value>Pathumwan</value></Data>
        <Data name="google_maps"><value>https://www.google.com/maps/place/?q=place_id:ChIJR1ZVW8af4jARpvHtD4-ehDE</value></Data>
      </ExtendedData>
      <Point><coordinates>100.5465342,13.7428305,0</coordinates></Point>
    </Placemark>
    <Placemark>
      <styleUrl>#cm0</styleUrl>
      <name>NICO NICO - Café &amp; Brunch Place</name>
      <description>⭐ 4.5 (432 รีวิว) · Cafe · วัฒนา · ฿฿
555, ตึก DM Home Soi Thong Lo, แขวง คลองเตยเหนือ Watthana, Krung Thep Maha Nakhon 10110, Thailand
https://www.google.com/maps/place/?q=place_id:ChIJK0oh-fqf4jAR-70cq-12UNY
ข้อมูลจาก ChefMinistry — chefministry.com</description>
      <ExtendedData>
        <Data name="rating"><value>4.5</value></Data>
        <Data name="reviews"><value>432</value></Data>
        <Data name="cuisine"><value>Cafe</value></Data>
        <Data name="area"><value>วัฒนา</value></Data>
        <Data name="google_maps"><value>https://www.google.com/maps/place/?q=place_id:ChIJK0oh-fqf4jAR-70cq-12UNY</value></Data>
      </ExtendedData>
      <Point><coordinates>100.5828951,13.736536599999999,0</coordinates></Point>
    </Placemark>
    <Placemark>
      <styleUrl>#cm0</styleUrl>
      <name>House of Matcha</name>
      <description>⭐ 5.0 (304 รีวิว) · Matcha Cafe · Pathumwan · ฿
Soi Kasem San 2, Khwaeng Wang Mai, Pathum Wan, Krung Thep Maha Nakhon 10330, Thailand
https://www.google.com/maps/place/?q=place_id:ChIJOyoWD3OZ4jARUNI34bkMdDk
ข้อมูลจาก ChefMinistry — chefministry.com</description>
      <ExtendedData>
        <Data name="rating"><value>5.0</value></Data>
        <Data name="reviews"><value>304</value></Data>
        <Data name="cuisine"><value>Matcha Cafe</value></Data>
        <Data name="area"><value>Pathumwan</value></Data>
        <Data name="google_maps"><value>https://www.google.com/maps/place/?q=place_id:ChIJOyoWD3OZ4jARUNI34bkMdDk</value></Data>
      </ExtendedData>
      <Point><coordinates>100.5281016,13.7485073,0</coordinates></Point>
    </Placemark>
    <Placemark>
      <styleUrl>#cm0</styleUrl>
      <name>FIRST AID KISS CAFE &amp; WORKSHOP @ Thonglor</name>
      <description>⭐ 4.8 (344 รีวิว) · Cafe · Watthana · ฿฿
58, 18 Soi Thong Lo, Khwaeng Khlong Tan Nuea, Watthana, Krung Thep Maha Nakhon 10110, Thailand
https://www.google.com/maps/place/?q=place_id:ChIJSTL9KHCf4jARNH-vr8U7OsI
ข้อมูลจาก ChefMinistry — chefministry.com</description>
      <ExtendedData>
        <Data name="rating"><value>4.8</value></Data>
        <Data name="reviews"><value>344</value></Data>
        <Data name="cuisine"><value>Cafe</value></Data>
        <Data name="area"><value>Watthana</value></Data>
        <Data name="google_maps"><value>https://www.google.com/maps/place/?q=place_id:ChIJSTL9KHCf4jARNH-vr8U7OsI</value></Data>
      </ExtendedData>
      <Point><coordinates>100.5795802,13.724380000000002,0</coordinates></Point>
    </Placemark>
    <Placemark>
      <styleUrl>#cm0</styleUrl>
      <name>Groundwork Specialty Coffee &amp; Workplace</name>
      <description>⭐ 4.7 (358 รีวิว) · Cafe · ดุสิต · ฿
526 Thanon Rama V, Khwaeng Thanon Nakhon Chai Si, Khet Dusit, Krung Thep Maha Nakhon 10300, Thailand
https://www.google.com/maps/place/?q=place_id:ChIJK_U0uruZ4jARfcqWcHYvI2k
ข้อมูลจาก ChefMinistry — chefministry.com</description>
      <ExtendedData>
        <Data name="rating"><value>4.7</value></Data>
        <Data name="reviews"><value>358</value></Data>
        <Data name="cuisine"><value>Cafe</value></Data>
        <Data name="area"><value>ดุสิต</value></Data>
        <Data name="google_maps"><value>https://www.google.com/maps/place/?q=place_id:ChIJK_U0uruZ4jARfcqWcHYvI2k</value></Data>
      </ExtendedData>
      <Point><coordinates>100.52240139999999,13.779335399999999,0</coordinates></Point>
    </Placemark>
    <Placemark>
      <styleUrl>#cm0</styleUrl>
      <name>Spring Matcha</name>
      <description>⭐ 4.6 (377 รีวิว) · Matcha Cafe · Saphan Sung · ฿
159 23 Soi Ramkhamhaeng 110, Khwaeng Saphan Sung, Khet Saphan Sung, Krung Thep Maha Nakhon 10240, Thailand
https://www.google.com/maps/place/?q=place_id:ChIJdcMIoWRhHTERJSFYZE7k71Q
ข้อมูลจาก ChefMinistry — chefministry.com</description>
      <ExtendedData>
        <Data name="rating"><value>4.6</value></Data>
        <Data name="reviews"><value>377</value></Data>
        <Data name="cuisine"><value>Matcha Cafe</value></Data>
        <Data name="area"><value>Saphan Sung</value></Data>
        <Data name="google_maps"><value>https://www.google.com/maps/place/?q=place_id:ChIJdcMIoWRhHTERJSFYZE7k71Q</value></Data>
      </ExtendedData>
      <Point><coordinates>100.67729369999999,13.7680359,0</coordinates></Point>
    </Placemark>
    <Placemark>
      <styleUrl>#cm0</styleUrl>
      <name>HUGS SONGWAT CAFE</name>
      <description>⭐ 4.8 (327 รีวิว) · Cafe · Yaowarat · ฿฿
42 Soi Charoen Phaniang, Khwaeng Talat Noi, Khet Samphanthawong, Krung Thep Maha Nakhon 10100, Thailand
https://www.google.com/maps/place/?q=place_id:ChIJZVkzVU6Z4jARkpN8tuNnbo4
ข้อมูลจาก ChefMinistry — chefministry.com</description>
      <ExtendedData>
        <Data name="rating"><value>4.8</value></Data>
        <Data name="reviews"><value>327</value></Data>
        <Data name="cuisine"><value>Cafe</value></Data>
        <Data name="area"><value>Yaowarat</value></Data>
        <Data name="google_maps"><value>https://www.google.com/maps/place/?q=place_id:ChIJZVkzVU6Z4jARkpN8tuNnbo4</value></Data>
      </ExtendedData>
      <Point><coordinates>100.5126842,13.7359277,0</coordinates></Point>
    </Placemark>
    <Placemark>
      <styleUrl>#cm0</styleUrl>
      <name>Hēi Jīi</name>
      <description>⭐ 4.5 (405 รีวิว) · Cafe · บางรัก · ฿
415 ถ. เจริญกรุง Khwaeng Si Phraya, Khet Bang Rak, Krung Thep Maha Nakhon 10500, Thailand
https://www.google.com/maps/place/?q=place_id:ChIJzX_x9XCZ4jAR5nV8GeVi-IY
ข้อมูลจาก ChefMinistry — chefministry.com</description>
      <ExtendedData>
        <Data name="rating"><value>4.5</value></Data>
        <Data name="reviews"><value>405</value></Data>
        <Data name="cuisine"><value>Cafe</value></Data>
        <Data name="area"><value>บางรัก</value></Data>
        <Data name="google_maps"><value>https://www.google.com/maps/place/?q=place_id:ChIJzX_x9XCZ4jAR5nV8GeVi-IY</value></Data>
      </ExtendedData>
      <Point><coordinates>100.51635139999999,13.7277676,0</coordinates></Point>
    </Placemark>
    <Placemark>
      <styleUrl>#cm0</styleUrl>
      <name>Seven Rabbit Gelato . Matcha . Coffee</name>
      <description>⭐ 4.7 (347 รีวิว) · Matcha Cafe · Suan Luang · ฿
280 Phatthanakan 53, Khwaeng Suan Luang, Khet Suan Luang, Krung Thep Maha Nakhon 10250, Thailand
https://www.google.com/maps/place/?q=place_id:ChIJAaGCC8BhHTEROu7fU3csJ1M
ข้อมูลจาก ChefMinistry — chefministry.com</description>
      <ExtendedData>
        <Data name="rating"><value>4.7</value></Data>
        <Data name="reviews"><value>347</value></Data>
        <Data name="cuisine"><value>Matcha Cafe</value></Data>
        <Data name="area"><value>Suan Luang</value></Data>
        <Data name="google_maps"><value>https://www.google.com/maps/place/?q=place_id:ChIJAaGCC8BhHTEROu7fU3csJ1M</value></Data>
      </ExtendedData>
      <Point><coordinates>100.6506385,13.7356135,0</coordinates></Point>
    </Placemark>
    <Placemark>
      <styleUrl>#cm0</styleUrl>
      <name>BENKOFF</name>
      <description>⭐ 4.5 (401 รีวิว) · Cafe · Watthana · ฿
195 NT TOWER Soi Thong Lo, Khwaeng Khlong Tan Nuea, Watthana, Krung Thep Maha Nakhon 10110, Thailand
https://www.google.com/maps/place/?q=place_id:ChIJGXvkJWOf4jARrNTvJUF9Tv0
ข้อมูลจาก ChefMinistry — chefministry.com</description>
      <ExtendedData>
        <Data name="rating"><value>4.5</value></Data>
        <Data name="reviews"><value>401</value></Data>
        <Data name="cuisine"><value>Cafe</value></Data>
        <Data name="area"><value>Watthana</value></Data>
        <Data name="google_maps"><value>https://www.google.com/maps/place/?q=place_id:ChIJGXvkJWOf4jARrNTvJUF9Tv0</value></Data>
      </ExtendedData>
      <Point><coordinates>100.581171,13.731508499999999,0</coordinates></Point>
    </Placemark>
    <Placemark>
      <styleUrl>#cm0</styleUrl>
      <name>Earthy Roaster (Specialty Coffee)</name>
      <description>⭐ 4.7 (341 รีวิว) · Cafe · Ratchathewi · ฿
994 Khwaeng Makkasan, Khet Ratchathewi, Krung Thep Maha Nakhon 10400, Thailand
https://www.google.com/maps/place/?q=place_id:ChIJAT_qeA2f4jARFAucLpLf16o
ข้อมูลจาก ChefMinistry — chefministry.com</description>
      <ExtendedData>
        <Data name="rating"><value>4.7</value></Data>
        <Data name="reviews"><value>341</value></Data>
        <Data name="cuisine"><value>Cafe</value></Data>
        <Data name="area"><value>Ratchathewi</value></Data>
        <Data name="google_maps"><value>https://www.google.com/maps/place/?q=place_id:ChIJAT_qeA2f4jARFAucLpLf16o</value></Data>
      </ExtendedData>
      <Point><coordinates>100.54266229999999,13.749594700000001,0</coordinates></Point>
    </Placemark>
    <Placemark>
      <styleUrl>#cm0</styleUrl>
      <name>Voiij coffee and stuff</name>
      <description>⭐ 4.8 (317 รีวิว) · Cafe · Watthana · ฿
117 Soi Thong Lo, Khwaeng Khlong Tan Nuea, Watthana, Krung Thep Maha Nakhon 10110, Thailand
https://www.google.com/maps/place/?q=place_id:ChIJT7nWsFKf4jARzu4uG_njwYY
ข้อมูลจาก ChefMinistry — chefministry.com</description>
      <ExtendedData>
        <Data name="rating"><value>4.8</value></Data>
        <Data name="reviews"><value>317</value></Data>
        <Data name="cuisine"><value>Cafe</value></Data>
        <Data name="area"><value>Watthana</value></Data>
        <Data name="google_maps"><value>https://www.google.com/maps/place/?q=place_id:ChIJT7nWsFKf4jARzu4uG_njwYY</value></Data>
      </ExtendedData>
      <Point><coordinates>100.58028900000001,13.7296734,0</coordinates></Point>
    </Placemark>
    <Placemark>
      <styleUrl>#cm0</styleUrl>
      <name>เรคคอร์ดอฟฟี ร้านขายแผ่นเสียงและกาแฟ</name>
      <description>⭐ 4.9 (294 รีวิว) · Cafe · สัมพันธวงศ์ · ฿
95 14-15 ถ. เจริญกรุง Khwaeng Talat Noi, Khet Samphanthawong, Krung Thep Maha Nakhon 10100, Thailand
https://www.google.com/maps/place/?q=place_id:ChIJQRY9aXiZ4jAR6MgiUBX5pNw
ข้อมูลจาก ChefMinistry — chefministry.com</description>
      <ExtendedData>
        <Data name="rating"><value>4.9</value></Data>
        <Data name="reviews"><value>294</value></Data>
        <Data name="cuisine"><value>Cafe</value></Data>
        <Data name="area"><value>สัมพันธวงศ์</value></Data>
        <Data name="google_maps"><value>https://www.google.com/maps/place/?q=place_id:ChIJQRY9aXiZ4jAR6MgiUBX5pNw</value></Data>
      </ExtendedData>
      <Point><coordinates>100.51559809999999,13.734831999999999,0</coordinates></Point>
    </Placemark>
    <Placemark>
      <styleUrl>#cm0</styleUrl>
      <name>Koyo Tearoom - SongWat Road (Japanese Matcha &amp; Cafe)</name>
      <description>⭐ 4.9 (293 รีวิว) · Cafe · Yaowarat · ฿
953/2 Khwaeng Samphanthawong, Khet Samphanthawong, Krung Thep Maha Nakhon 10100, Thailand
https://www.google.com/maps/place/?q=place_id:ChIJKe9H6EeZ4jARRnOTnxGsC7U
ข้อมูลจาก ChefMinistry — chefministry.com</description>
      <ExtendedData>
        <Data name="rating"><value>4.9</value></Data>
        <Data name="reviews"><value>293</value></Data>
        <Data name="cuisine"><value>Cafe</value></Data>
        <Data name="area"><value>Yaowarat</value></Data>
        <Data name="google_maps"><value>https://www.google.com/maps/place/?q=place_id:ChIJKe9H6EeZ4jARRnOTnxGsC7U</value></Data>
      </ExtendedData>
      <Point><coordinates>100.50795099999999,13.7382393,0</coordinates></Point>
    </Placemark>
    <Placemark>
      <styleUrl>#cm0</styleUrl>
      <name>BONCI</name>
      <description>⭐ 4.3 (445 รีวิว) · Cafe · Phaya Thai · ฿
1477 Phahon Yothin Road, Khwaeng Samsen Nai, Khet Phaya Thai, Krung Thep Maha Nakhon 10400, Thailand
https://www.google.com/maps/place/?q=place_id:ChIJf4msdhud4jARi0uVOJwWefc
ข้อมูลจาก ChefMinistry — chefministry.com</description>
      <ExtendedData>
        <Data name="rating"><value>4.3</value></Data>
        <Data name="reviews"><value>445</value></Data>
        <Data name="cuisine"><value>Cafe</value></Data>
        <Data name="area"><value>Phaya Thai</value></Data>
        <Data name="google_maps"><value>https://www.google.com/maps/place/?q=place_id:ChIJf4msdhud4jARi0uVOJwWefc</value></Data>
      </ExtendedData>
      <Point><coordinates>100.5483824,13.7906484,0</coordinates></Point>
    </Placemark>
    <Placemark>
      <styleUrl>#cm0</styleUrl>
      <name>Chong Matcha Cafe</name>
      <description>⭐ 4.8 (304 รีวิว) · Matcha Cafe · สะพานสูง · ฿
เลขที่ 15 ถนนศรีนครินทร์-ร่มเกล้า หน้าวงเวียนโครงการ ใกล้ brighton college เศรษฐสิริ กรุงเทพกรีฑา Khwaeng Saphan Sung, Khet Saphan Sung, Krung Thep Maha Nakhon 10240, Thailand
https://www.google.com/maps/place/?q=place_id:ChIJIX8T3hRnHTERTZTKfflZjI8
ข้อมูลจาก ChefMinistry — chefministry.com</description>
      <ExtendedData>
        <Data name="rating"><value>4.8</value></Data>
        <Data name="reviews"><value>304</value></Data>
        <Data name="cuisine"><value>Matcha Cafe</value></Data>
        <Data name="area"><value>สะพานสูง</value></Data>
        <Data name="google_maps"><value>https://www.google.com/maps/place/?q=place_id:ChIJIX8T3hRnHTERTZTKfflZjI8</value></Data>
      </ExtendedData>
      <Point><coordinates>100.6697832,13.7572928,0</coordinates></Point>
    </Placemark>
    <Placemark>
      <styleUrl>#cm0</styleUrl>
      <name>Coffee no.9</name>
      <description>⭐ 4.6 (349 รีวิว) · Cafe · Phaya Thai · ฿
1199 Soi Ari 1, Phaya Thai, Khet Phaya Thai, Krung Thep Maha Nakhon 10400, Thailand
https://www.google.com/maps/place/?q=place_id:ChIJt6ZwhB2c4jARh9gtkLAPJiI
ข้อมูลจาก ChefMinistry — chefministry.com</description>
      <ExtendedData>
        <Data name="rating"><value>4.6</value></Data>
        <Data name="reviews"><value>349</value></Data>
        <Data name="cuisine"><value>Cafe</value></Data>
        <Data name="area"><value>Phaya Thai</value></Data>
        <Data name="google_maps"><value>https://www.google.com/maps/place/?q=place_id:ChIJt6ZwhB2c4jARh9gtkLAPJiI</value></Data>
      </ExtendedData>
      <Point><coordinates>100.5438168,13.779869099999999,0</coordinates></Point>
    </Placemark>
    <Placemark>
      <styleUrl>#cm0</styleUrl>
      <name>qraft. (Ari soi1)</name>
      <description>⭐ 4.4 (403 รีวิว) · Matcha Cafe · Phaya Thai · ฿฿
5, 7 Soi Ari 1, Khwaeng Samsen Nai, Khet Phaya Thai, Krung Thep Maha Nakhon 10400, Thailand
https://www.google.com/maps/place/?q=place_id:ChIJCSWKC1qd4jARgQtCnJiFZbM
ข้อมูลจาก ChefMinistry — chefministry.com</description>
      <ExtendedData>
        <Data name="rating"><value>4.4</value></Data>
        <Data name="reviews"><value>403</value></Data>
        <Data name="cuisine"><value>Matcha Cafe</value></Data>
        <Data name="area"><value>Phaya Thai</value></Data>
        <Data name="google_maps"><value>https://www.google.com/maps/place/?q=place_id:ChIJCSWKC1qd4jARgQtCnJiFZbM</value></Data>
      </ExtendedData>
      <Point><coordinates>100.54439269999999,13.780661199999999,0</coordinates></Point>
    </Placemark>
    <Placemark>
      <styleUrl>#cm0</styleUrl>
      <name>APA Matcha</name>
      <description>⭐ 4.9 (281 รีวิว) · Matcha Cafe · พระโขนง · ฿
บางจาก 4/3 ซอย สุขุมวิท 99 Khwaeng Bang Chak, Khet Phra Khanong, Krung Thep Maha Nakhon 10260, Thailand
https://www.google.com/maps/place/?q=place_id:ChIJLYDAVqCf4jARz0VFIhGkTzY
ข้อมูลจาก ChefMinistry — chefministry.com</description>
      <ExtendedData>
        <Data name="rating"><value>4.9</value></Data>
        <Data name="reviews"><value>281</value></Data>
        <Data name="cuisine"><value>Matcha Cafe</value></Data>
        <Data name="area"><value>พระโขนง</value></Data>
        <Data name="google_maps"><value>https://www.google.com/maps/place/?q=place_id:ChIJLYDAVqCf4jARz0VFIhGkTzY</value></Data>
      </ExtendedData>
      <Point><coordinates>100.6062602,13.6960207,0</coordinates></Point>
    </Placemark>
    <Placemark>
      <styleUrl>#cm0</styleUrl>
      <name>Double Dogs Tearoom</name>
      <description>⭐ 4.5 (360 รีวิว) · Cafe · Yaowarat · ฿฿
406 Yaowarat Rd, Jakkawat, Khet Samphanthawong, Krung Thep Maha Nakhon 10100, Thailand
https://www.google.com/maps/place/?q=place_id:ChIJH79CmBiZ4jARMdjLCASWygc
ข้อมูลจาก ChefMinistry — chefministry.com</description>
      <ExtendedData>
        <Data name="rating"><value>4.5</value></Data>
        <Data name="reviews"><value>360</value></Data>
        <Data name="cuisine"><value>Cafe</value></Data>
        <Data name="area"><value>Yaowarat</value></Data>
        <Data name="google_maps"><value>https://www.google.com/maps/place/?q=place_id:ChIJH79CmBiZ4jARMdjLCASWygc</value></Data>
      </ExtendedData>
      <Point><coordinates>100.509181,13.740630699999999,0</coordinates></Point>
    </Placemark>
    <Placemark>
      <styleUrl>#cm0</styleUrl>
      <name>Atlas Specialty Coffee</name>
      <description>⭐ 4.8 (288 รีวิว) · Cafe · Prawet · ฿
On Nut 55-2 Alley Khwaeng Prawet, Khet Prawet, Krung Thep Maha Nakhon 10250, Thailand
https://www.google.com/maps/place/?q=place_id:ChIJv9F22hthHTERKXXpz26fFss
ข้อมูลจาก ChefMinistry — chefministry.com</description>
      <ExtendedData>
        <Data name="rating"><value>4.8</value></Data>
        <Data name="reviews"><value>288</value></Data>
        <Data name="cuisine"><value>Cafe</value></Data>
        <Data name="area"><value>Prawet</value></Data>
        <Data name="google_maps"><value>https://www.google.com/maps/place/?q=place_id:ChIJv9F22hthHTERKXXpz26fFss</value></Data>
      </ExtendedData>
      <Point><coordinates>100.6554366,13.7167914,0</coordinates></Point>
    </Placemark>
    <Placemark>
      <styleUrl>#cm0</styleUrl>
      <name>ทีลิลี่คาเฟ่ เอกมัย</name>
      <description>⭐ 4.3 (414 รีวิว) · Cafe · Watthana · ฿฿
15/25 สุขุมวิท 63 เอกมัย 12 หมู่บ้านสวนเจริญใจ คลองตัน, แขวงคลองตันเหนือ เขตวัฒนา กรุงเทพมหานคร 10110, Thailand
https://www.google.com/maps/place/?q=place_id:ChIJxVnsKUqf4jART-tV_F81zaM
ข้อมูลจาก ChefMinistry — chefministry.com</description>
      <ExtendedData>
        <Data name="rating"><value>4.3</value></Data>
        <Data name="reviews"><value>414</value></Data>
        <Data name="cuisine"><value>Cafe</value></Data>
        <Data name="area"><value>Watthana</value></Data>
        <Data name="google_maps"><value>https://www.google.com/maps/place/?q=place_id:ChIJxVnsKUqf4jART-tV_F81zaM</value></Data>
      </ExtendedData>
      <Point><coordinates>100.5892133,13.731171600000001,0</coordinates></Point>
    </Placemark>
    <Placemark>
      <styleUrl>#cm0</styleUrl>
      <name>calmandcoff cafe</name>
      <description>⭐ 4.8 (277 รีวิว) · Matcha Cafe · สวนหลวง · ฿
บ้านเลขที่ 28 Rama IX Soi 57/1, Khwaeng Suan Luang, Khet Suan Luang, Krung Thep Maha Nakhon 10250, Thailand
https://www.google.com/maps/place/?q=place_id:ChIJOxgn_CVhHTERd6f6AiLoyNo
ข้อมูลจาก ChefMinistry — chefministry.com</description>
      <ExtendedData>
        <Data name="rating"><value>4.8</value></Data>
        <Data name="reviews"><value>277</value></Data>
        <Data name="cuisine"><value>Matcha Cafe</value></Data>
        <Data name="area"><value>สวนหลวง</value></Data>
        <Data name="google_maps"><value>https://www.google.com/maps/place/?q=place_id:ChIJOxgn_CVhHTERd6f6AiLoyNo</value></Data>
      </ExtendedData>
      <Point><coordinates>100.6369,13.743463900000002,0</coordinates></Point>
    </Placemark>
    <Placemark>
      <styleUrl>#cm0</styleUrl>
      <name>Peace 和 Oriental Teahouse (King Power Rang Nam)</name>
      <description>⭐ 4.6 (316 รีวิว) · Cafe · Ratchathewi · ฿
Thanon Rang Nam, Khwaeng Thanon Phaya Thai, Khet Ratchathewi, Krung Thep Maha Nakhon 10400, Thailand
https://www.google.com/maps/place/?q=place_id:ChIJR53YBree4jARK7wK0vgAUj4
ข้อมูลจาก ChefMinistry — chefministry.com</description>
      <ExtendedData>
        <Data name="rating"><value>4.6</value></Data>
        <Data name="reviews"><value>316</value></Data>
        <Data name="cuisine"><value>Cafe</value></Data>
        <Data name="area"><value>Ratchathewi</value></Data>
        <Data name="google_maps"><value>https://www.google.com/maps/place/?q=place_id:ChIJR53YBree4jARK7wK0vgAUj4</value></Data>
      </ExtendedData>
      <Point><coordinates>100.5384431,13.7601826,0</coordinates></Point>
    </Placemark>
    <Placemark>
      <styleUrl>#cm0</styleUrl>
      <name>Hidden leaf matcha</name>
      <description>⭐ 4.6 (313 รีวิว) · Matcha Cafe · Khan Na Yao · ฿
19/6 Kanchanaphisek Rd, Khwaeng Khan Na Yao, Khet Khan Na Yao, Krung Thep Maha Nakhon 10230, Thailand
https://www.google.com/maps/place/?q=place_id:ChIJk93bG51jHTER1i7sAMuwI6g
ข้อมูลจาก ChefMinistry — chefministry.com</description>
      <ExtendedData>
        <Data name="rating"><value>4.6</value></Data>
        <Data name="reviews"><value>313</value></Data>
        <Data name="cuisine"><value>Matcha Cafe</value></Data>
        <Data name="area"><value>Khan Na Yao</value></Data>
        <Data name="google_maps"><value>https://www.google.com/maps/place/?q=place_id:ChIJk93bG51jHTER1i7sAMuwI6g</value></Data>
      </ExtendedData>
      <Point><coordinates>100.67359689999999,13.842808,0</coordinates></Point>
    </Placemark>
    <Placemark>
      <styleUrl>#cm0</styleUrl>
      <name>Tham·Ma·Da Cafe &amp; Shop</name>
      <description>⭐ 4.7 (287 รีวิว) · Cafe · Phaya Thai · ฿
65 Phahon Yothin Road, Phaya Thai, Khet Phaya Thai, Krung Thep Maha Nakhon 10400, Thailand
https://www.google.com/maps/place/?q=place_id:ChIJN1UVS6ae4jARsCdMD1xy-6I
ข้อมูลจาก ChefMinistry — chefministry.com</description>
      <ExtendedData>
        <Data name="rating"><value>4.7</value></Data>
        <Data name="reviews"><value>287</value></Data>
        <Data name="cuisine"><value>Cafe</value></Data>
        <Data name="area"><value>Phaya Thai</value></Data>
        <Data name="google_maps"><value>https://www.google.com/maps/place/?q=place_id:ChIJN1UVS6ae4jARsCdMD1xy-6I</value></Data>
      </ExtendedData>
      <Point><coordinates>100.54249999999999,13.7769444,0</coordinates></Point>
    </Placemark>
    <Placemark>
      <styleUrl>#cm0</styleUrl>
      <name>RYUU.BKK</name>
      <description>⭐ 5.0 (233 รีวิว) · Matcha Cafe · จตุจักร · ฿
เลขที่ 1546 ซอย พหลโยธิน 34 Khwaeng Sena Nikhom, Khet Chatuchak, Krung Thep Maha Nakhon 10900, Thailand
https://www.google.com/maps/place/?q=place_id:ChIJD63q-Y2d4jARjTMUp9rfNP4
ข้อมูลจาก ChefMinistry — chefministry.com</description>
      <ExtendedData>
        <Data name="rating"><value>5.0</value></Data>
        <Data name="reviews"><value>233</value></Data>
        <Data name="cuisine"><value>Matcha Cafe</value></Data>
        <Data name="area"><value>จตุจักร</value></Data>
        <Data name="google_maps"><value>https://www.google.com/maps/place/?q=place_id:ChIJD63q-Y2d4jARjTMUp9rfNP4</value></Data>
      </ExtendedData>
      <Point><coordinates>100.58212750000001,13.8381536,0</coordinates></Point>
    </Placemark>
    <Placemark>
      <styleUrl>#cm0</styleUrl>
      <name>HOMU</name>
      <description>⭐ 4.4 (355 รีวิว) · Matcha Cafe · สาทร · ฿฿
14, 7 Soi Sathon 2, แขวง ยานนาวา, Khet Sathon, Krung Thep Maha Nakhon 10120, Thailand
https://www.google.com/maps/place/?q=place_id:ChIJLW9CDWuZ4jAR4WDwln-j2cA
ข้อมูลจาก ChefMinistry — chefministry.com</description>
      <ExtendedData>
        <Data name="rating"><value>4.4</value></Data>
        <Data name="reviews"><value>355</value></Data>
        <Data name="cuisine"><value>Matcha Cafe</value></Data>
        <Data name="area"><value>สาทร</value></Data>
        <Data name="google_maps"><value>https://www.google.com/maps/place/?q=place_id:ChIJLW9CDWuZ4jAR4WDwln-j2cA</value></Data>
      </ExtendedData>
      <Point><coordinates>100.5415762,13.7266921,0</coordinates></Point>
    </Placemark>
    <Placemark>
      <styleUrl>#cm0</styleUrl>
      <name>Sauvage</name>
      <description>⭐ 4.7 (283 รีวิว) · Dessert · Watthana · ฿฿
99, 395 Soi Chaeng Watthana 10, Lane 3, Khwaeng Thung Song Hong, Khet Lak Si, Krung Thep Maha Nakhon 10210, Thailand
https://www.google.com/maps/place/?q=place_id:ChIJn_KItAOD4jARyxg2mZlw5GU
ข้อมูลจาก ChefMinistry — chefministry.com</description>
      <ExtendedData>
        <Data name="rating"><value>4.7</value></Data>
        <Data name="reviews"><value>283</value></Data>
        <Data name="cuisine"><value>Dessert</value></Data>
        <Data name="area"><value>Watthana</value></Data>
        <Data name="google_maps"><value>https://www.google.com/maps/place/?q=place_id:ChIJn_KItAOD4jARyxg2mZlw5GU</value></Data>
      </ExtendedData>
      <Point><coordinates>100.5775584,13.8890187,0</coordinates></Point>
    </Placemark>
    <Placemark>
      <styleUrl>#cm0</styleUrl>
      <name>The Coffee Store Charoenkrung</name>
      <description>⭐ 4.9 (244 รีวิว) · Cafe · สัมพันธวงศ์ · ฿
775/1 ถ. เจริญกรุง Khwaeng Talat Noi, Khet Samphanthawong, Krung Thep Maha Nakhon 10120, Thailand
https://www.google.com/maps/place/?q=place_id:ChIJtQExQOOZ4jARrLr2JyfPddU
ข้อมูลจาก ChefMinistry — chefministry.com</description>
      <ExtendedData>
        <Data name="rating"><value>4.9</value></Data>
        <Data name="reviews"><value>244</value></Data>
        <Data name="cuisine"><value>Cafe</value></Data>
        <Data name="area"><value>สัมพันธวงศ์</value></Data>
        <Data name="google_maps"><value>https://www.google.com/maps/place/?q=place_id:ChIJtQExQOOZ4jARrLr2JyfPddU</value></Data>
      </ExtendedData>
      <Point><coordinates>100.5138276,13.735633799999999,0</coordinates></Point>
    </Placemark>
    <Placemark>
      <styleUrl>#cm0</styleUrl>
      <name>อายตนะ</name>
      <description>⭐ 4.7 (279 รีวิว) · Matcha Cafe · ป้อมปราบศัตรูพ่าย · ฿฿
267 ถ. เจริญกรุง Khwaeng Ban Bat, Khet Pom Prap Sattru Phai, Krung Thep Maha Nakhon 10100, Thailand
https://www.google.com/maps/place/?q=place_id:ChIJeSVexzyZ4jAR7IwPp0TJ6TU
ข้อมูลจาก ChefMinistry — chefministry.com</description>
      <ExtendedData>
        <Data name="rating"><value>4.7</value></Data>
        <Data name="reviews"><value>279</value></Data>
        <Data name="cuisine"><value>Matcha Cafe</value></Data>
        <Data name="area"><value>ป้อมปราบศัตรูพ่าย</value></Data>
        <Data name="google_maps"><value>https://www.google.com/maps/place/?q=place_id:ChIJeSVexzyZ4jAR7IwPp0TJ6TU</value></Data>
      </ExtendedData>
      <Point><coordinates>100.5055033,13.7458973,0</coordinates></Point>
    </Placemark>
    <Placemark>
      <styleUrl>#cm0</styleUrl>
      <name>HOME matcha</name>
      <description>⭐ 4.6 (299 รีวิว) · Matcha Cafe · Suan Luang · ฿
12 Soi 21, Khwaeng Suan Luang, Khet Suan Luang, Krung Thep Maha Nakhon 10250, Thailand
https://www.google.com/maps/place/?q=place_id:ChIJhYP_KFVhHTER-O_JzI5dlvw
ข้อมูลจาก ChefMinistry — chefministry.com</description>
      <ExtendedData>
        <Data name="rating"><value>4.6</value></Data>
        <Data name="reviews"><value>299</value></Data>
        <Data name="cuisine"><value>Matcha Cafe</value></Data>
        <Data name="area"><value>Suan Luang</value></Data>
        <Data name="google_maps"><value>https://www.google.com/maps/place/?q=place_id:ChIJhYP_KFVhHTER-O_JzI5dlvw</value></Data>
      </ExtendedData>
      <Point><coordinates>100.6295683,13.742634899999999,0</coordinates></Point>
    </Placemark>
    <Placemark>
      <styleUrl>#cm0</styleUrl>
      <name>Chef Kai De Café Klong 5 - เชฟไก่ เดอ คาเฟ่ คลอง 5 ลำลูกกา by Jana</name>
      <description>⭐ 4.8 (258 รีวิว) · Cafe · Ratchada · ฿฿
5 7 ถนน เลียบคลอง 5 ฝั่งตะวันตก Tambon Lat Sawai, Amphoe Lam Luk Ka, Chang Wat Pathum Thani 12150, Thailand
https://www.google.com/maps/place/?q=place_id:ChIJY_qCTmV_HTERlMwpeOkHEE4
ข้อมูลจาก ChefMinistry — chefministry.com</description>
      <ExtendedData>
        <Data name="rating"><value>4.8</value></Data>
        <Data name="reviews"><value>258</value></Data>
        <Data name="cuisine"><value>Cafe</value></Data>
        <Data name="area"><value>Ratchada</value></Data>
        <Data name="google_maps"><value>https://www.google.com/maps/place/?q=place_id:ChIJY_qCTmV_HTERlMwpeOkHEE4</value></Data>
      </ExtendedData>
      <Point><coordinates>100.70277879999999,13.9768692,0</coordinates></Point>
    </Placemark>
    <Placemark>
      <styleUrl>#cm0</styleUrl>
      <name>Beaker and Bitter</name>
      <description>⭐ 4.4 (340 รีวิว) · Cafe · Phaya Thai · ฿฿
4 Soi Sai Lom 1, Khwaeng Samsen Nai, Khet Phaya Thai, Krung Thep Maha Nakhon 10400, Thailand
https://www.google.com/maps/place/?q=place_id:ChIJadycM3ed4jARz_ZmcGKCLeA
ข้อมูลจาก ChefMinistry — chefministry.com</description>
      <ExtendedData>
        <Data name="rating"><value>4.4</value></Data>
        <Data name="reviews"><value>340</value></Data>
        <Data name="cuisine"><value>Cafe</value></Data>
        <Data name="area"><value>Phaya Thai</value></Data>
        <Data name="google_maps"><value>https://www.google.com/maps/place/?q=place_id:ChIJadycM3ed4jARz_ZmcGKCLeA</value></Data>
      </ExtendedData>
      <Point><coordinates>100.5495164,13.780969599999999,0</coordinates></Point>
    </Placemark>
    <Placemark>
      <styleUrl>#cm0</styleUrl>
      <name>Horm Tea Experience</name>
      <description>⭐ 4.8 (247 รีวิว) · Matcha Cafe · สวนหลวง · ฿
22 ซ.อ่อนนุช 17 แยก 1 Khwaeng Suan Luang, Khet Suan Luang, Krung Thep Maha Nakhon 10250, Thailand
https://www.google.com/maps/place/?q=place_id:ChIJa_hbDkOf4jARnXbzj8awpT0
ข้อมูลจาก ChefMinistry — chefministry.com</description>
      <ExtendedData>
        <Data name="rating"><value>4.8</value></Data>
        <Data name="reviews"><value>247</value></Data>
        <Data name="cuisine"><value>Matcha Cafe</value></Data>
        <Data name="area"><value>สวนหลวง</value></Data>
        <Data name="google_maps"><value>https://www.google.com/maps/place/?q=place_id:ChIJa_hbDkOf4jARnXbzj8awpT0</value></Data>
      </ExtendedData>
      <Point><coordinates>100.609674,13.7187293,0</coordinates></Point>
    </Placemark>
    <Placemark>
      <styleUrl>#cm0</styleUrl>
      <name>B YAH &gt;matcha</name>
      <description>⭐ 4.8 (244 รีวิว) · Matcha Cafe · Lat Phrao · ฿
131 Soi Prasert-Manukitch 21, Khwaeng Chorakhe Bua, Khet Lat Phrao, Krung Thep Maha Nakhon 10230, Thailand
https://www.google.com/maps/place/?q=place_id:ChIJbYSnQgCd4jAR6eN6OmVS_GE
ข้อมูลจาก ChefMinistry — chefministry.com</description>
      <ExtendedData>
        <Data name="rating"><value>4.8</value></Data>
        <Data name="reviews"><value>244</value></Data>
        <Data name="cuisine"><value>Matcha Cafe</value></Data>
        <Data name="area"><value>Lat Phrao</value></Data>
        <Data name="google_maps"><value>https://www.google.com/maps/place/?q=place_id:ChIJbYSnQgCd4jAR6eN6OmVS_GE</value></Data>
      </ExtendedData>
      <Point><coordinates>100.6025102,13.837996299999999,0</coordinates></Point>
    </Placemark>
    <Placemark>
      <styleUrl>#cm0</styleUrl>
      <name>Ksana Matcha - Central World</name>
      <description>⭐ 4.7 (256 รีวิว) · Matcha Cafe · Pathumwan · ฿฿
1st floor, Central World, Department Cosmetic Zone, 999/9 Rama I Rd, Khwaeng Pathum Wan, Pathum Wan, Krung Thep Maha Nakhon 10330, Thailand
https://www.google.com/maps/place/?q=place_id:ChIJg0TANT2f4jARoHcV4iYuX8s
ข้อมูลจาก ChefMinistry — chefministry.com</description>
      <ExtendedData>
        <Data name="rating"><value>4.7</value></Data>
        <Data name="reviews"><value>256</value></Data>
        <Data name="cuisine"><value>Matcha Cafe</value></Data>
        <Data name="area"><value>Pathumwan</value></Data>
        <Data name="google_maps"><value>https://www.google.com/maps/place/?q=place_id:ChIJg0TANT2f4jARoHcV4iYuX8s</value></Data>
      </ExtendedData>
      <Point><coordinates>100.5390442,13.7450741,0</coordinates></Point>
    </Placemark>
    <Placemark>
      <styleUrl>#cm0</styleUrl>
      <name>Aribica Specialty Coffee (Sahakorn branch)</name>
      <description>⭐ 4.6 (270 รีวิว) · Cafe · Phaya Thai · ฿
4, 1 Soi Ari 1, Phaya Thai, Khet Phaya Thai, Krung Thep Maha Nakhon 10400, Thailand
https://www.google.com/maps/place/?q=place_id:ChIJOSpbmx2c4jARyUAdhjBc78k
ข้อมูลจาก ChefMinistry — chefministry.com</description>
      <ExtendedData>
        <Data name="rating"><value>4.6</value></Data>
        <Data name="reviews"><value>270</value></Data>
        <Data name="cuisine"><value>Cafe</value></Data>
        <Data name="area"><value>Phaya Thai</value></Data>
        <Data name="google_maps"><value>https://www.google.com/maps/place/?q=place_id:ChIJOSpbmx2c4jARyUAdhjBc78k</value></Data>
      </ExtendedData>
      <Point><coordinates>100.54404570000001,13.780567399999999,0</coordinates></Point>
    </Placemark>
    <Placemark>
      <styleUrl>#cm0</styleUrl>
      <name>สมดุลคอฟฟี่</name>
      <description>⭐ 4.8 (230 รีวิว) · Cafe · Watthana · ฿฿
20/40 Soi Sukhumvit 49/1, Khwaeng Khlong Tan Nuea, Watthana, Krung Thep Maha Nakhon 10110, Thailand
https://www.google.com/maps/place/?q=place_id:ChIJ9VdMF3if4jARcQg84QjpyU8
ข้อมูลจาก ChefMinistry — chefministry.com</description>
      <ExtendedData>
        <Data name="rating"><value>4.8</value></Data>
        <Data name="reviews"><value>230</value></Data>
        <Data name="cuisine"><value>Cafe</value></Data>
        <Data name="area"><value>Watthana</value></Data>
        <Data name="google_maps"><value>https://www.google.com/maps/place/?q=place_id:ChIJ9VdMF3if4jARcQg84QjpyU8</value></Data>
      </ExtendedData>
      <Point><coordinates>100.57579179999999,13.733270399999999,0</coordinates></Point>
    </Placemark>
    <Placemark>
      <styleUrl>#cm0</styleUrl>
      <name>REN - Cafe &amp; Goods - Matcha, Coffee and Dessert</name>
      <description>⭐ 4.7 (246 รีวิว) · Matcha Cafe · บางรัก · ฿
1111 ถ. เจริญกรุง Khwaeng Si Phraya, Khet Bang Rak, Krung Thep Maha Nakhon 10500, Thailand
https://www.google.com/maps/place/?q=place_id:ChIJ6XtxkwKZ4jARnT44u5YUgsU
ข้อมูลจาก ChefMinistry — chefministry.com</description>
      <ExtendedData>
        <Data name="rating"><value>4.7</value></Data>
        <Data name="reviews"><value>246</value></Data>
        <Data name="cuisine"><value>Matcha Cafe</value></Data>
        <Data name="area"><value>บางรัก</value></Data>
        <Data name="google_maps"><value>https://www.google.com/maps/place/?q=place_id:ChIJ6XtxkwKZ4jARnT44u5YUgsU</value></Data>
      </ExtendedData>
      <Point><coordinates>100.51609710000001,13.7281552,0</coordinates></Point>
    </Placemark>
    <Placemark>
      <styleUrl>#cm0</styleUrl>
      <name>CHAEN TEA Experience</name>
      <description>⭐ 4.5 (282 รีวิว) · Matcha Cafe · Watthana · ฿
129 Soi Ban Kluai Nuea, Khwaeng Khlong Tan Nuea, Watthana, Krung Thep Maha Nakhon 10110, Thailand
https://www.google.com/maps/place/?q=place_id:ChIJKwmB0LSf4jARezJS73BNxco
ข้อมูลจาก ChefMinistry — chefministry.com</description>
      <ExtendedData>
        <Data name="rating"><value>4.5</value></Data>
        <Data name="reviews"><value>282</value></Data>
        <Data name="cuisine"><value>Matcha Cafe</value></Data>
        <Data name="area"><value>Watthana</value></Data>
        <Data name="google_maps"><value>https://www.google.com/maps/place/?q=place_id:ChIJKwmB0LSf4jARezJS73BNxco</value></Data>
      </ExtendedData>
      <Point><coordinates>100.5803322,13.725419700000002,0</coordinates></Point>
    </Placemark>
    <Placemark>
      <styleUrl>#cm0</styleUrl>
      <name>YAMA MATCHA</name>
      <description>⭐ 4.6 (259 รีวิว) · Matcha Cafe · Pathumwan · ฿
1775 Soi Chulalongkorn 5, Khwaeng Wang Mai, Pathum Wan, Krung Thep Maha Nakhon 10330, Thailand
https://www.google.com/maps/place/?q=place_id:ChIJxZ-KmJiZ4jARbqWCKmDtiKw
ข้อมูลจาก ChefMinistry — chefministry.com</description>
      <ExtendedData>
        <Data name="rating"><value>4.6</value></Data>
        <Data name="reviews"><value>259</value></Data>
        <Data name="cuisine"><value>Matcha Cafe</value></Data>
        <Data name="area"><value>Pathumwan</value></Data>
        <Data name="google_maps"><value>https://www.google.com/maps/place/?q=place_id:ChIJxZ-KmJiZ4jARbqWCKmDtiKw</value></Data>
      </ExtendedData>
      <Point><coordinates>100.52322339999999,13.7367979,0</coordinates></Point>
    </Placemark>
    <Placemark>
      <styleUrl>#cm0</styleUrl>
      <name>Hey! Coffee I’m Park Chula</name>
      <description>⭐ 4.8 (218 รีวิว) · Cafe · Bangkok · ฿
353 ซ. จุฬาลงกรณ์ 9 Khwaeng Wang Mai, Pathum Wan, Krung Thep Maha Nakhon 10330, Thailand
https://www.google.com/maps/place/?q=place_id:ChIJ6a1OSACZ4jARLhtU-u51E_U
ข้อมูลจาก ChefMinistry — chefministry.com</description>
      <ExtendedData>
        <Data name="rating"><value>4.8</value></Data>
        <Data name="reviews"><value>218</value></Data>
        <Data name="cuisine"><value>Cafe</value></Data>
        <Data name="area"><value>Bangkok</value></Data>
        <Data name="google_maps"><value>https://www.google.com/maps/place/?q=place_id:ChIJ6a1OSACZ4jARLhtU-u51E_U</value></Data>
      </ExtendedData>
      <Point><coordinates>100.52486239999999,13.7401833,0</coordinates></Point>
    </Placemark>
    <Placemark>
      <styleUrl>#cm0</styleUrl>
      <name>GOOD CHĀ MATCHA - Verde Sukhumvit 26</name>
      <description>⭐ 4.9 (202 รีวิว) · Matcha Cafe · Khlong Toei · ฿
61/46 Sukhumvit 26, Khwaeng Khlong Tan, Khet Khlong Toei, Krung Thep Maha Nakhon 10110, Thailand
https://www.google.com/maps/place/?q=place_id:ChIJIduhBFSf4jARVQZLfg2sBSU
ข้อมูลจาก ChefMinistry — chefministry.com</description>
      <ExtendedData>
        <Data name="rating"><value>4.9</value></Data>
        <Data name="reviews"><value>202</value></Data>
        <Data name="cuisine"><value>Matcha Cafe</value></Data>
        <Data name="area"><value>Khlong Toei</value></Data>
        <Data name="google_maps"><value>https://www.google.com/maps/place/?q=place_id:ChIJIduhBFSf4jARVQZLfg2sBSU</value></Data>
      </ExtendedData>
      <Point><coordinates>100.56941049999999,13.7250163,0</coordinates></Point>
    </Placemark>
    <Placemark>
      <styleUrl>#cm0</styleUrl>
      <name>Rin Matcha</name>
      <description>⭐ 4.9 (202 รีวิว) · Matcha Cafe · พญาไท · ฿
โครงการ Midway Point 469 จอมพล Khwaeng Chom Phon, Khet Chatuchak, Krung Thep Maha Nakhon 10900, Thailand
https://www.google.com/maps/place/?q=place_id:ChIJ1x23KwCd4jARNXgj2_uln2I
ข้อมูลจาก ChefMinistry — chefministry.com</description>
      <ExtendedData>
        <Data name="rating"><value>4.9</value></Data>
        <Data name="reviews"><value>202</value></Data>
        <Data name="cuisine"><value>Matcha Cafe</value></Data>
        <Data name="area"><value>พญาไท</value></Data>
        <Data name="google_maps"><value>https://www.google.com/maps/place/?q=place_id:ChIJ1x23KwCd4jARNXgj2_uln2I</value></Data>
      </ExtendedData>
      <Point><coordinates>100.5744872,13.806218699999999,0</coordinates></Point>
    </Placemark>
    <Placemark>
      <styleUrl>#cm0</styleUrl>
      <name>Gatcha Matcha</name>
      <description>⭐ 5.0 (187 รีวิว) · Matcha Cafe · Watthana · ฿
230 Soi Sukhumvit 1, Klongtoeynua, Watthana, Krung Thep Maha Nakhon 10110, Thailand
https://www.google.com/maps/place/?q=place_id:ChIJmcOLrLmf4jARthKOG8lm3fA
ข้อมูลจาก ChefMinistry — chefministry.com</description>
      <ExtendedData>
        <Data name="rating"><value>5.0</value></Data>
        <Data name="reviews"><value>187</value></Data>
        <Data name="cuisine"><value>Matcha Cafe</value></Data>
        <Data name="area"><value>Watthana</value></Data>
        <Data name="google_maps"><value>https://www.google.com/maps/place/?q=place_id:ChIJmcOLrLmf4jARthKOG8lm3fA</value></Data>
      </ExtendedData>
      <Point><coordinates>100.5520241,13.7454869,0</coordinates></Point>
    </Placemark>
    <Placemark>
      <styleUrl>#cm0</styleUrl>
      <name>Chaya Teahouse</name>
      <description>⭐ 4.6 (236 รีวิว) · Cafe · Phaya Thai · ฿
7, 14 ถ. ประดิพัทธ์ แขวงพญาไท เขตพญาไท กรุงเทพมหานคร 10400, Thailand
https://www.google.com/maps/place/?q=place_id:ChIJm1P72Ked4jARsu6oyCsY_r4
ข้อมูลจาก ChefMinistry — chefministry.com</description>
      <ExtendedData>
        <Data name="rating"><value>4.6</value></Data>
        <Data name="reviews"><value>236</value></Data>
        <Data name="cuisine"><value>Cafe</value></Data>
        <Data name="area"><value>Phaya Thai</value></Data>
        <Data name="google_maps"><value>https://www.google.com/maps/place/?q=place_id:ChIJm1P72Ked4jARsu6oyCsY_r4</value></Data>
      </ExtendedData>
      <Point><coordinates>100.54396559999999,13.7894622,0</coordinates></Point>
    </Placemark>
    <Placemark>
      <styleUrl>#cm0</styleUrl>
      <name>OIKOS - Brunch &amp; Bar</name>
      <description>⭐ 4.3 (293 รีวิว) · Cafe · Phaya Thai · ฿฿
304/2 Vanit VIllage (Building C 1st floor, Room 102 Soi Ari 1, Khwaeng Samsen Nai, Khet Phaya Thai, Krung Thep Maha Nakhon 10400, Thailand
https://www.google.com/maps/place/?q=place_id:ChIJSyZvxhCf4jARO4e_1r-WCHU
ข้อมูลจาก ChefMinistry — chefministry.com</description>
      <ExtendedData>
        <Data name="rating"><value>4.3</value></Data>
        <Data name="reviews"><value>293</value></Data>
        <Data name="cuisine"><value>Cafe</value></Data>
        <Data name="area"><value>Phaya Thai</value></Data>
        <Data name="google_maps"><value>https://www.google.com/maps/place/?q=place_id:ChIJSyZvxhCf4jARO4e_1r-WCHU</value></Data>
      </ExtendedData>
      <Point><coordinates>100.54377769999999,13.7767833,0</coordinates></Point>
    </Placemark>
    <Placemark>
      <styleUrl>#cm0</styleUrl>
      <name>Timo and Tintin</name>
      <description>⭐ 4.7 (214 รีวิว) · Cafe · Yaowarat · ฿
674 Soi Wanit 2, Khwaeng Talat Noi, Khet Samphanthawong, Krung Thep Maha Nakhon 10100, Thailand
https://www.google.com/maps/place/?q=place_id:ChIJPz17r4WZ4jARPtcxfpzR8oY
ข้อมูลจาก ChefMinistry — chefministry.com</description>
      <ExtendedData>
        <Data name="rating"><value>4.7</value></Data>
        <Data name="reviews"><value>214</value></Data>
        <Data name="cuisine"><value>Cafe</value></Data>
        <Data name="area"><value>Yaowarat</value></Data>
        <Data name="google_maps"><value>https://www.google.com/maps/place/?q=place_id:ChIJPz17r4WZ4jARPtcxfpzR8oY</value></Data>
      </ExtendedData>
      <Point><coordinates>100.5114773,13.7351688,0</coordinates></Point>
    </Placemark>
    <Placemark>
      <styleUrl>#cm0</styleUrl>
      <name>JOLIIJCOFFEE (จอลลี่เจ คอฟฟี่)</name>
      <description>⭐ 4.9 (186 รีวิว) · Matcha Cafe · Bang Khun Thian · ฿
17 Thanon Thakham, Khwaeng Samae Dam, Khet Bang Khun Thian, Krung Thep Maha Nakhon 10150, Thailand
https://www.google.com/maps/place/?q=place_id:ChIJ8678XPG94jARif6PhD2n93g
ข้อมูลจาก ChefMinistry — chefministry.com</description>
      <ExtendedData>
        <Data name="rating"><value>4.9</value></Data>
        <Data name="reviews"><value>186</value></Data>
        <Data name="cuisine"><value>Matcha Cafe</value></Data>
        <Data name="area"><value>Bang Khun Thian</value></Data>
        <Data name="google_maps"><value>https://www.google.com/maps/place/?q=place_id:ChIJ8678XPG94jARif6PhD2n93g</value></Data>
      </ExtendedData>
      <Point><coordinates>100.4459967,13.6437315,0</coordinates></Point>
    </Placemark>
    <Placemark>
      <styleUrl>#cm0</styleUrl>
      <name>Katsute Matcha (คัทซึเตะ มัทฉะ) - สาขา สาทร-จันทน์</name>
      <description>⭐ 4.8 (197 รีวิว) · Matcha Cafe · สาทร · ฿
70, อยู่ข้างเซเว่น, 44 Thanon Chan, Khwaeng Wat Phraya Krai, Khet Bang Kho Laem, Krung Thep Maha Nakhon 10120, Thailand
https://www.google.com/maps/place/?q=place_id:ChIJoVTeIa-Z4jARoTXvBoYmzKw
ข้อมูลจาก ChefMinistry — chefministry.com</description>
      <ExtendedData>
        <Data name="rating"><value>4.8</value></Data>
        <Data name="reviews"><value>197</value></Data>
        <Data name="cuisine"><value>Matcha Cafe</value></Data>
        <Data name="area"><value>สาทร</value></Data>
        <Data name="google_maps"><value>https://www.google.com/maps/place/?q=place_id:ChIJoVTeIa-Z4jARoTXvBoYmzKw</value></Data>
      </ExtendedData>
      <Point><coordinates>100.5145457,13.7091015,0</coordinates></Point>
    </Placemark>
    <Placemark>
      <styleUrl>#cm0</styleUrl>
      <name>MATCHAMOOD (Riri Teahouse BKK)</name>
      <description>⭐ 4.6 (223 รีวิว) · Cafe · Bang Rak · ฿
50 Sri-Veng Road, Si Lom, Khet Bang Rak, Krung Thep Maha Nakhon 10500, Thailand
https://www.google.com/maps/place/?q=place_id:ChIJyzcbe-aZ4jARE796t-xukU4
ข้อมูลจาก ChefMinistry — chefministry.com</description>
      <ExtendedData>
        <Data name="rating"><value>4.6</value></Data>
        <Data name="reviews"><value>223</value></Data>
        <Data name="cuisine"><value>Cafe</value></Data>
        <Data name="area"><value>Bang Rak</value></Data>
        <Data name="google_maps"><value>https://www.google.com/maps/place/?q=place_id:ChIJyzcbe-aZ4jARE796t-xukU4</value></Data>
      </ExtendedData>
      <Point><coordinates>100.5187027,13.720616999999999,0</coordinates></Point>
    </Placemark>
    <Placemark>
      <styleUrl>#cm0</styleUrl>
      <name>MATCHAMARU - Songwat : มัทฉะมารุ สาขาทรงวาด</name>
      <description>⭐ 4.4 (243 รีวิว) · Matcha Cafe · Yaowarat · ฿
1216 Song Wat Rd, Khwaeng Chakkrawat, Khet Samphanthawong, Krung Thep Maha Nakhon 10100, Thailand
https://www.google.com/maps/place/?q=place_id:ChIJk5JyCfSZ4jARTJMXqqT4Kzw
ข้อมูลจาก ChefMinistry — chefministry.com</description>
      <ExtendedData>
        <Data name="rating"><value>4.4</value></Data>
        <Data name="reviews"><value>243</value></Data>
        <Data name="cuisine"><value>Matcha Cafe</value></Data>
        <Data name="area"><value>Yaowarat</value></Data>
        <Data name="google_maps"><value>https://www.google.com/maps/place/?q=place_id:ChIJk5JyCfSZ4jARTJMXqqT4Kzw</value></Data>
      </ExtendedData>
      <Point><coordinates>100.50692699999999,13.738158,0</coordinates></Point>
    </Placemark>
    <Placemark>
      <styleUrl>#cm0</styleUrl>
      <name>MTCH - The Circle Ratchapruk</name>
      <description>⭐ 4.5 (222 รีวิว) · Matcha Cafe · Taling Chan · ฿
39 Ratchapruk Road Unit C18, แขวงบางระมาด เขตตลิ่งชัน กรุงเทพมหานคร 10170, Thailand
https://www.google.com/maps/place/?q=place_id:ChIJ8YcUsF-Z4jAR2gWvZQC8oRw
ข้อมูลจาก ChefMinistry — chefministry.com</description>
      <ExtendedData>
        <Data name="rating"><value>4.5</value></Data>
        <Data name="reviews"><value>222</value></Data>
        <Data name="cuisine"><value>Matcha Cafe</value></Data>
        <Data name="area"><value>Taling Chan</value></Data>
        <Data name="google_maps"><value>https://www.google.com/maps/place/?q=place_id:ChIJ8YcUsF-Z4jAR2gWvZQC8oRw</value></Data>
      </ExtendedData>
      <Point><coordinates>100.44301379999999,13.7671859,0</coordinates></Point>
    </Placemark>
    <Placemark>
      <styleUrl>#cm0</styleUrl>
      <name>Ritmo.Kof Cafe (Ritmo Coffee and Matcha)</name>
      <description>⭐ 5.0 (156 รีวิว) · Matcha Cafe · มีนบุรี · ฿
บ้านเลขที่2 Soi Ramkhamhaeng 166, Khwaeng Min Buri, Khet Min Buri, Krung Thep Maha Nakhon 10510, Thailand
https://www.google.com/maps/place/?q=place_id:ChIJ7x_VVaplHTERnQSQzPZvq1Q
ข้อมูลจาก ChefMinistry — chefministry.com</description>
      <ExtendedData>
        <Data name="rating"><value>5.0</value></Data>
        <Data name="reviews"><value>156</value></Data>
        <Data name="cuisine"><value>Matcha Cafe</value></Data>
        <Data name="area"><value>มีนบุรี</value></Data>
        <Data name="google_maps"><value>https://www.google.com/maps/place/?q=place_id:ChIJ7x_VVaplHTERnQSQzPZvq1Q</value></Data>
      </ExtendedData>
      <Point><coordinates>100.71216940000001,13.7951757,0</coordinates></Point>
    </Placemark>
    <Placemark>
      <styleUrl>#cm0</styleUrl>
      <name>Fill In The Blank</name>
      <description>⭐ 4.3 (241 รีวิว) · Cafe · Watthana · ฿฿
28/10 Sukhumvit 61, Khwaeng Khlong Tan Nuea, Watthana, Krung Thep Maha Nakhon 10110, Thailand
https://www.google.com/maps/place/?q=place_id:ChIJTwd5Ua6f4jAR9Y1VHG00N1w
ข้อมูลจาก ChefMinistry — chefministry.com</description>
      <ExtendedData>
        <Data name="rating"><value>4.3</value></Data>
        <Data name="reviews"><value>241</value></Data>
        <Data name="cuisine"><value>Cafe</value></Data>
        <Data name="area"><value>Watthana</value></Data>
        <Data name="google_maps"><value>https://www.google.com/maps/place/?q=place_id:ChIJTwd5Ua6f4jAR9Y1VHG00N1w</value></Data>
      </ExtendedData>
      <Point><coordinates>100.5835797,13.7241026,0</coordinates></Point>
    </Placemark>
    <Placemark>
      <styleUrl>#cm0</styleUrl>
      <name>Grow Tea.studio, The Emporium</name>
      <description>⭐ 4.7 (178 รีวิว) · Matcha Cafe · Khlong Toei · ฿
3rd Floor, Friend Friend , The Emporium 622 Soi Sukhumvit 24, Khwaeng Khlong Tan, Khet Khlong Toei, Krung Thep Maha Nakhon 10110, Thailand
https://www.google.com/maps/place/?q=place_id:ChIJ7zHkUACf4jARCF3-yMFA_V4
ข้อมูลจาก ChefMinistry — chefministry.com</description>
      <ExtendedData>
        <Data name="rating"><value>4.7</value></Data>
        <Data name="reviews"><value>178</value></Data>
        <Data name="cuisine"><value>Matcha Cafe</value></Data>
        <Data name="area"><value>Khlong Toei</value></Data>
        <Data name="google_maps"><value>https://www.google.com/maps/place/?q=place_id:ChIJ7zHkUACf4jARCF3-yMFA_V4</value></Data>
      </ExtendedData>
      <Point><coordinates>100.56838929999999,13.7297049,0</coordinates></Point>
    </Placemark>
    <Placemark>
      <styleUrl>#cm0</styleUrl>
      <name>Feng Huang</name>
      <description>⭐ 4.8 (163 รีวิว) · Matcha Cafe · สัมพันธวงศ์ · ฿
946 ถ. เจริญกรุง Khwaeng Talat Noi, Khet Samphanthawong, Krung Thep Maha Nakhon 10100, Thailand
https://www.google.com/maps/place/?q=place_id:ChIJMZ1oiGuZ4jARS-L5j90ujJ0
ข้อมูลจาก ChefMinistry — chefministry.com</description>
      <ExtendedData>
        <Data name="rating"><value>4.8</value></Data>
        <Data name="reviews"><value>163</value></Data>
        <Data name="cuisine"><value>Matcha Cafe</value></Data>
        <Data name="area"><value>สัมพันธวงศ์</value></Data>
        <Data name="google_maps"><value>https://www.google.com/maps/place/?q=place_id:ChIJMZ1oiGuZ4jARS-L5j90ujJ0</value></Data>
      </ExtendedData>
      <Point><coordinates>100.5143723,13.733390499999999,0</coordinates></Point>
    </Placemark>
    <Placemark>
      <styleUrl>#cm0</styleUrl>
      <name>Grow Tea.studio, Sutthisan</name>
      <description>⭐ 4.6 (181 รีวิว) · Matcha Cafe · Huai Khwang · ฿
36 Soi Udom Suk, Khwaeng Huai Khwang, Khet Huai Khwang, Krung Thep Maha Nakhon 10310, Thailand
https://www.google.com/maps/place/?q=place_id:ChIJ60zeoPSd4jARC_5vFYhrsIQ
ข้อมูลจาก ChefMinistry — chefministry.com</description>
      <ExtendedData>
        <Data name="rating"><value>4.6</value></Data>
        <Data name="reviews"><value>181</value></Data>
        <Data name="cuisine"><value>Matcha Cafe</value></Data>
        <Data name="area"><value>Huai Khwang</value></Data>
        <Data name="google_maps"><value>https://www.google.com/maps/place/?q=place_id:ChIJ60zeoPSd4jARC_5vFYhrsIQ</value></Data>
      </ExtendedData>
      <Point><coordinates>100.57499399999999,13.7883608,0</coordinates></Point>
    </Placemark>
    <Placemark>
      <styleUrl>#cm0</styleUrl>
      <name>3Cha matcha cafe</name>
      <description>⭐ 5.0 (136 รีวิว) · Matcha Cafe · Watthana · ฿
30 ทวีวัฒนา 25 แยก 12 Khwaeng Thawi Watthana, Khet Thawi Watthana, Krung Thep Maha Nakhon 10170, Thailand
https://www.google.com/maps/place/?q=place_id:ChIJjQP5fgCV4jAR7Zen6MEjngA
ข้อมูลจาก ChefMinistry — chefministry.com</description>
      <ExtendedData>
        <Data name="rating"><value>5.0</value></Data>
        <Data name="reviews"><value>136</value></Data>
        <Data name="cuisine"><value>Matcha Cafe</value></Data>
        <Data name="area"><value>Watthana</value></Data>
        <Data name="google_maps"><value>https://www.google.com/maps/place/?q=place_id:ChIJjQP5fgCV4jAR7Zen6MEjngA</value></Data>
      </ExtendedData>
      <Point><coordinates>100.3373991,13.7722711,0</coordinates></Point>
    </Placemark>
    <Placemark>
      <styleUrl>#cm0</styleUrl>
      <name>Tanuki261cha ( Matcha , Japanese tea &amp; Oriental Tea house, Tea cafe)</name>
      <description>⭐ 4.7 (166 รีวิว) · Cafe · บางคอแหลม · ฿
2000/7 ถ. เจริญกรุง Khwaeng Wat Phraya Krai, Khet Bang Kho Laem, Krung Thep Maha Nakhon 10120, Thailand
https://www.google.com/maps/place/?q=place_id:ChIJU_1xlKWZ4jARj1-2PP-HmtU
ข้อมูลจาก ChefMinistry — chefministry.com</description>
      <ExtendedData>
        <Data name="rating"><value>4.7</value></Data>
        <Data name="reviews"><value>166</value></Data>
        <Data name="cuisine"><value>Cafe</value></Data>
        <Data name="area"><value>บางคอแหลม</value></Data>
        <Data name="google_maps"><value>https://www.google.com/maps/place/?q=place_id:ChIJU_1xlKWZ4jARj1-2PP-HmtU</value></Data>
      </ExtendedData>
      <Point><coordinates>100.50824539999999,13.7074429,0</coordinates></Point>
    </Placemark>
    <Placemark>
      <styleUrl>#cm0</styleUrl>
      <name>Nita.Bakeandbrew</name>
      <description>⭐ 4.6 (175 รีวิว) · Matcha Cafe · Phra Khanong · ฿
11 Soi Punna Withi 11, Khwaeng Bang Chak, Khet Phra Khanong, Krung Thep Maha Nakhon 10260, Thailand
https://www.google.com/maps/place/?q=place_id:ChIJtYMctCSf4jARFDp3g3dGFEo
ข้อมูลจาก ChefMinistry — chefministry.com</description>
      <ExtendedData>
        <Data name="rating"><value>4.6</value></Data>
        <Data name="reviews"><value>175</value></Data>
        <Data name="cuisine"><value>Matcha Cafe</value></Data>
        <Data name="area"><value>Phra Khanong</value></Data>
        <Data name="google_maps"><value>https://www.google.com/maps/place/?q=place_id:ChIJtYMctCSf4jARFDp3g3dGFEo</value></Data>
      </ExtendedData>
      <Point><coordinates>100.6115856,13.6918958,0</coordinates></Point>
    </Placemark>
    <Placemark>
      <styleUrl>#cm0</styleUrl>
      <name>INOME Japanese TEA</name>
      <description>⭐ 4.9 (135 รีวิว) · Matcha Cafe · Phra Nakhon · ฿
32 Thanon Phra Athit, Khwaeng Chana Songkhram, Khet Phra Nakhon, Krung Thep Maha Nakhon 10200, Thailand
https://www.google.com/maps/place/?q=place_id:ChIJx-b4KXWZ4jARLLVazMHNgxs
ข้อมูลจาก ChefMinistry — chefministry.com</description>
      <ExtendedData>
        <Data name="rating"><value>4.9</value></Data>
        <Data name="reviews"><value>135</value></Data>
        <Data name="cuisine"><value>Matcha Cafe</value></Data>
        <Data name="area"><value>Phra Nakhon</value></Data>
        <Data name="google_maps"><value>https://www.google.com/maps/place/?q=place_id:ChIJx-b4KXWZ4jARLLVazMHNgxs</value></Data>
      </ExtendedData>
      <Point><coordinates>100.4936389,13.7620449,0</coordinates></Point>
    </Placemark>
    <Placemark>
      <styleUrl>#cm0</styleUrl>
      <name>อิสระการคั่ว</name>
      <description>⭐ 5.0 (126 รีวิว) · Cafe · Ram Intra · ฿
11 ซอยคู้บอน 37 บางชัน Khet Khlong Sam Wa, Krung Thep Maha Nakhon 10510, Thailand
https://www.google.com/maps/place/?q=place_id:ChIJmQFE2NljHTER0iWhBug2yLc
ข้อมูลจาก ChefMinistry — chefministry.com</description>
      <ExtendedData>
        <Data name="rating"><value>5.0</value></Data>
        <Data name="reviews"><value>126</value></Data>
        <Data name="cuisine"><value>Cafe</value></Data>
        <Data name="area"><value>Ram Intra</value></Data>
        <Data name="google_maps"><value>https://www.google.com/maps/place/?q=place_id:ChIJmQFE2NljHTER0iWhBug2yLc</value></Data>
      </ExtendedData>
      <Point><coordinates>100.6831892,13.8591375,0</coordinates></Point>
    </Placemark>
    <Placemark>
      <styleUrl>#cm0</styleUrl>
      <name>Coach House Brunch and Eatery</name>
      <description>⭐ 4.3 (196 รีวิว) · Cafe · Bangkok · ฿฿
88/8 93 ซอย Khwaeng Khan Na Yao, Khet Khan Na Yao, Krung Thep Maha Nakhon 10230, Thailand
https://www.google.com/maps/place/?q=place_id:ChIJVaReXg5jHTERn4H9VulLmVU
ข้อมูลจาก ChefMinistry — chefministry.com</description>
      <ExtendedData>
        <Data name="rating"><value>4.3</value></Data>
        <Data name="reviews"><value>196</value></Data>
        <Data name="cuisine"><value>Cafe</value></Data>
        <Data name="area"><value>Bangkok</value></Data>
        <Data name="google_maps"><value>https://www.google.com/maps/place/?q=place_id:ChIJVaReXg5jHTERn4H9VulLmVU</value></Data>
      </ExtendedData>
      <Point><coordinates>100.67566210000001,13.8288502,0</coordinates></Point>
    </Placemark>
    <Placemark>
      <styleUrl>#cm0</styleUrl>
      <name>MATCHA &amp; MORE</name>
      <description>⭐ 4.5 (165 รีวิว) · Matcha Cafe · Pathumwan · ฿
Central world, 5 Floor Zone: Urban Balance 999/9 Rama I Rd, Pathum Wan, Bangkok 10330, แขวงปทุมวัน เขตปทุมวัน กรุงเทพมหานคร 10110, Thailand
https://www.google.com/maps/place/?q=place_id:ChIJrUO6L3if4jAR70J0x1rSYVA
ข้อมูลจาก ChefMinistry — chefministry.com</description>
      <ExtendedData>
        <Data name="rating"><value>4.5</value></Data>
        <Data name="reviews"><value>165</value></Data>
        <Data name="cuisine"><value>Matcha Cafe</value></Data>
        <Data name="area"><value>Pathumwan</value></Data>
        <Data name="google_maps"><value>https://www.google.com/maps/place/?q=place_id:ChIJrUO6L3if4jAR70J0x1rSYVA</value></Data>
      </ExtendedData>
      <Point><coordinates>100.5391246,13.746897700000002,0</coordinates></Point>
    </Placemark>
    <Placemark>
      <styleUrl>#cm0</styleUrl>
      <name>OCCA’S -</name>
      <description>⭐ 4.5 (163 รีวิว) · Cafe · Ekkamai · ฿฿
22 Tower B, 22 Soi Ekkamai 2, Khwaeng Phra Khanong Nuea, Watthana, Krung Thep Maha Nakhon 10110, Thailand
https://www.google.com/maps/place/?q=place_id:ChIJu6GfOrCf4jAR9EMer_fPiR4
ข้อมูลจาก ChefMinistry — chefministry.com</description>
      <ExtendedData>
        <Data name="rating"><value>4.5</value></Data>
        <Data name="reviews"><value>163</value></Data>
        <Data name="cuisine"><value>Cafe</value></Data>
        <Data name="area"><value>Ekkamai</value></Data>
        <Data name="google_maps"><value>https://www.google.com/maps/place/?q=place_id:ChIJu6GfOrCf4jAR9EMer_fPiR4</value></Data>
      </ExtendedData>
      <Point><coordinates>100.58671319999999,13.723189000000001,0</coordinates></Point>
    </Placemark>
    <Placemark>
      <styleUrl>#cm0</styleUrl>
      <name>MXTCHX &amp; CO.</name>
      <description>⭐ 4.9 (118 รีวิว) · Matcha Cafe · Bang Sue · ฿
1005 40 Soi Pracha Chuen 30, Khwaeng Wong Sawang, Khet Bang Sue, Krung Thep Maha Nakhon 10800, Thailand
https://www.google.com/maps/place/?q=place_id:ChIJOdeKlNyd4jARbL6tIswtmv8
ข้อมูลจาก ChefMinistry — chefministry.com</description>
      <ExtendedData>
        <Data name="rating"><value>4.9</value></Data>
        <Data name="reviews"><value>118</value></Data>
        <Data name="cuisine"><value>Matcha Cafe</value></Data>
        <Data name="area"><value>Bang Sue</value></Data>
        <Data name="google_maps"><value>https://www.google.com/maps/place/?q=place_id:ChIJOdeKlNyd4jARbL6tIswtmv8</value></Data>
      </ExtendedData>
      <Point><coordinates>100.53794239999999,13.8347384,0</coordinates></Point>
    </Placemark>
    <Placemark>
      <styleUrl>#cm0</styleUrl>
      <name>Takeitslowcoffee</name>
      <description>⭐ 4.8 (126 รีวิว) · Matcha Cafe · ตลิ่งชัน · ฿
464 Thanon Chim Phll, ฉิมพลี Khet Taling Chan, Krung Thep Maha Nakhon 10170, Thailand
https://www.google.com/maps/place/?q=place_id:ChIJgb0sESmX4jARkreP87Aj1H0
ข้อมูลจาก ChefMinistry — chefministry.com</description>
      <ExtendedData>
        <Data name="rating"><value>4.8</value></Data>
        <Data name="reviews"><value>126</value></Data>
        <Data name="cuisine"><value>Matcha Cafe</value></Data>
        <Data name="area"><value>ตลิ่งชัน</value></Data>
        <Data name="google_maps"><value>https://www.google.com/maps/place/?q=place_id:ChIJgb0sESmX4jARkreP87Aj1H0</value></Data>
      </ExtendedData>
      <Point><coordinates>100.43118179999999,13.7812716,0</coordinates></Point>
    </Placemark>
    <Placemark>
      <styleUrl>#cm0</styleUrl>
      <name>NEKO MATCHA</name>
      <description>⭐ 4.9 (117 รีวิว) · Matcha Cafe · ธนบุรี · ฿
ตลาดพลู 50 Thanon Ratchadaphisek, Khwaeng Talat Phlu, Khet Thon Buri, Krung Thep Maha Nakhon 10600, Thailand
https://www.google.com/maps/place/?q=place_id:ChIJoXIoR3qZ4jARyZznB202Rac
ข้อมูลจาก ChefMinistry — chefministry.com</description>
      <ExtendedData>
        <Data name="rating"><value>4.9</value></Data>
        <Data name="reviews"><value>117</value></Data>
        <Data name="cuisine"><value>Matcha Cafe</value></Data>
        <Data name="area"><value>ธนบุรี</value></Data>
        <Data name="google_maps"><value>https://www.google.com/maps/place/?q=place_id:ChIJoXIoR3qZ4jARyZznB202Rac</value></Data>
      </ExtendedData>
      <Point><coordinates>100.4768014,13.721604,0</coordinates></Point>
    </Placemark>
    <Placemark>
      <styleUrl>#cm0</styleUrl>
      <name>Umi matcha</name>
      <description>⭐ 5.0 (107 รีวิว) · Matcha Cafe · Suan Luang · ฿฿
169/3 Rama IX Soi 49, Phatthanakan, Khet Suan Luang, Krung Thep Maha Nakhon 10250, Thailand
https://www.google.com/maps/place/?q=place_id:ChIJAW9dJQBhHTERq-Z7NaXybFs
ข้อมูลจาก ChefMinistry — chefministry.com</description>
      <ExtendedData>
        <Data name="rating"><value>5.0</value></Data>
        <Data name="reviews"><value>107</value></Data>
        <Data name="cuisine"><value>Matcha Cafe</value></Data>
        <Data name="area"><value>Suan Luang</value></Data>
        <Data name="google_maps"><value>https://www.google.com/maps/place/?q=place_id:ChIJAW9dJQBhHTERq-Z7NaXybFs</value></Data>
      </ExtendedData>
      <Point><coordinates>100.63153989999999,13.746376399999999,0</coordinates></Point>
    </Placemark>
    <Placemark>
      <styleUrl>#cm0</styleUrl>
      <name>Safefu-House</name>
      <description>⭐ 4.5 (151 รีวิว) · Matcha Cafe · บางแคเหนือ · ฿
672 ซอย เพชรเกษม 94 Khwaeng Bang Khae Nuea, Khet Bang Khae, Krung Thep Maha Nakhon 10160, Thailand
https://www.google.com/maps/place/?q=place_id:ChIJXzutFgCX4jAR4WSbaLVuaak
ข้อมูลจาก ChefMinistry — chefministry.com</description>
      <ExtendedData>
        <Data name="rating"><value>4.5</value></Data>
        <Data name="reviews"><value>151</value></Data>
        <Data name="cuisine"><value>Matcha Cafe</value></Data>
        <Data name="area"><value>บางแคเหนือ</value></Data>
        <Data name="google_maps"><value>https://www.google.com/maps/place/?q=place_id:ChIJXzutFgCX4jAR4WSbaLVuaak</value></Data>
      </ExtendedData>
      <Point><coordinates>100.3886168,13.714659999999999,0</coordinates></Point>
    </Placemark>
    <Placemark>
      <styleUrl>#cm0</styleUrl>
      <name>Ingdarin Coffee</name>
      <description>⭐ 4.9 (113 รีวิว) · Cafe · Khan Na Yao · ฿
88 141 Ratchada-Ramintra Rd, Khwaeng Khan Na Yao, Khet Khan Na Yao, Krung Thep Maha Nakhon 10230, Thailand
https://www.google.com/maps/place/?q=place_id:ChIJQZwwRYxjHTERWqL0eMilLCk
ข้อมูลจาก ChefMinistry — chefministry.com</description>
      <ExtendedData>
        <Data name="rating"><value>4.9</value></Data>
        <Data name="reviews"><value>113</value></Data>
        <Data name="cuisine"><value>Cafe</value></Data>
        <Data name="area"><value>Khan Na Yao</value></Data>
        <Data name="google_maps"><value>https://www.google.com/maps/place/?q=place_id:ChIJQZwwRYxjHTERWqL0eMilLCk</value></Data>
      </ExtendedData>
      <Point><coordinates>100.6808233,13.8158616,0</coordinates></Point>
    </Placemark>
    <Placemark>
      <styleUrl>#cm0</styleUrl>
      <name>Matcha Madness Club</name>
      <description>⭐ 5.0 (101 รีวิว) · Matcha Cafe · Chatuchak · ฿
1873 2, Khwaeng Lat Yao, Khet Chatuchak, Krung Thep Maha Nakhon 10900, Thailand
https://www.google.com/maps/place/?q=place_id:ChIJx9BQr5ud4jARtE4tGMf0Dkg
ข้อมูลจาก ChefMinistry — chefministry.com</description>
      <ExtendedData>
        <Data name="rating"><value>5.0</value></Data>
        <Data name="reviews"><value>101</value></Data>
        <Data name="cuisine"><value>Matcha Cafe</value></Data>
        <Data name="area"><value>Chatuchak</value></Data>
        <Data name="google_maps"><value>https://www.google.com/maps/place/?q=place_id:ChIJx9BQr5ud4jARtE4tGMf0Dkg</value></Data>
      </ExtendedData>
      <Point><coordinates>100.5710278,13.8330849,0</coordinates></Point>
    </Placemark>
    <Placemark>
      <styleUrl>#cm0</styleUrl>
      <name>TORI Cafe Rama 2 I โทริ คาเฟ่ พระราม 2</name>
      <description>⭐ 4.6 (131 รีวิว) · Matcha Cafe · Bang Khun Thian · ฿
80/2 Rama II Rd, Khwaeng Tha Kham, Khet Bang Khun Thian, Krung Thep Maha Nakhon 10150, Thailand
https://www.google.com/maps/place/?q=place_id:ChIJzXJ1dAaj4jAROrsU5f4y7wE
ข้อมูลจาก ChefMinistry — chefministry.com</description>
      <ExtendedData>
        <Data name="rating"><value>4.6</value></Data>
        <Data name="reviews"><value>131</value></Data>
        <Data name="cuisine"><value>Matcha Cafe</value></Data>
        <Data name="area"><value>Bang Khun Thian</value></Data>
        <Data name="google_maps"><value>https://www.google.com/maps/place/?q=place_id:ChIJzXJ1dAaj4jAROrsU5f4y7wE</value></Data>
      </ExtendedData>
      <Point><coordinates>100.4485419,13.668958100000001,0</coordinates></Point>
    </Placemark>
    <Placemark>
      <styleUrl>#cm0</styleUrl>
      <name>โรเซทต้า คอฟฟี่ โรสท์เตอร์</name>
      <description>⭐ 4.5 (140 รีวิว) · Matcha Cafe · บางคอแหลม · ฿
2414/20 ถ. เจริญกรุง Khwaeng Bang Kho Laem, Khet Bang Kho Laem, Krung Thep Maha Nakhon 10120, Thailand
https://www.google.com/maps/place/?q=place_id:ChIJ31HwU5uY4jAR8ryTUZhmI50
ข้อมูลจาก ChefMinistry — chefministry.com</description>
      <ExtendedData>
        <Data name="rating"><value>4.5</value></Data>
        <Data name="reviews"><value>140</value></Data>
        <Data name="cuisine"><value>Matcha Cafe</value></Data>
        <Data name="area"><value>บางคอแหลม</value></Data>
        <Data name="google_maps"><value>https://www.google.com/maps/place/?q=place_id:ChIJ31HwU5uY4jAR8ryTUZhmI50</value></Data>
      </ExtendedData>
      <Point><coordinates>100.4961175,13.6964857,0</coordinates></Point>
    </Placemark>
    <Placemark>
      <styleUrl>#cm0</styleUrl>
      <name>Espressoman x SCG HOME Experience</name>
      <description>⭐ 4.5 (134 รีวิว) · Matcha Cafe · Bangkapi · ฿
SCG Home Experience, 1444 Pradit Manutham Rd, Khwaeng Khlong Chan, Khet Bang Kapi, Krung Thep Maha Nakhon 10240, Thailand
https://www.google.com/maps/place/?q=place_id:ChIJa-Ysssmd4jAR9Bj1d8G3Xd0
ข้อมูลจาก ChefMinistry — chefministry.com</description>
      <ExtendedData>
        <Data name="rating"><value>4.5</value></Data>
        <Data name="reviews"><value>134</value></Data>
        <Data name="cuisine"><value>Matcha Cafe</value></Data>
        <Data name="area"><value>Bangkapi</value></Data>
        <Data name="google_maps"><value>https://www.google.com/maps/place/?q=place_id:ChIJa-Ysssmd4jAR9Bj1d8G3Xd0</value></Data>
      </ExtendedData>
      <Point><coordinates>100.61767019999999,13.803298,0</coordinates></Point>
    </Placemark>
    <Placemark>
      <styleUrl>#cm0</styleUrl>
      <name>Time's House Thailand</name>
      <description>⭐ 4.5 (132 รีวิว) · Matcha Cafe · Suan Luang · ฿
2 พระราม ที่ 9 เขต สวนหลวง, Khet Suan Luang, Krung Thep Maha Nakhon 10250, Thailand
https://www.google.com/maps/place/?q=place_id:ChIJexVvHFWf4jARwBUY0U_Usig
ข้อมูลจาก ChefMinistry — chefministry.com</description>
      <ExtendedData>
        <Data name="rating"><value>4.5</value></Data>
        <Data name="reviews"><value>132</value></Data>
        <Data name="cuisine"><value>Matcha Cafe</value></Data>
        <Data name="area"><value>Suan Luang</value></Data>
        <Data name="google_maps"><value>https://www.google.com/maps/place/?q=place_id:ChIJexVvHFWf4jARwBUY0U_Usig</value></Data>
      </ExtendedData>
      <Point><coordinates>100.624484,13.7437951,0</coordinates></Point>
    </Placemark>
    <Placemark>
      <styleUrl>#cm0</styleUrl>
      <name>Chamony slow tea bar</name>
      <description>⭐ 4.8 (103 รีวิว) · Cafe · Bangna · ฿
555 Thanon Lasalle, Khwaeng Bang Na, Khet Bang Na, Krung Thep Maha Nakhon 10260, Thailand
https://www.google.com/maps/place/?q=place_id:ChIJ3dP-LQCh4jARqT8uopV5SrU
ข้อมูลจาก ChefMinistry — chefministry.com</description>
      <ExtendedData>
        <Data name="rating"><value>4.8</value></Data>
        <Data name="reviews"><value>103</value></Data>
        <Data name="cuisine"><value>Cafe</value></Data>
        <Data name="area"><value>Bangna</value></Data>
        <Data name="google_maps"><value>https://www.google.com/maps/place/?q=place_id:ChIJ3dP-LQCh4jARqT8uopV5SrU</value></Data>
      </ExtendedData>
      <Point><coordinates>100.6181989,13.6632836,0</coordinates></Point>
    </Placemark>
    <Placemark>
      <styleUrl>#cm0</styleUrl>
      <name>Sweet Boxes Ari 新鲜的现做手工麻糬</name>
      <description>⭐ 4.8 (101 รีวิว) · Matcha Cafe · Phaya Thai · ฿
Phahon Yothin Road, Khwaeng Samsen Nai, Khet Phaya Thai, Krung Thep Maha Nakhon 10400, Thailand
https://www.google.com/maps/place/?q=place_id:ChIJOacF2jCd4jARTc5G3Ha7j-k
ข้อมูลจาก ChefMinistry — chefministry.com</description>
      <ExtendedData>
        <Data name="rating"><value>4.8</value></Data>
        <Data name="reviews"><value>101</value></Data>
        <Data name="cuisine"><value>Matcha Cafe</value></Data>
        <Data name="area"><value>Phaya Thai</value></Data>
        <Data name="google_maps"><value>https://www.google.com/maps/place/?q=place_id:ChIJOacF2jCd4jARTc5G3Ha7j-k</value></Data>
      </ExtendedData>
      <Point><coordinates>100.5481549,13.7874532,0</coordinates></Point>
    </Placemark>
    <Placemark>
      <styleUrl>#cm0</styleUrl>
      <name>ธรรมดา แสนพิเศษ Cafe and Happiness</name>
      <description>⭐ 4.6 (115 รีวิว) · Bakery · Ram Intra · ฿
1039, สายฝนอพาร์ทเม้นท์ 21-26 ซอย ปรีดี พนมยงค์ 45 Khwaeng Khlong Tan Nuea, Watthana, Krung Thep Maha Nakhon 10110, Thailand
https://www.google.com/maps/place/?q=place_id:ChIJB3OnYCif4jAR_PpYUpa-lIY
ข้อมูลจาก ChefMinistry — chefministry.com</description>
      <ExtendedData>
        <Data name="rating"><value>4.6</value></Data>
        <Data name="reviews"><value>115</value></Data>
        <Data name="cuisine"><value>Bakery</value></Data>
        <Data name="area"><value>Ram Intra</value></Data>
        <Data name="google_maps"><value>https://www.google.com/maps/place/?q=place_id:ChIJB3OnYCif4jAR_PpYUpa-lIY</value></Data>
      </ExtendedData>
      <Point><coordinates>100.5960906,13.7352274,0</coordinates></Point>
    </Placemark>
    <Placemark>
      <styleUrl>#cm0</styleUrl>
      <name>Sandori Teahouse | Matcha มัทฉะทีเฮาส์</name>
      <description>⭐ 5.0 (87 รีวิว) · Cafe · Chatuchak · ฿
28 Soi Vibhavadi Rangsit 5, Khwaeng Chom Phon, จตุจักร, Krung Thep Maha Nakhon 10900, Thailand
https://www.google.com/maps/place/?q=place_id:ChIJnVTOGqqd4jARJO9cwJuNaeQ
ข้อมูลจาก ChefMinistry — chefministry.com</description>
      <ExtendedData>
        <Data name="rating"><value>5.0</value></Data>
        <Data name="reviews"><value>87</value></Data>
        <Data name="cuisine"><value>Cafe</value></Data>
        <Data name="area"><value>Chatuchak</value></Data>
        <Data name="google_maps"><value>https://www.google.com/maps/place/?q=place_id:ChIJnVTOGqqd4jARJO9cwJuNaeQ</value></Data>
      </ExtendedData>
      <Point><coordinates>100.5596588,13.8024088,0</coordinates></Point>
    </Placemark>
    <Placemark>
      <styleUrl>#cm0</styleUrl>
      <name>ORI matcha</name>
      <description>⭐ 4.9 (91 รีวิว) · Matcha Cafe · Ratchathewi · ฿
Soi Phetchaburi 15, Khwaeng Thanon Phaya Thai, Khet Ratchathewi, Krung Thep Maha Nakhon 10400, Thailand
https://www.google.com/maps/place/?q=place_id:ChIJq9jiAQCf4jARY47I2yqTJsI
ข้อมูลจาก ChefMinistry — chefministry.com</description>
      <ExtendedData>
        <Data name="rating"><value>4.9</value></Data>
        <Data name="reviews"><value>91</value></Data>
        <Data name="cuisine"><value>Matcha Cafe</value></Data>
        <Data name="area"><value>Ratchathewi</value></Data>
        <Data name="google_maps"><value>https://www.google.com/maps/place/?q=place_id:ChIJq9jiAQCf4jARY47I2yqTJsI</value></Data>
      </ExtendedData>
      <Point><coordinates>100.53692129999999,13.7517965,0</coordinates></Point>
    </Placemark>
    <Placemark>
      <styleUrl>#cm0</styleUrl>
      <name>Matcha O’Clock | ทุกเวลาคือช่วงเวลาของมัทฉะ</name>
      <description>⭐ 5.0 (85 รีวิว) · Matcha Cafe · Bueng Kum · ฿
51/216 Khlong Lamchuek 8, Khwaeng Nuanchan, Khet Bueng Kum, Krung Thep Maha Nakhon 10230, Thailand
https://www.google.com/maps/place/?q=place_id:ChIJU4Uze-9jHTERXX2gQpH3kTM
ข้อมูลจาก ChefMinistry — chefministry.com</description>
      <ExtendedData>
        <Data name="rating"><value>5.0</value></Data>
        <Data name="reviews"><value>85</value></Data>
        <Data name="cuisine"><value>Matcha Cafe</value></Data>
        <Data name="area"><value>Bueng Kum</value></Data>
        <Data name="google_maps"><value>https://www.google.com/maps/place/?q=place_id:ChIJU4Uze-9jHTERXX2gQpH3kTM</value></Data>
      </ExtendedData>
      <Point><coordinates>100.63855219999999,13.821088699999999,0</coordinates></Point>
    </Placemark>
    <Placemark>
      <styleUrl>#cm0</styleUrl>
      <name>Curious M Cafe (Coffee Shop)</name>
      <description>⭐ 4.8 (96 รีวิว) · Matcha Cafe · ปทุมวัน · ฿
290 ซอย จุฬาลงกรณ์ 15 Khwaeng Wang Mai, Pathum Wan, Krung Thep Maha Nakhon 10330, Thailand
https://www.google.com/maps/place/?q=place_id:ChIJb_4VaSaZ4jARaOSK09emsP4
ข้อมูลจาก ChefMinistry — chefministry.com</description>
      <ExtendedData>
        <Data name="rating"><value>4.8</value></Data>
        <Data name="reviews"><value>96</value></Data>
        <Data name="cuisine"><value>Matcha Cafe</value></Data>
        <Data name="area"><value>ปทุมวัน</value></Data>
        <Data name="google_maps"><value>https://www.google.com/maps/place/?q=place_id:ChIJb_4VaSaZ4jARaOSK09emsP4</value></Data>
      </ExtendedData>
      <Point><coordinates>100.52750549999999,13.733680399999999,0</coordinates></Point>
    </Placemark>
    <Placemark>
      <styleUrl>#cm0</styleUrl>
      <name>Brown Matcha House</name>
      <description>⭐ 4.8 (95 รีวิว) · Matcha Cafe · ดุสิต · ฿
463, 37 Soi Lukluang7 Siyakmahanak, Khwaeng Si Yaek Maha Nak, Khet Dusit, Krung Thep Maha Nakhon 10300, Thailand
https://www.google.com/maps/place/?q=place_id:ChIJM-HqdQCZ4jAR5dNFyXVf0Z0
ข้อมูลจาก ChefMinistry — chefministry.com</description>
      <ExtendedData>
        <Data name="rating"><value>4.8</value></Data>
        <Data name="reviews"><value>95</value></Data>
        <Data name="cuisine"><value>Matcha Cafe</value></Data>
        <Data name="area"><value>ดุสิต</value></Data>
        <Data name="google_maps"><value>https://www.google.com/maps/place/?q=place_id:ChIJM-HqdQCZ4jAR5dNFyXVf0Z0</value></Data>
      </ExtendedData>
      <Point><coordinates>100.51503849999999,13.7587982,0</coordinates></Point>
    </Placemark>
    <Placemark>
      <styleUrl>#cm0</styleUrl>
      <name>Daythem Tea Studio</name>
      <description>⭐ 4.8 (95 รีวิว) · Matcha Cafe · Yaowarat · ฿
63 Thanon Yotha 1, Khwaeng Talat Noi, Khet Samphanthawong, Krung Thep Maha Nakhon 10100, Thailand
https://www.google.com/maps/place/?q=place_id:ChIJhfjKm8mZ4jAR3c3PIi6zZSc
ข้อมูลจาก ChefMinistry — chefministry.com</description>
      <ExtendedData>
        <Data name="rating"><value>4.8</value></Data>
        <Data name="reviews"><value>95</value></Data>
        <Data name="cuisine"><value>Matcha Cafe</value></Data>
        <Data name="area"><value>Yaowarat</value></Data>
        <Data name="google_maps"><value>https://www.google.com/maps/place/?q=place_id:ChIJhfjKm8mZ4jAR3c3PIi6zZSc</value></Data>
      </ExtendedData>
      <Point><coordinates>100.5142326,13.731678599999999,0</coordinates></Point>
    </Placemark>
    <Placemark>
      <styleUrl>#cm0</styleUrl>
      <name>Sof.bkk</name>
      <description>⭐ 5.0 (82 รีวิว) · Matcha Cafe · Suan Luang · ฿
2 Rama IX Rd, Khwaeng Suan Luang, Khet Suan Luang, Krung Thep Maha Nakhon 10250, Thailand
https://www.google.com/maps/place/?q=place_id:ChIJIxTKQZlhHTERv8Riye8_08Q
ข้อมูลจาก ChefMinistry — chefministry.com</description>
      <ExtendedData>
        <Data name="rating"><value>5.0</value></Data>
        <Data name="reviews"><value>82</value></Data>
        <Data name="cuisine"><value>Matcha Cafe</value></Data>
        <Data name="area"><value>Suan Luang</value></Data>
        <Data name="google_maps"><value>https://www.google.com/maps/place/?q=place_id:ChIJIxTKQZlhHTERv8Riye8_08Q</value></Data>
      </ExtendedData>
      <Point><coordinates>100.6331483,13.740832699999999,0</coordinates></Point>
    </Placemark>
    <Placemark>
      <styleUrl>#cm0</styleUrl>
      <name>Milli TeaSpace Silom</name>
      <description>⭐ 4.8 (90 รีวิว) · Matcha Cafe · บางรัก · ฿
399/4 Silom Soi 7, สีลม Khet Bang Rak, Krung Thep Maha Nakhon 10500, Thailand
https://www.google.com/maps/place/?q=place_id:ChIJT3-53UeZ4jARroGNN8jnCkc
ข้อมูลจาก ChefMinistry — chefministry.com</description>
      <ExtendedData>
        <Data name="rating"><value>4.8</value></Data>
        <Data name="reviews"><value>90</value></Data>
        <Data name="cuisine"><value>Matcha Cafe</value></Data>
        <Data name="area"><value>บางรัก</value></Data>
        <Data name="google_maps"><value>https://www.google.com/maps/place/?q=place_id:ChIJT3-53UeZ4jARroGNN8jnCkc</value></Data>
      </ExtendedData>
      <Point><coordinates>100.52945609999999,13.725029999999999,0</coordinates></Point>
    </Placemark>
    <Placemark>
      <styleUrl>#cm0</styleUrl>
      <name>Matcha commonly</name>
      <description>⭐ 4.9 (84 รีวิว) · Matcha Cafe · Bang Rak · ฿
188 Thanon Si Wiang, Si Lom, Khet Bang Rak, Krung Thep Maha Nakhon 10500, Thailand
https://www.google.com/maps/place/?q=place_id:ChIJvbckeISZ4jARSVMleumCpkY
ข้อมูลจาก ChefMinistry — chefministry.com</description>
      <ExtendedData>
        <Data name="rating"><value>4.9</value></Data>
        <Data name="reviews"><value>84</value></Data>
        <Data name="cuisine"><value>Matcha Cafe</value></Data>
        <Data name="area"><value>Bang Rak</value></Data>
        <Data name="google_maps"><value>https://www.google.com/maps/place/?q=place_id:ChIJvbckeISZ4jARSVMleumCpkY</value></Data>
      </ExtendedData>
      <Point><coordinates>100.51637749999999,13.721107199999999,0</coordinates></Point>
    </Placemark>
    <Placemark>
      <styleUrl>#cm0</styleUrl>
      <name>KiRA KiRA Tea&amp;Co.| Tea Matcha &amp; Workshop – キラキラティー</name>
      <description>⭐ 5.0 (78 รีวิว) · Matcha Cafe · Lak Si · ฿
135 88 Kamphaeng Phet 6 Soi 7 Yaek 3-4, Khwaeng Thung Song Hong, Khet Lak Si, Krung Thep Maha Nakhon 10210, Thailand
https://www.google.com/maps/place/?q=place_id:ChIJAxlKri2D4jARi4815dB16bw
ข้อมูลจาก ChefMinistry — chefministry.com</description>
      <ExtendedData>
        <Data name="rating"><value>5.0</value></Data>
        <Data name="reviews"><value>78</value></Data>
        <Data name="cuisine"><value>Matcha Cafe</value></Data>
        <Data name="area"><value>Lak Si</value></Data>
        <Data name="google_maps"><value>https://www.google.com/maps/place/?q=place_id:ChIJAxlKri2D4jARi4815dB16bw</value></Data>
      </ExtendedData>
      <Point><coordinates>100.5808163,13.899478,0</coordinates></Point>
    </Placemark>
    <Placemark>
      <styleUrl>#cm0</styleUrl>
      <name>Koto Tea Space - 琴 (Japanese tea &amp; matcha specialty shop)</name>
      <description>⭐ 4.9 (76 รีวิว) · Matcha Cafe · Pathumwan · ฿฿
177, 42 Soi Ruam Rudi 2, Khwaeng Lumphini, Pathum Wan, Krung Thep Maha Nakhon 10330, Thailand
https://www.google.com/maps/place/?q=place_id:ChIJW-JWpgOZ4jARBw-RtI7IdH0
ข้อมูลจาก ChefMinistry — chefministry.com</description>
      <ExtendedData>
        <Data name="rating"><value>4.9</value></Data>
        <Data name="reviews"><value>76</value></Data>
        <Data name="cuisine"><value>Matcha Cafe</value></Data>
        <Data name="area"><value>Pathumwan</value></Data>
        <Data name="google_maps"><value>https://www.google.com/maps/place/?q=place_id:ChIJW-JWpgOZ4jARBw-RtI7IdH0</value></Data>
      </ExtendedData>
      <Point><coordinates>100.5511892,13.7347266,0</coordinates></Point>
    </Placemark>
    <Placemark>
      <styleUrl>#cm0</styleUrl>
      <name>Pisces Coffee Bangkok</name>
      <description>⭐ 5.0 (70 รีวิว) · Matcha Cafe · Lak Si · ฿
112 54 Soi Ngam Wong Wan 43, Lane 7, Khwaeng Thung Song Hong, Khet Lak Si, Krung Thep Maha Nakhon 10210, Thailand
https://www.google.com/maps/place/?q=place_id:ChIJQ-iJqg2d4jARIERsrr-A4YE
ข้อมูลจาก ChefMinistry — chefministry.com</description>
      <ExtendedData>
        <Data name="rating"><value>5.0</value></Data>
        <Data name="reviews"><value>70</value></Data>
        <Data name="cuisine"><value>Matcha Cafe</value></Data>
        <Data name="area"><value>Lak Si</value></Data>
        <Data name="google_maps"><value>https://www.google.com/maps/place/?q=place_id:ChIJQ-iJqg2d4jARIERsrr-A4YE</value></Data>
      </ExtendedData>
      <Point><coordinates>100.54840229999999,13.8582886,0</coordinates></Point>
    </Placemark>
    <Placemark>
      <styleUrl>#cm0</styleUrl>
      <name>Yugen Cha มัทฉะ - สาขาสีลม</name>
      <description>⭐ 4.9 (72 รีวิว) · Matcha Cafe · กรุงเทพ · ฿
ธนิยะ พลาซ่า ถนนสีลม ชั้น 3 ทางเข้า BTS BO-301A-B,BO-302A B 52 Khwaeng Suriya Wong, Khet Bang Rak, Krung Thep Maha Nakhon 10500, Thailand
https://www.google.com/maps/place/?q=place_id:ChIJbTcAefCZ4jARGH4yKeZB9yg
ข้อมูลจาก ChefMinistry — chefministry.com</description>
      <ExtendedData>
        <Data name="rating"><value>4.9</value></Data>
        <Data name="reviews"><value>72</value></Data>
        <Data name="cuisine"><value>Matcha Cafe</value></Data>
        <Data name="area"><value>กรุงเทพ</value></Data>
        <Data name="google_maps"><value>https://www.google.com/maps/place/?q=place_id:ChIJbTcAefCZ4jARGH4yKeZB9yg</value></Data>
      </ExtendedData>
      <Point><coordinates>100.53377479999999,13.7285513,0</coordinates></Point>
    </Placemark>
    <Placemark>
      <styleUrl>#cm0</styleUrl>
      <name>SO! Matcha</name>
      <description>⭐ 4.3 (105 รีวิว) · Matcha Cafe · Phra Khanong · ฿
ชั้น 1 อาคาร ทีวัน 8 Soi Sukhumvit 40, พระโขนง Khet Khlong Toei, Krung Thep Maha Nakhon 10110, Thailand
https://www.google.com/maps/place/?q=place_id:ChIJSyQqCeCf4jAR2qPMVpNTsFI
ข้อมูลจาก ChefMinistry — chefministry.com</description>
      <ExtendedData>
        <Data name="rating"><value>4.3</value></Data>
        <Data name="reviews"><value>105</value></Data>
        <Data name="cuisine"><value>Matcha Cafe</value></Data>
        <Data name="area"><value>Phra Khanong</value></Data>
        <Data name="google_maps"><value>https://www.google.com/maps/place/?q=place_id:ChIJSyQqCeCf4jAR2qPMVpNTsFI</value></Data>
      </ExtendedData>
      <Point><coordinates>100.5804259,13.7223686,0</coordinates></Point>
    </Placemark>
    <Placemark>
      <styleUrl>#cm0</styleUrl>
      <name>Matcha Hachine โชคชัย4</name>
      <description>⭐ 4.9 (67 รีวิว) · Matcha Cafe · Lat Phrao · ฿
2 1 Soi Nak Niwat 27, Khwaeng Lat Phrao, Khet Lat Phrao, Krung Thep Maha Nakhon 10230, Thailand
https://www.google.com/maps/place/?q=place_id:ChIJ1ba_hESd4jARj_zA1L0InTI
ข้อมูลจาก ChefMinistry — chefministry.com</description>
      <ExtendedData>
        <Data name="rating"><value>4.9</value></Data>
        <Data name="reviews"><value>67</value></Data>
        <Data name="cuisine"><value>Matcha Cafe</value></Data>
        <Data name="area"><value>Lat Phrao</value></Data>
        <Data name="google_maps"><value>https://www.google.com/maps/place/?q=place_id:ChIJ1ba_hESd4jARj_zA1L0InTI</value></Data>
      </ExtendedData>
      <Point><coordinates>100.6074994,13.805873000000002,0</coordinates></Point>
    </Placemark>
    <Placemark>
      <styleUrl>#cm0</styleUrl>
      <name>THAO MATCHA</name>
      <description>⭐ 5.0 (62 รีวิว) · Matcha Cafe · Khlong Toei · ฿
599 Thanon Chuea Phloeng, Khwaeng Khlong Toei, Khet Khlong Toei, Krung Thep Maha Nakhon 10110, Thailand
https://www.google.com/maps/place/?q=place_id:ChIJK1MmeBCf4jARJ9u0PeEmAyU
ข้อมูลจาก ChefMinistry — chefministry.com</description>
      <ExtendedData>
        <Data name="rating"><value>5.0</value></Data>
        <Data name="reviews"><value>62</value></Data>
        <Data name="cuisine"><value>Matcha Cafe</value></Data>
        <Data name="area"><value>Khlong Toei</value></Data>
        <Data name="google_maps"><value>https://www.google.com/maps/place/?q=place_id:ChIJK1MmeBCf4jARJ9u0PeEmAyU</value></Data>
      </ExtendedData>
      <Point><coordinates>100.5541525,13.7152304,0</coordinates></Point>
    </Placemark>
    <Placemark>
      <styleUrl>#cm0</styleUrl>
      <name>TOKU DESSERT(卜一𠂊) At Central World</name>
      <description>⭐ 4.4 (93 รีวิว) · Matcha Cafe · Pathumwan · ฿฿
Central World 3rd Floor, 999/9 ถ. พระรามที่ 1 แขวงปทุมวัน เขตปทุมวัน กรุงเทพมหานคร 10330, Thailand
https://www.google.com/maps/place/?q=place_id:ChIJF8GLKCqf4jARnJNccLEBKOk
ข้อมูลจาก ChefMinistry — chefministry.com</description>
      <ExtendedData>
        <Data name="rating"><value>4.4</value></Data>
        <Data name="reviews"><value>93</value></Data>
        <Data name="cuisine"><value>Matcha Cafe</value></Data>
        <Data name="area"><value>Pathumwan</value></Data>
        <Data name="google_maps"><value>https://www.google.com/maps/place/?q=place_id:ChIJF8GLKCqf4jARnJNccLEBKOk</value></Data>
      </ExtendedData>
      <Point><coordinates>100.53955289999999,13.7462816,0</coordinates></Point>
    </Placemark>
    <Placemark>
      <styleUrl>#cm0</styleUrl>
      <name>MEZZO X DRIP รามอินทรา 5</name>
      <description>⭐ 4.6 (78 รีวิว) · Cafe · Bang Khen · ฿
50 8 Soi Rarm Intra 5, Lane 19, Khwaeng Anusawari, Khet Bang Khen, Krung Thep Maha Nakhon 10220, Thailand
https://www.google.com/maps/place/?q=place_id:ChIJCXlJXY6D4jARTwecbAwwpiE
ข้อมูลจาก ChefMinistry — chefministry.com</description>
      <ExtendedData>
        <Data name="rating"><value>4.6</value></Data>
        <Data name="reviews"><value>78</value></Data>
        <Data name="cuisine"><value>Cafe</value></Data>
        <Data name="area"><value>Bang Khen</value></Data>
        <Data name="google_maps"><value>https://www.google.com/maps/place/?q=place_id:ChIJCXlJXY6D4jARTwecbAwwpiE</value></Data>
      </ExtendedData>
      <Point><coordinates>100.61866940000002,13.875004899999999,0</coordinates></Point>
    </Placemark>
    <Placemark>
      <styleUrl>#cm0</styleUrl>
      <name>Hon to Shiki</name>
      <description>⭐ 4.7 (71 รีวิว) · Matcha Cafe · Bang Khae · ฿
38 Soi Phet Kasem 84, Khwaeng Bang Khae Nuea, Khet Bang Khae, Krung Thep Maha Nakhon 10160, Thailand
https://www.google.com/maps/place/?q=place_id:ChIJR8dIU-aX4jARfMokNow4FYA
ข้อมูลจาก ChefMinistry — chefministry.com</description>
      <ExtendedData>
        <Data name="rating"><value>4.7</value></Data>
        <Data name="reviews"><value>71</value></Data>
        <Data name="cuisine"><value>Matcha Cafe</value></Data>
        <Data name="area"><value>Bang Khae</value></Data>
        <Data name="google_maps"><value>https://www.google.com/maps/place/?q=place_id:ChIJR8dIU-aX4jARfMokNow4FYA</value></Data>
      </ExtendedData>
      <Point><coordinates>100.4090889,13.7142039,0</coordinates></Point>
    </Placemark>
    <Placemark>
      <styleUrl>#cm0</styleUrl>
      <name>Vintage 41 Matcha Bar</name>
      <description>⭐ 5.0 (54 รีวิว) · Matcha Cafe · Chatuchak · ฿
127/2 Soi Lat Phrao 41, Lane 6-2, Khwaeng Chan Kasem, Khet Chatuchak, Krung Thep Maha Nakhon 10900, Thailand
https://www.google.com/maps/place/?q=place_id:ChIJmRI-9z6d4jARHNTUAm_6Qkg
ข้อมูลจาก ChefMinistry — chefministry.com</description>
      <ExtendedData>
        <Data name="rating"><value>5.0</value></Data>
        <Data name="reviews"><value>54</value></Data>
        <Data name="cuisine"><value>Matcha Cafe</value></Data>
        <Data name="area"><value>Chatuchak</value></Data>
        <Data name="google_maps"><value>https://www.google.com/maps/place/?q=place_id:ChIJmRI-9z6d4jARHNTUAm_6Qkg</value></Data>
      </ExtendedData>
      <Point><coordinates>100.5850306,13.804335300000002,0</coordinates></Point>
    </Placemark>
    <Placemark>
      <styleUrl>#cm0</styleUrl>
      <name>Frontyard Cafe ฟร้อนท์ยาร์ดคาเฟ่</name>
      <description>⭐ 4.7 (66 รีวิว) · Cafe · Bangkok · ฿฿
ลาดยาว, 49/4 Soi Than Phuying Phahon, Khwaeng Lat Yao, Khet Chatuchak, Krung Thep Maha Nakhon 10900, Thailand
https://www.google.com/maps/place/?q=place_id:ChIJBTsEXQCd4jARjxovuiEjl6s
ข้อมูลจาก ChefMinistry — chefministry.com</description>
      <ExtendedData>
        <Data name="rating"><value>4.7</value></Data>
        <Data name="reviews"><value>66</value></Data>
        <Data name="cuisine"><value>Cafe</value></Data>
        <Data name="area"><value>Bangkok</value></Data>
        <Data name="google_maps"><value>https://www.google.com/maps/place/?q=place_id:ChIJBTsEXQCd4jARjxovuiEjl6s</value></Data>
      </ExtendedData>
      <Point><coordinates>100.5703702,13.8396191,0</coordinates></Point>
    </Placemark>
    <Placemark>
      <styleUrl>#cm0</styleUrl>
      <name>Hidden leaf matcha (ทรงวาด)</name>
      <description>⭐ 4.9 (53 รีวิว) · Matcha Cafe · Yaowarat · ฿
1488 Song Wat Rd, Khwaeng Samphanthawong, Khet Samphanthawong, Krung Thep Maha Nakhon 10100, Thailand
https://www.google.com/maps/place/?q=place_id:ChIJ-490iiCZ4jARW0gr0LPUlM8
ข้อมูลจาก ChefMinistry — chefministry.com</description>
      <ExtendedData>
        <Data name="rating"><value>4.9</value></Data>
        <Data name="reviews"><value>53</value></Data>
        <Data name="cuisine"><value>Matcha Cafe</value></Data>
        <Data name="area"><value>Yaowarat</value></Data>
        <Data name="google_maps"><value>https://www.google.com/maps/place/?q=place_id:ChIJ-490iiCZ4jARW0gr0LPUlM8</value></Data>
      </ExtendedData>
      <Point><coordinates>100.5098763,13.7367679,0</coordinates></Point>
    </Placemark>
    <Placemark>
      <styleUrl>#cm0</styleUrl>
      <name>Rocky Rooster Cafe</name>
      <description>⭐ 4.5 (69 รีวิว) · Cafe · Khan Na Yao · ฿฿
19 Soi Khu Bon 26, Khwaeng Ram Inthra, Khet Khan Na Yao, Krung Thep Maha Nakhon 10230, Thailand
https://www.google.com/maps/place/?q=place_id:ChIJH6KDm7Kf4jARg7tLufpAvJA
ข้อมูลจาก ChefMinistry — chefministry.com</description>
      <ExtendedData>
        <Data name="rating"><value>4.5</value></Data>
        <Data name="reviews"><value>69</value></Data>
        <Data name="cuisine"><value>Cafe</value></Data>
        <Data name="area"><value>Khan Na Yao</value></Data>
        <Data name="google_maps"><value>https://www.google.com/maps/place/?q=place_id:ChIJH6KDm7Kf4jARg7tLufpAvJA</value></Data>
      </ExtendedData>
      <Point><coordinates>100.6697549,13.849001999999999,0</coordinates></Point>
    </Placemark>
    <Placemark>
      <styleUrl>#cm0</styleUrl>
      <name>หวานละมุน Bake Studio</name>
      <description>⭐ 4.6 (64 รีวิว) · Bakery · Sathorn · ฿฿
95 Thanon Chan, Khwaeng Thung Wat Don, Khet Sathon, Krung Thep Maha Nakhon 10120, Thailand
https://www.google.com/maps/place/?q=place_id:ChIJH8Sz5S2f4jARbLlJiWjbFU8
ข้อมูลจาก ChefMinistry — chefministry.com</description>
      <ExtendedData>
        <Data name="rating"><value>4.6</value></Data>
        <Data name="reviews"><value>64</value></Data>
        <Data name="cuisine"><value>Bakery</value></Data>
        <Data name="area"><value>Sathorn</value></Data>
        <Data name="google_maps"><value>https://www.google.com/maps/place/?q=place_id:ChIJH8Sz5S2f4jARbLlJiWjbFU8</value></Data>
      </ExtendedData>
      <Point><coordinates>100.52650159999999,13.7061599,0</coordinates></Point>
    </Placemark>
    <Placemark>
      <styleUrl>#cm0</styleUrl>
      <name>Sha Teahouse</name>
      <description>⭐ 4.6 (56 รีวิว) · Cafe · Pathumwan · ฿
Gucci - Central Embassy 1031 Thanon Phloen Chit, Khwaeng Lumphini, Pathum Wan, Krung Thep Maha Nakhon 10330, Thailand
https://www.google.com/maps/place/?q=place_id:ChIJd4NsqWWf4jARNOs6_Dxs63A
ข้อมูลจาก ChefMinistry — chefministry.com</description>
      <ExtendedData>
        <Data name="rating"><value>4.6</value></Data>
        <Data name="reviews"><value>56</value></Data>
        <Data name="cuisine"><value>Cafe</value></Data>
        <Data name="area"><value>Pathumwan</value></Data>
        <Data name="google_maps"><value>https://www.google.com/maps/place/?q=place_id:ChIJd4NsqWWf4jARNOs6_Dxs63A</value></Data>
      </ExtendedData>
      <Point><coordinates>100.5459506,13.743910699999999,0</coordinates></Point>
    </Placemark>
  </Folder>
  <Style id="cm1"><IconStyle><color>ff2b52c9</color><Icon><href>http://maps.google.com/mapfiles/kml/shapes/dining.png</href></Icon></IconStyle></Style>
  <Folder>
    <name>🍽️ Fine Dining &amp; Omakase</name>
    <Placemark>
      <styleUrl>#cm1</styleUrl>
      <name>Octave Rooftop Lounge and Bar Bangkok Marriott Hotel Sukhumvit</name>
      <description>⭐ 4.4 (6,131 รีวิว) · Other · Thonglor · ฿฿฿฿
2 ซอย, Sukhumvit Rd, Khwaeng Khlong Tan Nuea, Watthana, Krung Thep Maha Nakhon 10110, Thailand
https://www.google.com/maps/place/?q=place_id:ChIJhxshNqWf4jARgYxEW8hBGcE
ข้อมูลจาก ChefMinistry — chefministry.com</description>
      <ExtendedData>
        <Data name="rating"><value>4.4</value></Data>
        <Data name="reviews"><value>6131</value></Data>
        <Data name="cuisine"><value>Other</value></Data>
        <Data name="area"><value>Thonglor</value></Data>
        <Data name="google_maps"><value>https://www.google.com/maps/place/?q=place_id:ChIJhxshNqWf4jARgYxEW8hBGcE</value></Data>
      </ExtendedData>
      <Point><coordinates>100.58054260000002,13.723502300000002,0</coordinates></Point>
    </Placemark>
    <Placemark>
      <styleUrl>#cm1</styleUrl>
      <name>Sühring</name>
      <description>⭐ 4.6 (1,740 รีวิว) · Modern German Fine Dining · Yan Nawa · ฿฿฿
10 Soi Yen Akat 3, Khwaeng Chong Nonsi, Khet Yan Nawa, Krung Thep Maha Nakhon 10120, Thailand
https://www.google.com/maps/place/?q=place_id:ChIJa4FyWkef4jARYosTC995W8U
ข้อมูลจาก ChefMinistry — chefministry.com</description>
      <ExtendedData>
        <Data name="rating"><value>4.6</value></Data>
        <Data name="reviews"><value>1740</value></Data>
        <Data name="cuisine"><value>Modern German Fine Dining</value></Data>
        <Data name="area"><value>Yan Nawa</value></Data>
        <Data name="google_maps"><value>https://www.google.com/maps/place/?q=place_id:ChIJa4FyWkef4jARYosTC995W8U</value></Data>
      </ExtendedData>
      <Point><coordinates>100.54548709999999,13.7108133,0</coordinates></Point>
    </Placemark>
    <Placemark>
      <styleUrl>#cm1</styleUrl>
      <name>Su Ra Kan</name>
      <description>⭐ 4.8 (1,212 รีวิว) · Korean · Ekkamai · ฿฿฿
เลขที่ 126/7-8, ปาร์ค อเวนิว, Thanon Ekkamai, Khwaeng Khlong Tan Nuea, Watthana, Krung Thep Maha Nakhon 10110, Thailand
https://www.google.com/maps/place/?q=place_id:ChIJiT2icQCf4jAR_jS4pyWfgUs
ข้อมูลจาก ChefMinistry — chefministry.com</description>
      <ExtendedData>
        <Data name="rating"><value>4.8</value></Data>
        <Data name="reviews"><value>1212</value></Data>
        <Data name="cuisine"><value>Korean</value></Data>
        <Data name="area"><value>Ekkamai</value></Data>
        <Data name="google_maps"><value>https://www.google.com/maps/place/?q=place_id:ChIJiT2icQCf4jAR_jS4pyWfgUs</value></Data>
      </ExtendedData>
      <Point><coordinates>100.5871379,13.731514899999999,0</coordinates></Point>
    </Placemark>
    <Placemark>
      <styleUrl>#cm1</styleUrl>
      <name>Khao เอกมัย</name>
      <description>⭐ 4.4 (1,602 รีวิว) · Thai · Ekkamai · ฿฿฿฿
15 Soi Charoen Mit, Khwaeng Khlong Tan Nuea, Khlongtun Nua, Krung Thep Maha Nakhon 10110, Thailand
https://www.google.com/maps/place/?q=place_id:ChIJ90yP-aqf4jARQCQP5J9K69c
ข้อมูลจาก ChefMinistry — chefministry.com</description>
      <ExtendedData>
        <Data name="rating"><value>4.4</value></Data>
        <Data name="reviews"><value>1602</value></Data>
        <Data name="cuisine"><value>Thai</value></Data>
        <Data name="area"><value>Ekkamai</value></Data>
        <Data name="google_maps"><value>https://www.google.com/maps/place/?q=place_id:ChIJ90yP-aqf4jARQCQP5J9K69c</value></Data>
      </ExtendedData>
      <Point><coordinates>100.58784449999999,13.7292347,0</coordinates></Point>
    </Placemark>
    <Placemark>
      <styleUrl>#cm1</styleUrl>
      <name>Gogilang โกกิลัง 고기랑</name>
      <description>⭐ 4.8 (1,182 รีวิว) · Korean · Pathumwan · ฿฿฿
2030 Banthat Thong Rd, Khwaeng Wang Mai, Pathum Wan, Krung Thep Maha Nakhon 10330, Thailand
https://www.google.com/maps/place/?q=place_id:ChIJJ9awVP6Z4jARG63KgxNla-Y
ข้อมูลจาก ChefMinistry — chefministry.com</description>
      <ExtendedData>
        <Data name="rating"><value>4.8</value></Data>
        <Data name="reviews"><value>1182</value></Data>
        <Data name="cuisine"><value>Korean</value></Data>
        <Data name="area"><value>Pathumwan</value></Data>
        <Data name="google_maps"><value>https://www.google.com/maps/place/?q=place_id:ChIJJ9awVP6Z4jARG63KgxNla-Y</value></Data>
      </ExtendedData>
      <Point><coordinates>100.521701,13.7369237,0</coordinates></Point>
    </Placemark>
    <Placemark>
      <styleUrl>#cm1</styleUrl>
      <name>YAKINIKU MASTER SHOUTAIAN (MATSUSAKA WAGYU)</name>
      <description>⭐ 4.9 (993 รีวิว) · Yakiniku · Watthana · ฿฿฿
27 Hotel Nikko Bangkok,3rdFloor,315 Room, ถ. ทองหล่อ klongton-nua, เขตวัฒนา กรุงเทพมหานคร 10110, Thailand
https://www.google.com/maps/place/?q=place_id:ChIJFb6qt_ef4jAR3BgU450v7D4
ข้อมูลจาก ChefMinistry — chefministry.com</description>
      <ExtendedData>
        <Data name="rating"><value>4.9</value></Data>
        <Data name="reviews"><value>993</value></Data>
        <Data name="cuisine"><value>Yakiniku</value></Data>
        <Data name="area"><value>Watthana</value></Data>
        <Data name="google_maps"><value>https://www.google.com/maps/place/?q=place_id:ChIJFb6qt_ef4jAR3BgU450v7D4</value></Data>
      </ExtendedData>
      <Point><coordinates>100.578863,13.725210299999999,0</coordinates></Point>
    </Placemark>
    <Placemark>
      <styleUrl>#cm1</styleUrl>
      <name>肉々亭 Shishitei 肉々亭 Shishitei</name>
      <description>⭐ 4.8 (999 รีวิว) · Japanese · Ekkamai · ฿฿฿
111/3 Soi Ekkamai 5, Khwaeng Khlong Tan Nuea, Watthana, Krung Thep Maha Nakhon 10110, Thailand
https://www.google.com/maps/place/?q=place_id:ChIJM_5XpNqf4jAR_Zd0Vf4erZc
ข้อมูลจาก ChefMinistry — chefministry.com</description>
      <ExtendedData>
        <Data name="rating"><value>4.8</value></Data>
        <Data name="reviews"><value>999</value></Data>
        <Data name="cuisine"><value>Japanese</value></Data>
        <Data name="area"><value>Ekkamai</value></Data>
        <Data name="google_maps"><value>https://www.google.com/maps/place/?q=place_id:ChIJM_5XpNqf4jAR_Zd0Vf4erZc</value></Data>
      </ExtendedData>
      <Point><coordinates>100.58514319999999,13.7309013,0</coordinates></Point>
    </Placemark>
    <Placemark>
      <styleUrl>#cm1</styleUrl>
      <name>ROKUTAN Yakiniku</name>
      <description>⭐ 4.9 (783 รีวิว) · Yakiniku · Wang Thonglang · ฿฿฿
445/4 Pradit Manutham Rd, Khwaeng Wang Thonglang, Khet Wang Thonglang, Krung Thep Maha Nakhon 10310, Thailand
https://www.google.com/maps/place/?q=place_id:ChIJl0irLMmf4jAR45V8S7VGbxo
ข้อมูลจาก ChefMinistry — chefministry.com</description>
      <ExtendedData>
        <Data name="rating"><value>4.9</value></Data>
        <Data name="reviews"><value>783</value></Data>
        <Data name="cuisine"><value>Yakiniku</value></Data>
        <Data name="area"><value>Wang Thonglang</value></Data>
        <Data name="google_maps"><value>https://www.google.com/maps/place/?q=place_id:ChIJl0irLMmf4jAR45V8S7VGbxo</value></Data>
      </ExtendedData>
      <Point><coordinates>100.60628969999999,13.776408799999999,0</coordinates></Point>
    </Placemark>
    <Placemark>
      <styleUrl>#cm1</styleUrl>
      <name>Sushi Masato</name>
      <description>⭐ 4.8 (799 รีวิว) · Japanese Omakase · Watthana · ฿฿฿
3 22 Soi Sawatdi, Khwaeng Khlong Toei Nuea, Watthana, Krung Thep Maha Nakhon 10110, Thailand
https://www.google.com/maps/place/?q=place_id:ChIJob7bn_2e4jARUP-ZMAVjLc8
ข้อมูลจาก ChefMinistry — chefministry.com</description>
      <ExtendedData>
        <Data name="rating"><value>4.8</value></Data>
        <Data name="reviews"><value>799</value></Data>
        <Data name="cuisine"><value>Japanese Omakase</value></Data>
        <Data name="area"><value>Watthana</value></Data>
        <Data name="google_maps"><value>https://www.google.com/maps/place/?q=place_id:ChIJob7bn_2e4jARUP-ZMAVjLc8</value></Data>
      </ExtendedData>
      <Point><coordinates>100.5661069,13.734469899999999,0</coordinates></Point>
    </Placemark>
    <Placemark>
      <styleUrl>#cm1</styleUrl>
      <name>Nihon No Yakiniku นิฮนโนะยากินิกุ 日本の焼肉</name>
      <description>⭐ 4.9 (745 รีวิว) · Yakiniku · Bang Rak · ฿฿฿
9 2 Soi Anuman 1/1, Khwaeng Suriya Wong, Khet Bang Rak, Krung Thep Maha Nakhon 10500, Thailand
https://www.google.com/maps/place/?q=place_id:ChIJp-wvAQCf4jAR2aisa7fWnU8
ข้อมูลจาก ChefMinistry — chefministry.com</description>
      <ExtendedData>
        <Data name="rating"><value>4.9</value></Data>
        <Data name="reviews"><value>745</value></Data>
        <Data name="cuisine"><value>Yakiniku</value></Data>
        <Data name="area"><value>Bang Rak</value></Data>
        <Data name="google_maps"><value>https://www.google.com/maps/place/?q=place_id:ChIJp-wvAQCf4jAR2aisa7fWnU8</value></Data>
      </ExtendedData>
      <Point><coordinates>100.5300542,13.728992,0</coordinates></Point>
    </Placemark>
    <Placemark>
      <styleUrl>#cm1</styleUrl>
      <name>298 Nikuya Yakiniku</name>
      <description>⭐ 4.9 (714 รีวิว) · Yakiniku · Watthana · ฿฿฿
2/34 Soi Sukhumvit 41, Khwaeng Khlong Tan Nuea, Watthana, Krung Thep Maha Nakhon 10110, Thailand
https://www.google.com/maps/place/?q=place_id:ChIJf9_CQHaf4jARb9vVCkBnhnI
ข้อมูลจาก ChefMinistry — chefministry.com</description>
      <ExtendedData>
        <Data name="rating"><value>4.9</value></Data>
        <Data name="reviews"><value>714</value></Data>
        <Data name="cuisine"><value>Yakiniku</value></Data>
        <Data name="area"><value>Watthana</value></Data>
        <Data name="google_maps"><value>https://www.google.com/maps/place/?q=place_id:ChIJf9_CQHaf4jARb9vVCkBnhnI</value></Data>
      </ExtendedData>
      <Point><coordinates>100.5726534,13.7293722,0</coordinates></Point>
    </Placemark>
    <Placemark>
      <styleUrl>#cm1</styleUrl>
      <name>GAMSA Korean BBQ House</name>
      <description>⭐ 4.8 (745 รีวิว) · Korean · Phaya Thai · ฿฿฿
25/4 Soi King Chamnan Aksorn, Phaya Thai, Khet Phaya Thai, Krung Thep Maha Nakhon 10400, Thailand
https://www.google.com/maps/place/?q=place_id:ChIJ-x8i3-qd4jARdOyx5awArGQ
ข้อมูลจาก ChefMinistry — chefministry.com</description>
      <ExtendedData>
        <Data name="rating"><value>4.8</value></Data>
        <Data name="reviews"><value>745</value></Data>
        <Data name="cuisine"><value>Korean</value></Data>
        <Data name="area"><value>Phaya Thai</value></Data>
        <Data name="google_maps"><value>https://www.google.com/maps/place/?q=place_id:ChIJ-x8i3-qd4jARdOyx5awArGQ</value></Data>
      </ExtendedData>
      <Point><coordinates>100.5455497,13.785862199999999,0</coordinates></Point>
    </Placemark>
    <Placemark>
      <styleUrl>#cm1</styleUrl>
      <name>R.HAAN</name>
      <description>⭐ 4.3 (1,051 รีวิว) · Thai · Thonglor · ฿฿฿
131 ซอย ทองหล่อ 9 Khwaeng Khlong Tan Nuea, Watthana, Krung Thep Maha Nakhon 10110, Thailand
https://www.google.com/maps/place/?q=place_id:ChIJ-dmMWquf4jAREDFTxbjSFh0
ข้อมูลจาก ChefMinistry — chefministry.com</description>
      <ExtendedData>
        <Data name="rating"><value>4.3</value></Data>
        <Data name="reviews"><value>1051</value></Data>
        <Data name="cuisine"><value>Thai</value></Data>
        <Data name="area"><value>Thonglor</value></Data>
        <Data name="google_maps"><value>https://www.google.com/maps/place/?q=place_id:ChIJ-dmMWquf4jAREDFTxbjSFh0</value></Data>
      </ExtendedData>
      <Point><coordinates>100.5795655,13.731832100000002,0</coordinates></Point>
    </Placemark>
    <Placemark>
      <styleUrl>#cm1</styleUrl>
      <name>พีซ โอเรียนทอล ทีเฮ้าส์</name>
      <description>⭐ 4.5 (860 รีวิว) · Matcha Cafe · Watthana · ฿฿฿
47 Soi Sukhumvit 49/1, Khwaeng Khlong Tan Nuea, Watthana, Krung Thep Maha Nakhon 10110, Thailand
https://www.google.com/maps/place/?q=place_id:ChIJl-6ex6qf4jAR6SkFD41m0Og
ข้อมูลจาก ChefMinistry — chefministry.com</description>
      <ExtendedData>
        <Data name="rating"><value>4.5</value></Data>
        <Data name="reviews"><value>860</value></Data>
        <Data name="cuisine"><value>Matcha Cafe</value></Data>
        <Data name="area"><value>Watthana</value></Data>
        <Data name="google_maps"><value>https://www.google.com/maps/place/?q=place_id:ChIJl-6ex6qf4jAR6SkFD41m0Og</value></Data>
      </ExtendedData>
      <Point><coordinates>100.5760389,13.731799100000002,0</coordinates></Point>
    </Placemark>
    <Placemark>
      <styleUrl>#cm1</styleUrl>
      <name>Wolfgang's Steakhouse Bangkok</name>
      <description>⭐ 4.7 (730 รีวิว) · American Steakhouse · Pathumwan · ฿฿฿
One Bangkok 199 Storey's 3rd Floor Khwaeng Lumphini, Pathum Wan, Krung Thep Maha Nakhon 10330, Thailand
https://www.google.com/maps/place/?q=place_id:ChIJlRJUVSif4jARmqSVwEYnLQs
ข้อมูลจาก ChefMinistry — chefministry.com</description>
      <ExtendedData>
        <Data name="rating"><value>4.7</value></Data>
        <Data name="reviews"><value>730</value></Data>
        <Data name="cuisine"><value>American Steakhouse</value></Data>
        <Data name="area"><value>Pathumwan</value></Data>
        <Data name="google_maps"><value>https://www.google.com/maps/place/?q=place_id:ChIJlRJUVSif4jARmqSVwEYnLQs</value></Data>
      </ExtendedData>
      <Point><coordinates>100.54540720000001,13.726869899999999,0</coordinates></Point>
    </Placemark>
    <Placemark>
      <styleUrl>#cm1</styleUrl>
      <name>ยะกินิกุ เอ็น</name>
      <description>⭐ 4.7 (703 รีวิว) · Yakiniku · คลองเตย · ฿฿฿
เลขที่ 18 ห้องเลขที่ A107 Bambini Villa 108 ชั้น 1 ซ. อรรถกระวี 1 Khwaeng Khlong Tan, Khet Khlong Toei, Krung Thep Maha Nakhon 10110, Thailand
https://www.google.com/maps/place/?q=place_id:ChIJMVu6FgGf4jARmGv42i21mZA
ข้อมูลจาก ChefMinistry — chefministry.com</description>
      <ExtendedData>
        <Data name="rating"><value>4.7</value></Data>
        <Data name="reviews"><value>703</value></Data>
        <Data name="cuisine"><value>Yakiniku</value></Data>
        <Data name="area"><value>คลองเตย</value></Data>
        <Data name="google_maps"><value>https://www.google.com/maps/place/?q=place_id:ChIJMVu6FgGf4jARmGv42i21mZA</value></Data>
      </ExtendedData>
      <Point><coordinates>100.57047730000001,13.719352299999999,0</coordinates></Point>
    </Placemark>
    <Placemark>
      <styleUrl>#cm1</styleUrl>
      <name>Saneh Jaan</name>
      <description>⭐ 4.3 (940 รีวิว) · Thai Fine Dining · Pathumwan · ฿฿฿
130 Thanon Witthayu, Khwaeng Lumphini, Pathum Wan, Krung Thep Maha Nakhon 10330, Thailand
https://www.google.com/maps/place/?q=place_id:ChIJUWI9ztie4jARZTiHjCyTWao
ข้อมูลจาก ChefMinistry — chefministry.com</description>
      <ExtendedData>
        <Data name="rating"><value>4.3</value></Data>
        <Data name="reviews"><value>940</value></Data>
        <Data name="cuisine"><value>Thai Fine Dining</value></Data>
        <Data name="area"><value>Pathumwan</value></Data>
        <Data name="google_maps"><value>https://www.google.com/maps/place/?q=place_id:ChIJUWI9ztie4jARZTiHjCyTWao</value></Data>
      </ExtendedData>
      <Point><coordinates>100.5457857,13.735553699999999,0</coordinates></Point>
    </Placemark>
    <Placemark>
      <styleUrl>#cm1</styleUrl>
      <name>Gaa</name>
      <description>⭐ 4.4 (861 รีวิว) · Indian Progressive Fine Dining · Watthana · ฿฿฿
46, 1 Soi Sukhumvit 53, Khwaeng Khlong Tan Nuea, Watthana, Krung Thep Maha Nakhon 10110, Thailand
https://www.google.com/maps/place/?q=place_id:ChIJ9Rn3Stqe4jARvC9rgWzu31Q
ข้อมูลจาก ChefMinistry — chefministry.com</description>
      <ExtendedData>
        <Data name="rating"><value>4.4</value></Data>
        <Data name="reviews"><value>861</value></Data>
        <Data name="cuisine"><value>Indian Progressive Fine Dining</value></Data>
        <Data name="area"><value>Watthana</value></Data>
        <Data name="google_maps"><value>https://www.google.com/maps/place/?q=place_id:ChIJ9Rn3Stqe4jARvC9rgWzu31Q</value></Data>
      </ExtendedData>
      <Point><coordinates>100.5782473,13.7273792,0</coordinates></Point>
    </Placemark>
    <Placemark>
      <styleUrl>#cm1</styleUrl>
      <name>Côte by Mauro Colagreco</name>
      <description>⭐ 4.8 (629 รีวิว) · Mediterranean Fine Dining · Bangkok · ฿฿฿
300/2 ถ. เจริญกรุง Khwaeng Yan Nawa, Khet Sathon, Krung Thep Maha Nakhon 10120, Thailand
https://www.google.com/maps/place/?q=place_id:ChIJf8OOlnmZ4jAR1XxCVTOPfPY
ข้อมูลจาก ChefMinistry — chefministry.com</description>
      <ExtendedData>
        <Data name="rating"><value>4.8</value></Data>
        <Data name="reviews"><value>629</value></Data>
        <Data name="cuisine"><value>Mediterranean Fine Dining</value></Data>
        <Data name="area"><value>Bangkok</value></Data>
        <Data name="google_maps"><value>https://www.google.com/maps/place/?q=place_id:ChIJf8OOlnmZ4jAR1XxCVTOPfPY</value></Data>
      </ExtendedData>
      <Point><coordinates>100.51084689999999,13.7130923,0</coordinates></Point>
    </Placemark>
    <Placemark>
      <styleUrl>#cm1</styleUrl>
      <name>เรนะ ยากินิกุ บุฟเฟต์ปิ้งย่างสไตล์ญี่ปุ่น</name>
      <description>⭐ 4.8 (591 รีวิว) · Yakiniku · Bang Kho Laem · ฿฿฿
101(A, Eatery, Thanon Charoen Rat, Khwaeng Bang Khlo, Khet Bang Kho Laem, Krung Thep Maha Nakhon 10120, Thailand
https://www.google.com/maps/place/?q=place_id:ChIJJbgEqYKf4jARuX1osMXJd5M
ข้อมูลจาก ChefMinistry — chefministry.com</description>
      <ExtendedData>
        <Data name="rating"><value>4.8</value></Data>
        <Data name="reviews"><value>591</value></Data>
        <Data name="cuisine"><value>Yakiniku</value></Data>
        <Data name="area"><value>Bang Kho Laem</value></Data>
        <Data name="google_maps"><value>https://www.google.com/maps/place/?q=place_id:ChIJJbgEqYKf4jARuX1osMXJd5M</value></Data>
      </ExtendedData>
      <Point><coordinates>100.5120972,13.693097,0</coordinates></Point>
    </Placemark>
    <Placemark>
      <styleUrl>#cm1</styleUrl>
      <name>Restaurant POTONG</name>
      <description>⭐ 4.6 (674 รีวิว) · Progressive Thai-Chinese Fine Dining · Yaowarat · ฿฿฿
422 Soi Wanit 1, Khwaeng Samphanthawong, Khet Samphanthawong, Krung Thep Maha Nakhon 10100, Thailand
https://www.google.com/maps/place/?q=place_id:ChIJd7grWxeZ4jAR8KwClMpGmHo
ข้อมูลจาก ChefMinistry — chefministry.com</description>
      <ExtendedData>
        <Data name="rating"><value>4.6</value></Data>
        <Data name="reviews"><value>674</value></Data>
        <Data name="cuisine"><value>Progressive Thai-Chinese Fine Dining</value></Data>
        <Data name="area"><value>Yaowarat</value></Data>
        <Data name="google_maps"><value>https://www.google.com/maps/place/?q=place_id:ChIJd7grWxeZ4jAR8KwClMpGmHo</value></Data>
      </ExtendedData>
      <Point><coordinates>100.5084933,13.739154899999999,0</coordinates></Point>
    </Placemark>
    <Placemark>
      <styleUrl>#cm1</styleUrl>
      <name>Nusara</name>
      <description>⭐ 4.5 (721 รีวิว) · Modern Thai Fine Dining · Phra Nakhon · ฿฿฿
336 Thanon Maha Rat, Khwaeng Phra Borom Maha Ratchawang, Khet Phra Nakhon, Krung Thep Maha Nakhon 10200, Thailand
https://www.google.com/maps/place/?q=place_id:ChIJe_d6d0OZ4jARL0uQgNHQRPI
ข้อมูลจาก ChefMinistry — chefministry.com</description>
      <ExtendedData>
        <Data name="rating"><value>4.5</value></Data>
        <Data name="reviews"><value>721</value></Data>
        <Data name="cuisine"><value>Modern Thai Fine Dining</value></Data>
        <Data name="area"><value>Phra Nakhon</value></Data>
        <Data name="google_maps"><value>https://www.google.com/maps/place/?q=place_id:ChIJe_d6d0OZ4jARL0uQgNHQRPI</value></Data>
      </ExtendedData>
      <Point><coordinates>100.49152819999999,13.7457026,0</coordinates></Point>
    </Placemark>
    <Placemark>
      <styleUrl>#cm1</styleUrl>
      <name>โชไทอัน โตเกียว ชาบู ชาบู</name>
      <description>⭐ 4.8 (563 รีวิว) · Hot Pot / Suki · Pathumwan · ฿฿฿
34-3 Room 104 Vivre, Khwaeng Lumphini, Pathum Wan, Krung Thep Maha Nakhon 10330, Thailand
https://www.google.com/maps/place/?q=place_id:ChIJw1pD2VKf4jARKcEORByRS4M
ข้อมูลจาก ChefMinistry — chefministry.com</description>
      <ExtendedData>
        <Data name="rating"><value>4.8</value></Data>
        <Data name="reviews"><value>563</value></Data>
        <Data name="cuisine"><value>Hot Pot / Suki</value></Data>
        <Data name="area"><value>Pathumwan</value></Data>
        <Data name="google_maps"><value>https://www.google.com/maps/place/?q=place_id:ChIJw1pD2VKf4jARKcEORByRS4M</value></Data>
      </ExtendedData>
      <Point><coordinates>100.5433473,13.741714799999999,0</coordinates></Point>
    </Placemark>
    <Placemark>
      <styleUrl>#cm1</styleUrl>
      <name>คลังเนื้อ Yakiniku Grill &amp; Chill พรานนก</name>
      <description>⭐ 4.9 (514 รีวิว) · Yakiniku · Taling Chan · ฿฿฿
บางเชือกหนัก 59 Phran Nok Phutthamonthon Sai 4 Rd, Khwaeng Bang Chueak Nang, Khet Taling Chan, Krung Thep Maha Nakhon 10170, Thailand
https://www.google.com/maps/place/?q=place_id:ChIJB0KfVwGX4jARf4c7jwNSXRg
ข้อมูลจาก ChefMinistry — chefministry.com</description>
      <ExtendedData>
        <Data name="rating"><value>4.9</value></Data>
        <Data name="reviews"><value>514</value></Data>
        <Data name="cuisine"><value>Yakiniku</value></Data>
        <Data name="area"><value>Taling Chan</value></Data>
        <Data name="google_maps"><value>https://www.google.com/maps/place/?q=place_id:ChIJB0KfVwGX4jARf4c7jwNSXRg</value></Data>
      </ExtendedData>
      <Point><coordinates>100.40905869999999,13.754044799999999,0</coordinates></Point>
    </Placemark>
    <Placemark>
      <styleUrl>#cm1</styleUrl>
      <name>MIA Bangkok</name>
      <description>⭐ 4.8 (548 รีวิว) · Contemporary Fine Dining · Khlong Toei · ฿฿฿
30 Soi Attha Kawi 1, Khwaeng Khlong Tan, Khet Khlong Toei, Krung Thep Maha Nakhon 10110, Thailand
https://www.google.com/maps/place/?q=place_id:ChIJTbzH3iWf4jARdfwR4GLGTZ8
ข้อมูลจาก ChefMinistry — chefministry.com</description>
      <ExtendedData>
        <Data name="rating"><value>4.8</value></Data>
        <Data name="reviews"><value>548</value></Data>
        <Data name="cuisine"><value>Contemporary Fine Dining</value></Data>
        <Data name="area"><value>Khlong Toei</value></Data>
        <Data name="google_maps"><value>https://www.google.com/maps/place/?q=place_id:ChIJTbzH3iWf4jARdfwR4GLGTZ8</value></Data>
      </ExtendedData>
      <Point><coordinates>100.5712787,13.7213487,0</coordinates></Point>
    </Placemark>
    <Placemark>
      <styleUrl>#cm1</styleUrl>
      <name>Domo Yakiniku</name>
      <description>⭐ 4.8 (541 รีวิว) · Yakiniku · Pathumwan · ฿฿฿
Room 424-425 4th Floor, 991, Siam Center, Rama I Rd, Khwaeng Pathum Wan, Pathum Wan, Krung Thep Maha Nakhon 10330, Thailand
https://www.google.com/maps/place/?q=place_id:ChIJ7z7sVQCf4jARrBUgmNK8zJ4
ข้อมูลจาก ChefMinistry — chefministry.com</description>
      <ExtendedData>
        <Data name="rating"><value>4.8</value></Data>
        <Data name="reviews"><value>541</value></Data>
        <Data name="cuisine"><value>Yakiniku</value></Data>
        <Data name="area"><value>Pathumwan</value></Data>
        <Data name="google_maps"><value>https://www.google.com/maps/place/?q=place_id:ChIJ7z7sVQCf4jARrBUgmNK8zJ4</value></Data>
      </ExtendedData>
      <Point><coordinates>100.53477919999999,13.7461302,0</coordinates></Point>
    </Placemark>
    <Placemark>
      <styleUrl>#cm1</styleUrl>
      <name>pink typhoon creative pasta steak ari พิ้งค์ ไต้ฝุ่น ครีเอทีฟ พาสต้า สเต๊ก อารีย</name>
      <description>⭐ 4.8 (528 รีวิว) · Steakhouse · Ari · ฿฿
20, 1 Soi Ari Samphan 7 Alley, Phaya Thai, Khet Phaya Thai, Krung Thep Maha Nakhon 10400, Thailand
https://www.google.com/maps/place/?q=place_id:ChIJK7JIRtKe4jARy83GOjGjIbk
ข้อมูลจาก ChefMinistry — chefministry.com</description>
      <ExtendedData>
        <Data name="rating"><value>4.8</value></Data>
        <Data name="reviews"><value>528</value></Data>
        <Data name="cuisine"><value>Steakhouse</value></Data>
        <Data name="area"><value>Ari</value></Data>
        <Data name="google_maps"><value>https://www.google.com/maps/place/?q=place_id:ChIJK7JIRtKe4jARy83GOjGjIbk</value></Data>
      </ExtendedData>
      <Point><coordinates>100.5355866,13.7781326,0</coordinates></Point>
    </Placemark>
    <Placemark>
      <styleUrl>#cm1</styleUrl>
      <name>Opus The Italian Wine Bar &amp; Restaurant</name>
      <description>⭐ 4.6 (592 รีวิว) · Italian Steakhouse · Bang Rak · ฿฿฿
64 Thanon Pan, Si Lom, Khet Bang Rak, Krung Thep Maha Nakhon 10500, Thailand
https://www.google.com/maps/place/?q=place_id:ChIJY9qOds6Y4jAR7y-nEcW7gF0
ข้อมูลจาก ChefMinistry — chefministry.com</description>
      <ExtendedData>
        <Data name="rating"><value>4.6</value></Data>
        <Data name="reviews"><value>592</value></Data>
        <Data name="cuisine"><value>Italian Steakhouse</value></Data>
        <Data name="area"><value>Bang Rak</value></Data>
        <Data name="google_maps"><value>https://www.google.com/maps/place/?q=place_id:ChIJY9qOds6Y4jAR7y-nEcW7gF0</value></Data>
      </ExtendedData>
      <Point><coordinates>100.5234354,13.7218894,0</coordinates></Point>
    </Placemark>
    <Placemark>
      <styleUrl>#cm1</styleUrl>
      <name>Sorn</name>
      <description>⭐ 4.6 (588 รีวิว) · Southern Thai Fine Dining · Khlong Toei · ฿฿฿
56 Sukhumvit 26, Khwaeng Khlong Tan Nuea, Khet Khlong Toei, Krung Thep Maha Nakhon 10110, Thailand
https://www.google.com/maps/place/?q=place_id:ChIJWfYJ3QWf4jAR9erXv7kK7sA
ข้อมูลจาก ChefMinistry — chefministry.com</description>
      <ExtendedData>
        <Data name="rating"><value>4.6</value></Data>
        <Data name="reviews"><value>588</value></Data>
        <Data name="cuisine"><value>Southern Thai Fine Dining</value></Data>
        <Data name="area"><value>Khlong Toei</value></Data>
        <Data name="google_maps"><value>https://www.google.com/maps/place/?q=place_id:ChIJWfYJ3QWf4jAR9erXv7kK7sA</value></Data>
      </ExtendedData>
      <Point><coordinates>100.5685251,13.7231004,0</coordinates></Point>
    </Placemark>
    <Placemark>
      <styleUrl>#cm1</styleUrl>
      <name>ยากินิคุ คิราบิ</name>
      <description>⭐ 4.5 (588 รีวิว) · Yakiniku · Watthana · ฿฿฿
46 1 Soi Sukhumvit 51, Khwaeng Khlong Tan Nuea, Watthana, Krung Thep Maha Nakhon 10110, Thailand
https://www.google.com/maps/place/?q=place_id:ChIJn3XlNqqf4jARX_1HiS1YfsY
ข้อมูลจาก ChefMinistry — chefministry.com</description>
      <ExtendedData>
        <Data name="rating"><value>4.5</value></Data>
        <Data name="reviews"><value>588</value></Data>
        <Data name="cuisine"><value>Yakiniku</value></Data>
        <Data name="area"><value>Watthana</value></Data>
        <Data name="google_maps"><value>https://www.google.com/maps/place/?q=place_id:ChIJn3XlNqqf4jARX_1HiS1YfsY</value></Data>
      </ExtendedData>
      <Point><coordinates>100.5768775,13.728043,0</coordinates></Point>
    </Placemark>
    <Placemark>
      <styleUrl>#cm1</styleUrl>
      <name>KINKI Japanese Progressive Dining &amp;amp; Bar ทองหล่อ</name>
      <description>⭐ 4.7 (487 รีวิว) · Japanese · Thonglor · ฿฿฿฿
Ascott Thonglor Bangkok, 1 Sukhumvit 59, Khwaeng Khlong Tan Nuea, Watthana, Krung Thep Maha Nakhon 10110, Thailand
https://www.google.com/maps/place/?q=place_id:ChIJefk0zkCf4jARRkgTtr3XnUg
ข้อมูลจาก ChefMinistry — chefministry.com</description>
      <ExtendedData>
        <Data name="rating"><value>4.7</value></Data>
        <Data name="reviews"><value>487</value></Data>
        <Data name="cuisine"><value>Japanese</value></Data>
        <Data name="area"><value>Thonglor</value></Data>
        <Data name="google_maps"><value>https://www.google.com/maps/place/?q=place_id:ChIJefk0zkCf4jARRkgTtr3XnUg</value></Data>
      </ExtendedData>
      <Point><coordinates>100.5810987,13.722795,0</coordinates></Point>
    </Placemark>
    <Placemark>
      <styleUrl>#cm1</styleUrl>
      <name>Haoma Bangkok</name>
      <description>⭐ 4.6 (523 รีวิว) · Neo-Indian Sustainable · Watthana · ฿฿฿
231, 3 Sukhumvit 31, Khwaeng Khlong Toei Nuea, Watthana, Krung Thep Maha Nakhon 10110, Thailand
https://www.google.com/maps/place/?q=place_id:ChIJ8c3kP_qe4jARjg8dTyubyiA
ข้อมูลจาก ChefMinistry — chefministry.com</description>
      <ExtendedData>
        <Data name="rating"><value>4.6</value></Data>
        <Data name="reviews"><value>523</value></Data>
        <Data name="cuisine"><value>Neo-Indian Sustainable</value></Data>
        <Data name="area"><value>Watthana</value></Data>
        <Data name="google_maps"><value>https://www.google.com/maps/place/?q=place_id:ChIJ8c3kP_qe4jARjg8dTyubyiA</value></Data>
      </ExtendedData>
      <Point><coordinates>100.5676651,13.743003799999999,0</coordinates></Point>
    </Placemark>
    <Placemark>
      <styleUrl>#cm1</styleUrl>
      <name>ยากินิคุ โอนิคคุ โตะ โกฮัง ทองหล่อ</name>
      <description>⭐ 4.7 (482 รีวิว) · Yakiniku · Watthana · ฿฿฿
No.88 Room.1, B3 Soi Sukhumvit 53, Khwaeng Khlong Tan Nuea, Watthana, Krung Thep Maha Nakhon 10110, Thailand
https://www.google.com/maps/place/?q=place_id:ChIJIfUiH3if4jARux9ZMdRePtw
ข้อมูลจาก ChefMinistry — chefministry.com</description>
      <ExtendedData>
        <Data name="rating"><value>4.7</value></Data>
        <Data name="reviews"><value>482</value></Data>
        <Data name="cuisine"><value>Yakiniku</value></Data>
        <Data name="area"><value>Watthana</value></Data>
        <Data name="google_maps"><value>https://www.google.com/maps/place/?q=place_id:ChIJIfUiH3if4jARux9ZMdRePtw</value></Data>
      </ExtendedData>
      <Point><coordinates>100.5792773,13.7299297,0</coordinates></Point>
    </Placemark>
    <Placemark>
      <styleUrl>#cm1</styleUrl>
      <name>ชาบู โยโรโกบุ</name>
      <description>⭐ 4.6 (513 รีวิว) · Hot Pot / Suki · Watthana · ฿฿฿
39 9 Soi Ekkamai 12, Khwaeng Khlong Tan Nuea, Watthana, Krung Thep Maha Nakhon 10110, Thailand
https://www.google.com/maps/place/?q=place_id:ChIJy149fGSf4jARNn26ZDzSWho
ข้อมูลจาก ChefMinistry — chefministry.com</description>
      <ExtendedData>
        <Data name="rating"><value>4.6</value></Data>
        <Data name="reviews"><value>513</value></Data>
        <Data name="cuisine"><value>Hot Pot / Suki</value></Data>
        <Data name="area"><value>Watthana</value></Data>
        <Data name="google_maps"><value>https://www.google.com/maps/place/?q=place_id:ChIJy149fGSf4jARNn26ZDzSWho</value></Data>
      </ExtendedData>
      <Point><coordinates>100.5903226,13.730066500000001,0</coordinates></Point>
    </Placemark>
    <Placemark>
      <styleUrl>#cm1</styleUrl>
      <name>80/20 Eighty Twenty</name>
      <description>⭐ 4.5 (547 รีวิว) · Progressive Thai · Bang Rak · ฿฿฿
1052, 1054 Soi Nai Loet 1, Khwaeng Bang Rak, Khet Bang Rak, Krung Thep Maha Nakhon 10500, Thailand
https://www.google.com/maps/place/?q=place_id:ChIJz4dTqxCZ4jARg1Ozcy1B_XM
ข้อมูลจาก ChefMinistry — chefministry.com</description>
      <ExtendedData>
        <Data name="rating"><value>4.5</value></Data>
        <Data name="reviews"><value>547</value></Data>
        <Data name="cuisine"><value>Progressive Thai</value></Data>
        <Data name="area"><value>Bang Rak</value></Data>
        <Data name="google_maps"><value>https://www.google.com/maps/place/?q=place_id:ChIJz4dTqxCZ4jARg1Ozcy1B_XM</value></Data>
      </ExtendedData>
      <Point><coordinates>100.51547099999999,13.731106400000002,0</coordinates></Point>
    </Placemark>
    <Placemark>
      <styleUrl>#cm1</styleUrl>
      <name>Gaggan</name>
      <description>⭐ 4.5 (532 รีวิว) · Indian Progressive · Watthana · ฿฿฿
68 Sukhumvit 31, Khwaeng Khlong Tan Nuea, Watthana, Krung Thep Maha Nakhon 10110, Thailand
https://www.google.com/maps/place/?q=place_id:ChIJi_nHcf-f4jARAI6VOXH0wII
ข้อมูลจาก ChefMinistry — chefministry.com</description>
      <ExtendedData>
        <Data name="rating"><value>4.5</value></Data>
        <Data name="reviews"><value>532</value></Data>
        <Data name="cuisine"><value>Indian Progressive</value></Data>
        <Data name="area"><value>Watthana</value></Data>
        <Data name="google_maps"><value>https://www.google.com/maps/place/?q=place_id:ChIJi_nHcf-f4jARAI6VOXH0wII</value></Data>
      </ExtendedData>
      <Point><coordinates>100.56758669999999,13.740783899999998,0</coordinates></Point>
    </Placemark>
    <Placemark>
      <styleUrl>#cm1</styleUrl>
      <name>Gen Japanese Charcoal Grill</name>
      <description>⭐ 4.6 (480 รีวิว) · Japanese · Ekkamai · ฿฿฿฿
267 31 Soi Sukhumvit 63, Khwaeng Khlong Tan Nuea, Watthana, Krung Thep Maha Nakhon 10110, Thailand
https://www.google.com/maps/place/?q=place_id:ChIJkRyoDU2e4jARsXTtWOVhy3Q
ข้อมูลจาก ChefMinistry — chefministry.com</description>
      <ExtendedData>
        <Data name="rating"><value>4.6</value></Data>
        <Data name="reviews"><value>480</value></Data>
        <Data name="cuisine"><value>Japanese</value></Data>
        <Data name="area"><value>Ekkamai</value></Data>
        <Data name="google_maps"><value>https://www.google.com/maps/place/?q=place_id:ChIJkRyoDU2e4jARsXTtWOVhy3Q</value></Data>
      </ExtendedData>
      <Point><coordinates>100.58708299999999,13.734233399999999,0</coordinates></Point>
    </Placemark>
    <Placemark>
      <styleUrl>#cm1</styleUrl>
      <name>Baan Tepa Culinary Space</name>
      <description>⭐ 4.7 (436 รีวิว) · Thai Farm-To-Table · Bangkapi · ฿฿฿
561 Ramkhamhaeng Rd, Khwaeng Hua Mak, Khet Bang Kapi, Krung Thep Maha Nakhon 10240, Thailand
https://www.google.com/maps/place/?q=place_id:ChIJg1tidYdhHTER4NNOidyhVvc
ข้อมูลจาก ChefMinistry — chefministry.com</description>
      <ExtendedData>
        <Data name="rating"><value>4.7</value></Data>
        <Data name="reviews"><value>436</value></Data>
        <Data name="cuisine"><value>Thai Farm-To-Table</value></Data>
        <Data name="area"><value>Bangkapi</value></Data>
        <Data name="google_maps"><value>https://www.google.com/maps/place/?q=place_id:ChIJg1tidYdhHTER4NNOidyhVvc</value></Data>
      </ExtendedData>
      <Point><coordinates>100.6263537,13.7608005,0</coordinates></Point>
    </Placemark>
    <Placemark>
      <styleUrl>#cm1</styleUrl>
      <name>Blue by Alain Ducasse</name>
      <description>⭐ 4.5 (504 รีวิว) · French Fine Dining · Khlong San · ฿฿฿
Unit L101, 1st Floor, ICONLUXE ICONSIAM Shopping Centre, Klongtonsai, คลองสาน กรุงเทพมหานคร 10600, Thailand
https://www.google.com/maps/place/?q=place_id:ChIJaa9v9cKZ4jARCdXA1Oxli0A
ข้อมูลจาก ChefMinistry — chefministry.com</description>
      <ExtendedData>
        <Data name="rating"><value>4.5</value></Data>
        <Data name="reviews"><value>504</value></Data>
        <Data name="cuisine"><value>French Fine Dining</value></Data>
        <Data name="area"><value>Khlong San</value></Data>
        <Data name="google_maps"><value>https://www.google.com/maps/place/?q=place_id:ChIJaa9v9cKZ4jARCdXA1Oxli0A</value></Data>
      </ExtendedData>
      <Point><coordinates>100.51037079999999,13.726484399999999,0</coordinates></Point>
    </Placemark>
    <Placemark>
      <styleUrl>#cm1</styleUrl>
      <name>Nawa Thai Cuisine</name>
      <description>⭐ 4.8 (396 รีวิว) · Thai Fine Dining · Watthana · ฿฿฿
Park Lane Ekkamai, Khwaeng Khlong Tan Nuea, Watthana, Krung Thep Maha Nakhon 10110, Thailand
https://www.google.com/maps/place/?q=place_id:ChIJBcsS30qf4jARijfxeJq66YI
ข้อมูลจาก ChefMinistry — chefministry.com</description>
      <ExtendedData>
        <Data name="rating"><value>4.8</value></Data>
        <Data name="reviews"><value>396</value></Data>
        <Data name="cuisine"><value>Thai Fine Dining</value></Data>
        <Data name="area"><value>Watthana</value></Data>
        <Data name="google_maps"><value>https://www.google.com/maps/place/?q=place_id:ChIJBcsS30qf4jARijfxeJq66YI</value></Data>
      </ExtendedData>
      <Point><coordinates>100.5838735,13.723275600000001,0</coordinates></Point>
    </Placemark>
    <Placemark>
      <styleUrl>#cm1</styleUrl>
      <name>Shabu Baru Velaa Sindhorn Village Langsuan</name>
      <description>⭐ 4.6 (448 รีวิว) · Hot Pot / Suki · ปทุมวัน · ฿฿฿
เลขที่ A102, หอง, 87 Lang Suan Rd, Khwaeng Lumphini, Pathum Wan, Krung Thep Maha Nakhon 10330, Thailand
https://www.google.com/maps/place/?q=place_id:ChIJF_GiaJCf4jARDQ0Ar02auqw
ข้อมูลจาก ChefMinistry — chefministry.com</description>
      <ExtendedData>
        <Data name="rating"><value>4.6</value></Data>
        <Data name="reviews"><value>448</value></Data>
        <Data name="cuisine"><value>Hot Pot / Suki</value></Data>
        <Data name="area"><value>ปทุมวัน</value></Data>
        <Data name="google_maps"><value>https://www.google.com/maps/place/?q=place_id:ChIJF_GiaJCf4jARDQ0Ar02auqw</value></Data>
      </ExtendedData>
      <Point><coordinates>100.5431119,13.7376977,0</coordinates></Point>
    </Placemark>
    <Placemark>
      <styleUrl>#cm1</styleUrl>
      <name>INDDEE</name>
      <description>⭐ 4.8 (378 รีวิว) · Indian Fine Dining · Pathumwan · ฿฿฿
68, 1 Soi Langsuan, Khwaeng Lumphini, Pathum Wan, Krung Thep Maha Nakhon 10330, Thailand
https://www.google.com/maps/place/?q=place_id:ChIJkeHE36Gf4jARwYY0UIcD6-g
ข้อมูลจาก ChefMinistry — chefministry.com</description>
      <ExtendedData>
        <Data name="rating"><value>4.8</value></Data>
        <Data name="reviews"><value>378</value></Data>
        <Data name="cuisine"><value>Indian Fine Dining</value></Data>
        <Data name="area"><value>Pathumwan</value></Data>
        <Data name="google_maps"><value>https://www.google.com/maps/place/?q=place_id:ChIJkeHE36Gf4jARwYY0UIcD6-g</value></Data>
      </ExtendedData>
      <Point><coordinates>100.54229099999999,13.737682699999999,0</coordinates></Point>
    </Placemark>
    <Placemark>
      <styleUrl>#cm1</styleUrl>
      <name>Ginzado</name>
      <description>⭐ 4.5 (467 รีวิว) · Japanese · Thonglor · ฿฿฿
27, อาคาร โรงแรมนิกโก้กรุงเทพ ชั้น3, Soi Thong Lo, Khwaeng Khlong Tan Nuea, Watthana, Krung Thep Maha Nakhon 10110, Thailand
https://www.google.com/maps/place/?q=place_id:ChIJr9ud3yaf4jARlqq2hNNUT_A
ข้อมูลจาก ChefMinistry — chefministry.com</description>
      <ExtendedData>
        <Data name="rating"><value>4.5</value></Data>
        <Data name="reviews"><value>467</value></Data>
        <Data name="cuisine"><value>Japanese</value></Data>
        <Data name="area"><value>Thonglor</value></Data>
        <Data name="google_maps"><value>https://www.google.com/maps/place/?q=place_id:ChIJr9ud3yaf4jARlqq2hNNUT_A</value></Data>
      </ExtendedData>
      <Point><coordinates>100.5791103,13.7251953,0</coordinates></Point>
    </Placemark>
    <Placemark>
      <styleUrl>#cm1</styleUrl>
      <name>ซูมิเทอิ ยากินิคุ</name>
      <description>⭐ 4.6 (433 รีวิว) · Yakiniku · Watthana · ฿฿฿
Marche Thonglor, 2nd Floor Building B 144, Marche Thonglor Room, Number THL02LS205, แขวงคลองตันเหนือ เขตวัฒนา กรุงเทพมหานคร 10110, Thailand
https://www.google.com/maps/place/?q=place_id:ChIJcxoFO6uf4jARIkN8Bsq20p0
ข้อมูลจาก ChefMinistry — chefministry.com</description>
      <ExtendedData>
        <Data name="rating"><value>4.6</value></Data>
        <Data name="reviews"><value>433</value></Data>
        <Data name="cuisine"><value>Yakiniku</value></Data>
        <Data name="area"><value>Watthana</value></Data>
        <Data name="google_maps"><value>https://www.google.com/maps/place/?q=place_id:ChIJcxoFO6uf4jARIkN8Bsq20p0</value></Data>
      </ExtendedData>
      <Point><coordinates>100.5813921,13.7282762,0</coordinates></Point>
    </Placemark>
    <Placemark>
      <styleUrl>#cm1</styleUrl>
      <name>ยากินิคุ โอนิคุ โตะ โกฮัง</name>
      <description>⭐ 4.5 (439 รีวิว) · Yakiniku · คลองเตย · ฿฿฿
115 ห้อง113, นิฮอนมาชิ, Sukhumvit 26, Khwaeng Khlong Tan, Khet Khlong Toei, Krung Thep Maha Nakhon 10110, Thailand
https://www.google.com/maps/place/?q=place_id:ChIJbQmGQUKf4jARiB1UMFfUVmk
ข้อมูลจาก ChefMinistry — chefministry.com</description>
      <ExtendedData>
        <Data name="rating"><value>4.5</value></Data>
        <Data name="reviews"><value>439</value></Data>
        <Data name="cuisine"><value>Yakiniku</value></Data>
        <Data name="area"><value>คลองเตย</value></Data>
        <Data name="google_maps"><value>https://www.google.com/maps/place/?q=place_id:ChIJbQmGQUKf4jARiB1UMFfUVmk</value></Data>
      </ExtendedData>
      <Point><coordinates>100.5702481,13.720789199999999,0</coordinates></Point>
    </Placemark>
    <Placemark>
      <styleUrl>#cm1</styleUrl>
      <name>Maison Dunand</name>
      <description>⭐ 4.8 (342 รีวิว) · French Fine Dining · Bang Rak · ฿฿฿
55 Sathon Soi 10, Si Lom, Khet Bang Rak, Krung Thep Maha Nakhon 10500, Thailand
https://www.google.com/maps/place/?q=place_id:ChIJP2w4zdmf4jARdiVjvr2ZPWk
ข้อมูลจาก ChefMinistry — chefministry.com</description>
      <ExtendedData>
        <Data name="rating"><value>4.8</value></Data>
        <Data name="reviews"><value>342</value></Data>
        <Data name="cuisine"><value>French Fine Dining</value></Data>
        <Data name="area"><value>Bang Rak</value></Data>
        <Data name="google_maps"><value>https://www.google.com/maps/place/?q=place_id:ChIJP2w4zdmf4jARdiVjvr2ZPWk</value></Data>
      </ExtendedData>
      <Point><coordinates>100.52745350000001,13.7228824,0</coordinates></Point>
    </Placemark>
    <Placemark>
      <styleUrl>#cm1</styleUrl>
      <name>Restaurant Coda Bangkok</name>
      <description>⭐ 4.7 (364 รีวิว) · Contemporary Fine Dining · Pathumwan · ฿฿฿
130-132 Thanon Witthayu, Khwaeng Lumphini, Pathum Wan, Krung Thep Maha Nakhon 10330, Thailand
https://www.google.com/maps/place/?q=place_id:ChIJr81GL1ef4jARIBWQ8vluIr4
ข้อมูลจาก ChefMinistry — chefministry.com</description>
      <ExtendedData>
        <Data name="rating"><value>4.7</value></Data>
        <Data name="reviews"><value>364</value></Data>
        <Data name="cuisine"><value>Contemporary Fine Dining</value></Data>
        <Data name="area"><value>Pathumwan</value></Data>
        <Data name="google_maps"><value>https://www.google.com/maps/place/?q=place_id:ChIJr81GL1ef4jARIBWQ8vluIr4</value></Data>
      </ExtendedData>
      <Point><coordinates>100.5460214,13.7359882,0</coordinates></Point>
    </Placemark>
    <Placemark>
      <styleUrl>#cm1</styleUrl>
      <name>Elements, Inspired by Ciel Bleu</name>
      <description>⭐ 4.7 (340 รีวิว) · French Japanese Fine Dining · Pathumwan · ฿฿฿
57 Thanon Witthayu, Khwaeng Lumphini, Pathum Wan, Krung Thep Maha Nakhon 10330, Thailand
https://www.google.com/maps/place/?q=place_id:ChIJ5-kost6e4jARu60oSMCaKS4
ข้อมูลจาก ChefMinistry — chefministry.com</description>
      <ExtendedData>
        <Data name="rating"><value>4.7</value></Data>
        <Data name="reviews"><value>340</value></Data>
        <Data name="cuisine"><value>French Japanese Fine Dining</value></Data>
        <Data name="area"><value>Pathumwan</value></Data>
        <Data name="google_maps"><value>https://www.google.com/maps/place/?q=place_id:ChIJ5-kost6e4jARu60oSMCaKS4</value></Data>
      </ExtendedData>
      <Point><coordinates>100.54779300000001,13.742837999999999,0</coordinates></Point>
    </Placemark>
    <Placemark>
      <styleUrl>#cm1</styleUrl>
      <name>Ginza Sushi Ichi BKK</name>
      <description>⭐ 4.6 (356 รีวิว) · Japanese Omakase · Pathumwan · ฿฿฿
3rd Floor,999 Gaysorn Centre Room 3F-08 Khwaeng Lumphini, Pathum Wan, Krung Thep Maha Nakhon 10330, Thailand
https://www.google.com/maps/place/?q=place_id:ChIJbXUt8DOf4jARorr_XaFh6NU
ข้อมูลจาก ChefMinistry — chefministry.com</description>
      <ExtendedData>
        <Data name="rating"><value>4.6</value></Data>
        <Data name="reviews"><value>356</value></Data>
        <Data name="cuisine"><value>Japanese Omakase</value></Data>
        <Data name="area"><value>Pathumwan</value></Data>
        <Data name="google_maps"><value>https://www.google.com/maps/place/?q=place_id:ChIJbXUt8DOf4jARorr_XaFh6NU</value></Data>
      </ExtendedData>
      <Point><coordinates>100.54059269999999,13.744806299999999,0</coordinates></Point>
    </Placemark>
    <Placemark>
      <styleUrl>#cm1</styleUrl>
      <name>Mezzaluna</name>
      <description>⭐ 4.5 (368 รีวิว) · Innovative Fine Dining · Bang Rak · ฿฿฿
65th Floor State Tower Bangkok 1055 Si Lom Rd, Si Lom, Khet Bang Rak, Krung Thep Maha Nakhon 10500, Thailand
https://www.google.com/maps/place/?q=place_id:ChIJmXuobsWY4jARc3EtJwWV21s
ข้อมูลจาก ChefMinistry — chefministry.com</description>
      <ExtendedData>
        <Data name="rating"><value>4.5</value></Data>
        <Data name="reviews"><value>368</value></Data>
        <Data name="cuisine"><value>Innovative Fine Dining</value></Data>
        <Data name="area"><value>Bang Rak</value></Data>
        <Data name="google_maps"><value>https://www.google.com/maps/place/?q=place_id:ChIJmXuobsWY4jARc3EtJwWV21s</value></Data>
      </ExtendedData>
      <Point><coordinates>100.5170156,13.7219248,0</coordinates></Point>
    </Placemark>
    <Placemark>
      <styleUrl>#cm1</styleUrl>
      <name>AKKEE Thai Delicacies and Tasting Counter</name>
      <description>⭐ 4.7 (300 รีวิว) · Thai Fine Dining · Nonthaburi · ฿฿฿
42 99, ตำบลบางตลาด อำเภอปากเกร็ด นนทบุรี 11120, Thailand
https://www.google.com/maps/place/?q=place_id:ChIJGVvkeXCF4jARp6rXqZlVM18
ข้อมูลจาก ChefMinistry — chefministry.com</description>
      <ExtendedData>
        <Data name="rating"><value>4.7</value></Data>
        <Data name="reviews"><value>300</value></Data>
        <Data name="cuisine"><value>Thai Fine Dining</value></Data>
        <Data name="area"><value>Nonthaburi</value></Data>
        <Data name="google_maps"><value>https://www.google.com/maps/place/?q=place_id:ChIJGVvkeXCF4jARp6rXqZlVM18</value></Data>
      </ExtendedData>
      <Point><coordinates>100.5151264,13.8984112,0</coordinates></Point>
    </Placemark>
    <Placemark>
      <styleUrl>#cm1</styleUrl>
      <name>Chim by Siam Wisdom</name>
      <description>⭐ 4.4 (332 รีวิว) · Thai Fine Dining · Bangkok · ฿฿฿
315 Soi Ongkharak 13, Khwaeng Thanon Nakhon Chai Si, Khet Dusit, Krung Thep Maha Nakhon 10300, Thailand
https://www.google.com/maps/place/?q=place_id:ChIJg3htxvue4jARtGnzcjPrWnU
ข้อมูลจาก ChefMinistry — chefministry.com</description>
      <ExtendedData>
        <Data name="rating"><value>4.4</value></Data>
        <Data name="reviews"><value>332</value></Data>
        <Data name="cuisine"><value>Thai Fine Dining</value></Data>
        <Data name="area"><value>Bangkok</value></Data>
        <Data name="google_maps"><value>https://www.google.com/maps/place/?q=place_id:ChIJg3htxvue4jARtGnzcjPrWnU</value></Data>
      </ExtendedData>
      <Point><coordinates>100.5185558,13.7891696,0</coordinates></Point>
    </Placemark>
    <Placemark>
      <styleUrl>#cm1</styleUrl>
      <name>ÉPICURIEN FRENCH BAKERY (W District)</name>
      <description>⭐ 4.8 (248 รีวิว) · Bakery · Sukhumvit · ฿
W District Sukhumvit 71 Rd, Khwaeng Phra Khanong Nuea, Watthana, Krung Thep Maha Nakhon 10110, Thailand
https://www.google.com/maps/place/?q=place_id:ChIJew69NgCd4jAR96M_EWewmNA
ข้อมูลจาก ChefMinistry — chefministry.com</description>
      <ExtendedData>
        <Data name="rating"><value>4.8</value></Data>
        <Data name="reviews"><value>248</value></Data>
        <Data name="cuisine"><value>Bakery</value></Data>
        <Data name="area"><value>Sukhumvit</value></Data>
        <Data name="google_maps"><value>https://www.google.com/maps/place/?q=place_id:ChIJew69NgCd4jAR96M_EWewmNA</value></Data>
      </ExtendedData>
      <Point><coordinates>100.5933191,13.7142476,0</coordinates></Point>
    </Placemark>
    <Placemark>
      <styleUrl>#cm1</styleUrl>
      <name>IGNIV Bangkok อิกนีฟ แบงค็อก</name>
      <description>⭐ 4.6 (275 รีวิว) · Swiss Sharing Fine Dining · Pathumwan · ฿฿฿
159 Thanon Ratchadamri, Khwaeng Lumphini, Pathum Wan, Krung Thep Maha Nakhon 10330, Thailand
https://www.google.com/maps/place/?q=place_id:ChIJLcAZ8Kqf4jARcqRxTY1Ajx8
ข้อมูลจาก ChefMinistry — chefministry.com</description>
      <ExtendedData>
        <Data name="rating"><value>4.6</value></Data>
        <Data name="reviews"><value>275</value></Data>
        <Data name="cuisine"><value>Swiss Sharing Fine Dining</value></Data>
        <Data name="area"><value>Pathumwan</value></Data>
        <Data name="google_maps"><value>https://www.google.com/maps/place/?q=place_id:ChIJLcAZ8Kqf4jARcqRxTY1Ajx8</value></Data>
      </ExtendedData>
      <Point><coordinates>100.53996199999999,13.740062,0</coordinates></Point>
    </Placemark>
    <Placemark>
      <styleUrl>#cm1</styleUrl>
      <name>Sushi Ichizu 鮨いちづ</name>
      <description>⭐ 4.5 (287 รีวิว) · Japanese Omakase · Huai Khwang · ฿฿฿
1982 New, Khwaeng Bang Kapi, Khet Huai Khwang, Krung Thep Maha Nakhon 10310, Thailand
https://www.google.com/maps/place/?q=place_id:ChIJWxIQsfee4jARY3ZYfiGKMDM
ข้อมูลจาก ChefMinistry — chefministry.com</description>
      <ExtendedData>
        <Data name="rating"><value>4.5</value></Data>
        <Data name="reviews"><value>287</value></Data>
        <Data name="cuisine"><value>Japanese Omakase</value></Data>
        <Data name="area"><value>Huai Khwang</value></Data>
        <Data name="google_maps"><value>https://www.google.com/maps/place/?q=place_id:ChIJWxIQsfee4jARY3ZYfiGKMDM</value></Data>
      </ExtendedData>
      <Point><coordinates>100.57267990000001,13.7470255,0</coordinates></Point>
    </Placemark>
    <Placemark>
      <styleUrl>#cm1</styleUrl>
      <name>Wana Yook</name>
      <description>⭐ 4.6 (258 รีวิว) · Thai Fine Dining · Ratchathewi · ฿฿฿
5, 15 Phaya Thai Rd, Khwaeng Thanon Phaya Thai, Khet Ratchathewi, Krung Thep Maha Nakhon 10400, Thailand
https://www.google.com/maps/place/?q=place_id:ChIJOTiQRnKf4jAR5hsFRsOF2RM
ข้อมูลจาก ChefMinistry — chefministry.com</description>
      <ExtendedData>
        <Data name="rating"><value>4.6</value></Data>
        <Data name="reviews"><value>258</value></Data>
        <Data name="cuisine"><value>Thai Fine Dining</value></Data>
        <Data name="area"><value>Ratchathewi</value></Data>
        <Data name="google_maps"><value>https://www.google.com/maps/place/?q=place_id:ChIJOTiQRnKf4jAR5hsFRsOF2RM</value></Data>
      </ExtendedData>
      <Point><coordinates>100.5376004,13.7627843,0</coordinates></Point>
    </Placemark>
    <Placemark>
      <styleUrl>#cm1</styleUrl>
      <name>Samrub Samrub Thai</name>
      <description>⭐ 4.3 (297 รีวิว) · Thai Fine Dining · Bang Rak · ฿฿฿
39/11 Soi Yommarat, Si Lom, Khet Bang Rak, Krung Thep Maha Nakhon 10500, Thailand
https://www.google.com/maps/place/?q=place_id:ChIJP-vfELmZ4jARGlXpoG1esoU
ข้อมูลจาก ChefMinistry — chefministry.com</description>
      <ExtendedData>
        <Data name="rating"><value>4.3</value></Data>
        <Data name="reviews"><value>297</value></Data>
        <Data name="cuisine"><value>Thai Fine Dining</value></Data>
        <Data name="area"><value>Bang Rak</value></Data>
        <Data name="google_maps"><value>https://www.google.com/maps/place/?q=place_id:ChIJP-vfELmZ4jARGlXpoG1esoU</value></Data>
      </ExtendedData>
      <Point><coordinates>100.53746149999999,13.7268983,0</coordinates></Point>
    </Placemark>
    <Placemark>
      <styleUrl>#cm1</styleUrl>
      <name>HOMERUN IZAKAYA®</name>
      <description>⭐ 4.8 (195 รีวิว) · Japanese · Watthana · ฿฿฿
217, 8 Soi Sukhumvit 63, Khwaeng Khlong Tan Nuea, Watthana, Krung Thep Maha Nakhon 10110, Thailand
https://www.google.com/maps/place/?q=place_id:ChIJF1TAJACf4jARrGzuq0r3hQc
ข้อมูลจาก ChefMinistry — chefministry.com</description>
      <ExtendedData>
        <Data name="rating"><value>4.8</value></Data>
        <Data name="reviews"><value>195</value></Data>
        <Data name="cuisine"><value>Japanese</value></Data>
        <Data name="area"><value>Watthana</value></Data>
        <Data name="google_maps"><value>https://www.google.com/maps/place/?q=place_id:ChIJF1TAJACf4jARrGzuq0r3hQc</value></Data>
      </ExtendedData>
      <Point><coordinates>100.58609020000002,13.7318477,0</coordinates></Point>
    </Placemark>
    <Placemark>
      <styleUrl>#cm1</styleUrl>
      <name>Chef's Table by Lebua เชฟส์เทเบิล บาย เลอบัว</name>
      <description>⭐ 4.6 (216 รีวิว) · French Fine Dining · Bang Rak · ฿฿฿
61st Floor, State Tower, 1055 Si Lom Rd, Si Lom, Khet Bang Rak, Krung Thep Maha Nakhon 10500, Thailand
https://www.google.com/maps/place/?q=place_id:ChIJkbyJIMeZ4jARgc1-140HJkU
ข้อมูลจาก ChefMinistry — chefministry.com</description>
      <ExtendedData>
        <Data name="rating"><value>4.6</value></Data>
        <Data name="reviews"><value>216</value></Data>
        <Data name="cuisine"><value>French Fine Dining</value></Data>
        <Data name="area"><value>Bang Rak</value></Data>
        <Data name="google_maps"><value>https://www.google.com/maps/place/?q=place_id:ChIJkbyJIMeZ4jARgc1-140HJkU</value></Data>
      </ExtendedData>
      <Point><coordinates>100.51706,13.7219465,0</coordinates></Point>
    </Placemark>
    <Placemark>
      <styleUrl>#cm1</styleUrl>
      <name>Signature Bangkok</name>
      <description>⭐ 4.8 (185 รีวิว) · French Fine Dining · Ratchathewi · ฿฿฿
11th floor, Vie Hotel Bangkok MGallery Hotel Collection, 117/39-40 Phaya Thai Rd, Khwaeng Thanon Phetchaburi, Khet Ratchathewi, Krung Thep Maha Nakhon 10400, Thailand
https://www.google.com/maps/place/?q=place_id:ChIJRxVBdTyf4jARGLWgEHjEIq4
ข้อมูลจาก ChefMinistry — chefministry.com</description>
      <ExtendedData>
        <Data name="rating"><value>4.8</value></Data>
        <Data name="reviews"><value>185</value></Data>
        <Data name="cuisine"><value>French Fine Dining</value></Data>
        <Data name="area"><value>Ratchathewi</value></Data>
        <Data name="google_maps"><value>https://www.google.com/maps/place/?q=place_id:ChIJRxVBdTyf4jARGLWgEHjEIq4</value></Data>
      </ExtendedData>
      <Point><coordinates>100.53198069999999,13.750491499999999,0</coordinates></Point>
    </Placemark>
    <Placemark>
      <styleUrl>#cm1</styleUrl>
      <name>The China House by Chef Fei</name>
      <description>⭐ 4.5 (210 รีวิว) · Chinese · Bang Rak · ฿฿฿
48 Oriental Ave, Khwaeng Bang Rak, Khet Bang Rak, Krung Thep Maha Nakhon 10500, Thailand
https://www.google.com/maps/place/?q=place_id:ChIJF0QAycSY4jAR76FsDlPCh04
ข้อมูลจาก ChefMinistry — chefministry.com</description>
      <ExtendedData>
        <Data name="rating"><value>4.5</value></Data>
        <Data name="reviews"><value>210</value></Data>
        <Data name="cuisine"><value>Chinese</value></Data>
        <Data name="area"><value>Bang Rak</value></Data>
        <Data name="google_maps"><value>https://www.google.com/maps/place/?q=place_id:ChIJF0QAycSY4jAR76FsDlPCh04</value></Data>
      </ExtendedData>
      <Point><coordinates>100.51424899999999,13.723972999999999,0</coordinates></Point>
    </Placemark>
    <Placemark>
      <styleUrl>#cm1</styleUrl>
      <name>GOAT Bangkok</name>
      <description>⭐ 4.8 (158 รีวิว) · Contemporary Fine Dining · Watthana · ฿฿฿
12, Ekkamai 10, Yaek 2, แขวงคลองตันเหนือ เขตวัฒนา กรุงเทพมหานคร 10110, Thailand
https://www.google.com/maps/place/?q=place_id:ChIJpe0yABKf4jARAc0xgSi-RgY
ข้อมูลจาก ChefMinistry — chefministry.com</description>
      <ExtendedData>
        <Data name="rating"><value>4.8</value></Data>
        <Data name="reviews"><value>158</value></Data>
        <Data name="cuisine"><value>Contemporary Fine Dining</value></Data>
        <Data name="area"><value>Watthana</value></Data>
        <Data name="google_maps"><value>https://www.google.com/maps/place/?q=place_id:ChIJpe0yABKf4jARAc0xgSi-RgY</value></Data>
      </ExtendedData>
      <Point><coordinates>100.58726809999999,13.7274374,0</coordinates></Point>
    </Placemark>
    <Placemark>
      <styleUrl>#cm1</styleUrl>
      <name>Juksunchae</name>
      <description>⭐ 4.9 (136 รีวิว) · Korean Fine Dining · Watthana · ฿฿฿
PHMG+4PR Town Hall, Sukhumvit 49, Khwaeng Khlong Tan Nuea, Watthana, Krung Thep Maha Nakhon 10110, Thailand
https://www.google.com/maps/place/?q=place_id:ChIJ_xRKVDuf4jAR3CyXriUaZGA
ข้อมูลจาก ChefMinistry — chefministry.com</description>
      <ExtendedData>
        <Data name="rating"><value>4.9</value></Data>
        <Data name="reviews"><value>136</value></Data>
        <Data name="cuisine"><value>Korean Fine Dining</value></Data>
        <Data name="area"><value>Watthana</value></Data>
        <Data name="google_maps"><value>https://www.google.com/maps/place/?q=place_id:ChIJ_xRKVDuf4jAR3CyXriUaZGA</value></Data>
      </ExtendedData>
      <Point><coordinates>100.57668,13.732798599999999,0</coordinates></Point>
    </Placemark>
    <Placemark>
      <styleUrl>#cm1</styleUrl>
      <name>Restaurant Resonance</name>
      <description>⭐ 4.7 (156 รีวิว) · Contemporary Fine Dining · Bangkok · ฿฿฿
108, 4 สุขุมวิท 65 Khwaeng Phra Khanong Nuea, Watthana, Krung Thep Maha Nakhon 10110, Thailand
https://www.google.com/maps/place/?q=place_id:ChIJdZFTPMmf4jARVricLfz3k7M
ข้อมูลจาก ChefMinistry — chefministry.com</description>
      <ExtendedData>
        <Data name="rating"><value>4.7</value></Data>
        <Data name="reviews"><value>156</value></Data>
        <Data name="cuisine"><value>Contemporary Fine Dining</value></Data>
        <Data name="area"><value>Bangkok</value></Data>
        <Data name="google_maps"><value>https://www.google.com/maps/place/?q=place_id:ChIJdZFTPMmf4jARVricLfz3k7M</value></Data>
      </ExtendedData>
      <Point><coordinates>100.59198839999999,13.721366699999999,0</coordinates></Point>
    </Placemark>
    <Placemark>
      <styleUrl>#cm1</styleUrl>
      <name>ขวัญทิพย์ Kwantip - Samrub Thai Dining</name>
      <description>⭐ 4.6 (157 รีวิว) · Samrub Thai Dining · Phaya Thai · ฿฿฿
24 Soi Ari Samphan 6, Phayathai, Khet Phaya Thai, Krung Thep Maha Nakhon 10400, Thailand
https://www.google.com/maps/place/?q=place_id:ChIJzRYWLn-f4jARmNLLv5Ldd1E
ข้อมูลจาก ChefMinistry — chefministry.com</description>
      <ExtendedData>
        <Data name="rating"><value>4.6</value></Data>
        <Data name="reviews"><value>157</value></Data>
        <Data name="cuisine"><value>Samrub Thai Dining</value></Data>
        <Data name="area"><value>Phaya Thai</value></Data>
        <Data name="google_maps"><value>https://www.google.com/maps/place/?q=place_id:ChIJzRYWLn-f4jARmNLLv5Ldd1E</value></Data>
      </ExtendedData>
      <Point><coordinates>100.5358412,13.7773404,0</coordinates></Point>
    </Placemark>
    <Placemark>
      <styleUrl>#cm1</styleUrl>
      <name>Kaisenya ไคเซน-ยะ</name>
      <description>⭐ 4.5 (163 รีวิว) · Japanese · Khlong Toei · ฿฿฿
261/2 Sukhumvit Rd, Khwaeng Khlong Tan, Khet Khlong Toei, Krung Thep Maha Nakhon 10110, Thailand
https://www.google.com/maps/place/?q=place_id:ChIJ9SbzEAOf4jAReqyy_j0jXjM
ข้อมูลจาก ChefMinistry — chefministry.com</description>
      <ExtendedData>
        <Data name="rating"><value>4.5</value></Data>
        <Data name="reviews"><value>163</value></Data>
        <Data name="cuisine"><value>Japanese</value></Data>
        <Data name="area"><value>Khlong Toei</value></Data>
        <Data name="google_maps"><value>https://www.google.com/maps/place/?q=place_id:ChIJ9SbzEAOf4jAReqyy_j0jXjM</value></Data>
      </ExtendedData>
      <Point><coordinates>100.5652045,13.729669399999999,0</coordinates></Point>
    </Placemark>
    <Placemark>
      <styleUrl>#cm1</styleUrl>
      <name>Cannubi by Umberto Bombana</name>
      <description>⭐ 4.6 (144 รีวิว) · Italian Fine Dining · Bang Rak · ฿฿฿
L Floor, 98 Thanon Rama IV, Si Lom, Khet Bang Rak, Krung Thep Maha Nakhon 10500, Thailand
https://www.google.com/maps/place/?q=place_id:ChIJRz3UM0eZ4jAR5l4nHLAwqu4
ข้อมูลจาก ChefMinistry — chefministry.com</description>
      <ExtendedData>
        <Data name="rating"><value>4.6</value></Data>
        <Data name="reviews"><value>144</value></Data>
        <Data name="cuisine"><value>Italian Fine Dining</value></Data>
        <Data name="area"><value>Bang Rak</value></Data>
        <Data name="google_maps"><value>https://www.google.com/maps/place/?q=place_id:ChIJRz3UM0eZ4jAR5l4nHLAwqu4</value></Data>
      </ExtendedData>
      <Point><coordinates>100.53770809999999,13.728015899999999,0</coordinates></Point>
    </Placemark>
    <Placemark>
      <styleUrl>#cm1</styleUrl>
      <name>Sushi Saito Thailand</name>
      <description>⭐ 4.8 (123 รีวิว) · Omakase Fine Dining · Bangkok · ฿฿฿
Chaophraya Estate (Riverfront Promenade 300 ถ. เจริญกรุง Khwaeng Yan Nawa, Khet Sathon, Krung Thep Maha Nakhon 10120, Thailand
https://www.google.com/maps/place/?q=place_id:ChIJhyrbUDeZ4jARrb1yWJ54qGc
ข้อมูลจาก ChefMinistry — chefministry.com</description>
      <ExtendedData>
        <Data name="rating"><value>4.8</value></Data>
        <Data name="reviews"><value>123</value></Data>
        <Data name="cuisine"><value>Omakase Fine Dining</value></Data>
        <Data name="area"><value>Bangkok</value></Data>
        <Data name="google_maps"><value>https://www.google.com/maps/place/?q=place_id:ChIJhyrbUDeZ4jARrb1yWJ54qGc</value></Data>
      </ExtendedData>
      <Point><coordinates>100.5099212,13.7123478,0</coordinates></Point>
    </Placemark>
    <Placemark>
      <styleUrl>#cm1</styleUrl>
      <name>Chai Jia Chai 蔡家菜</name>
      <description>⭐ 4.8 (110 รีวิว) · Chinese · Minburi · ฿฿฿
265/2 ซ. สุขุมวิท 31 Khwaeng Khlong Toei Nuea, Watthana, Krung Thep Maha Nakhon 10110, Thailand
https://www.google.com/maps/place/?q=place_id:ChIJ89j4snef4jARdTcWImYz-B8
ข้อมูลจาก ChefMinistry — chefministry.com</description>
      <ExtendedData>
        <Data name="rating"><value>4.8</value></Data>
        <Data name="reviews"><value>110</value></Data>
        <Data name="cuisine"><value>Chinese</value></Data>
        <Data name="area"><value>Minburi</value></Data>
        <Data name="google_maps"><value>https://www.google.com/maps/place/?q=place_id:ChIJ89j4snef4jARdTcWImYz-B8</value></Data>
      </ExtendedData>
      <Point><coordinates>100.567312,13.740295,0</coordinates></Point>
    </Placemark>
    <Placemark>
      <styleUrl>#cm1</styleUrl>
      <name>Movida Bangkok</name>
      <description>⭐ 4.5 (118 รีวิว) · Bar · Bangkok · ฿฿฿
ห้อง A105 ที่อยู่ 267 15 Soi Sukhumvit 63, Khwaeng Khlong Tan Nuea, Watthana, Krung Thep Maha Nakhon 10110, Thailand
https://www.google.com/maps/place/?q=place_id:ChIJgTqJWQCf4jARqWJpVJzNPQs
ข้อมูลจาก ChefMinistry — chefministry.com</description>
      <ExtendedData>
        <Data name="rating"><value>4.5</value></Data>
        <Data name="reviews"><value>118</value></Data>
        <Data name="cuisine"><value>Bar</value></Data>
        <Data name="area"><value>Bangkok</value></Data>
        <Data name="google_maps"><value>https://www.google.com/maps/place/?q=place_id:ChIJgTqJWQCf4jARqWJpVJzNPQs</value></Data>
      </ExtendedData>
      <Point><coordinates>100.58732959999999,13.7344881,0</coordinates></Point>
    </Placemark>
    <Placemark>
      <styleUrl>#cm1</styleUrl>
      <name>etcha</name>
      <description>⭐ 4.8 (72 รีวิว) · Thai Fine Dining · Ratchathewi · ฿฿฿
7th Floor, Chatrium Grand Bangkok, 728 Thanon Phetchaburi, Khwaeng Thanon Phetchaburi, Khet Ratchathewi, Krung Thep Maha Nakhon 10400, Thailand
https://www.google.com/maps/place/?q=place_id:ChIJeY8lii2f4jARa9-Po0Ov8g8
ข้อมูลจาก ChefMinistry — chefministry.com</description>
      <ExtendedData>
        <Data name="rating"><value>4.8</value></Data>
        <Data name="reviews"><value>72</value></Data>
        <Data name="cuisine"><value>Thai Fine Dining</value></Data>
        <Data name="area"><value>Ratchathewi</value></Data>
        <Data name="google_maps"><value>https://www.google.com/maps/place/?q=place_id:ChIJeY8lii2f4jARa9-Po0Ov8g8</value></Data>
      </ExtendedData>
      <Point><coordinates>100.5348944,13.749887300000001,0</coordinates></Point>
    </Placemark>
    <Placemark>
      <styleUrl>#cm1</styleUrl>
      <name>Anne-Sophie Pic At Le Normandie</name>
      <description>⭐ 4.7 (61 รีวิว) · French Fine Dining · Bang Rak · ฿฿฿
48 Oriental Ave, Khwaeng Bang Rak, Khet Bang Rak, Krung Thep Maha Nakhon 10500, Thailand
https://www.google.com/maps/place/?q=place_id:ChIJe3wVISiZ4jARS_yp_4u6E_c
ข้อมูลจาก ChefMinistry — chefministry.com</description>
      <ExtendedData>
        <Data name="rating"><value>4.7</value></Data>
        <Data name="reviews"><value>61</value></Data>
        <Data name="cuisine"><value>French Fine Dining</value></Data>
        <Data name="area"><value>Bang Rak</value></Data>
        <Data name="google_maps"><value>https://www.google.com/maps/place/?q=place_id:ChIJe3wVISiZ4jARS_yp_4u6E_c</value></Data>
      </ExtendedData>
      <Point><coordinates>100.51426839999999,13.7237108,0</coordinates></Point>
    </Placemark>
  </Folder>
  <Style id="cm2"><IconStyle><color>ff4fc3ff</color><Icon><href>http://maps.google.com/mapfiles/kml/shapes/dining.png</href></Icon></IconStyle></Style>
  <Folder>
    <name>🇹🇭 อาหารไทย</name>
    <Placemark>
      <styleUrl>#cm2</styleUrl>
      <name>Zhang Jia Yi — Ari (Baytong Chicken Rice)</name>
      <description>⭐ 4.8 (5,274 รีวิว) · Thai · Phaya Thai · ฿฿
104, 106 Soi Si Fa, Phaya Thai, Khet Phaya Thai, Krung Thep Maha Nakhon 10400, Thailand
https://www.google.com/maps/place/?q=place_id:ChIJW0mrbfWe4jARhESOURP7fKw
ข้อมูลจาก ChefMinistry — chefministry.com</description>
      <ExtendedData>
        <Data name="rating"><value>4.8</value></Data>
        <Data name="reviews"><value>5274</value></Data>
        <Data name="cuisine"><value>Thai</value></Data>
        <Data name="area"><value>Phaya Thai</value></Data>
        <Data name="google_maps"><value>https://www.google.com/maps/place/?q=place_id:ChIJW0mrbfWe4jARhESOURP7fKw</value></Data>
      </ExtendedData>
      <Point><coordinates>100.5447913,13.785205099999999,0</coordinates></Point>
    </Placemark>
    <Placemark>
      <styleUrl>#cm2</styleUrl>
      <name>แก้ว ไก่ กรอบ</name>
      <description>⭐ 4.5 (4,892 รีวิว) · Thai · Lat Krabang · ฿฿
1637 Thanon Lat Krabang, Khwaeng Lat Krabang, Khet Lat Krabang, Krung Thep Maha Nakhon 10520, Thailand
https://www.google.com/maps/place/?q=place_id:ChIJ0xFkmsxnHTER4AuW0HYaNEE
ข้อมูลจาก ChefMinistry — chefministry.com</description>
      <ExtendedData>
        <Data name="rating"><value>4.5</value></Data>
        <Data name="reviews"><value>4892</value></Data>
        <Data name="cuisine"><value>Thai</value></Data>
        <Data name="area"><value>Lat Krabang</value></Data>
        <Data name="google_maps"><value>https://www.google.com/maps/place/?q=place_id:ChIJ0xFkmsxnHTER4AuW0HYaNEE</value></Data>
      </ExtendedData>
      <Point><coordinates>100.77510869999999,13.722094600000002,0</coordinates></Point>
    </Placemark>
    <Placemark>
      <styleUrl>#cm2</styleUrl>
      <name>บ้านส้มตํา สาขาสาทร</name>
      <description>⭐ 4.4 (3,711 รีวิว) · Thai · Bang Rak · ฿฿
9, 1 Thanon Si Wiang, Si Lom, Khet Bang Rak, Krung Thep Maha Nakhon 10500, Thailand
https://www.google.com/maps/place/?q=place_id:ChIJKyRwBs-Y4jARYGe3Dw40LoI
ข้อมูลจาก ChefMinistry — chefministry.com</description>
      <ExtendedData>
        <Data name="rating"><value>4.4</value></Data>
        <Data name="reviews"><value>3711</value></Data>
        <Data name="cuisine"><value>Thai</value></Data>
        <Data name="area"><value>Bang Rak</value></Data>
        <Data name="google_maps"><value>https://www.google.com/maps/place/?q=place_id:ChIJKyRwBs-Y4jARYGe3Dw40LoI</value></Data>
      </ExtendedData>
      <Point><coordinates>100.5205297,13.720701199999999,0</coordinates></Point>
    </Placemark>
    <Placemark>
      <styleUrl>#cm2</styleUrl>
      <name>Polo Fried Chicken (Soi Polo)</name>
      <description>⭐ 4.3 (3,767 รีวิว) · Thai Fried Chicken · Pathumwan · ฿฿
137/1-3 Soi Polo, Khwaeng Lumphini, Pathum Wan, Krung Thep Maha Nakhon 10330, Thailand
https://www.google.com/maps/place/?q=place_id:ChIJ--rTNief4jARBGLQAL_tfHw
ข้อมูลจาก ChefMinistry — chefministry.com</description>
      <ExtendedData>
        <Data name="rating"><value>4.3</value></Data>
        <Data name="reviews"><value>3767</value></Data>
        <Data name="cuisine"><value>Thai Fried Chicken</value></Data>
        <Data name="area"><value>Pathumwan</value></Data>
        <Data name="google_maps"><value>https://www.google.com/maps/place/?q=place_id:ChIJ--rTNief4jARBGLQAL_tfHw</value></Data>
      </ExtendedData>
      <Point><coordinates>100.54596099999999,13.7322268,0</coordinates></Point>
    </Placemark>
    <Placemark>
      <styleUrl>#cm2</styleUrl>
      <name>ตำ 20 รัชดา - สุทธิสาร</name>
      <description>⭐ 4.6 (2,954 รีวิว) · Thai · Huai Khwang · ฿฿
90 Thanon Sutthisan Winitchai, Khwaeng Samsen Nok, Khet Huai Khwang, Krung Thep Maha Nakhon 10310, Thailand
https://www.google.com/maps/place/?q=place_id:ChIJybOu5M6d4jARf85kTdildDA
ข้อมูลจาก ChefMinistry — chefministry.com</description>
      <ExtendedData>
        <Data name="rating"><value>4.6</value></Data>
        <Data name="reviews"><value>2954</value></Data>
        <Data name="cuisine"><value>Thai</value></Data>
        <Data name="area"><value>Huai Khwang</value></Data>
        <Data name="google_maps"><value>https://www.google.com/maps/place/?q=place_id:ChIJybOu5M6d4jARf85kTdildDA</value></Data>
      </ExtendedData>
      <Point><coordinates>100.5874599,13.7890599,0</coordinates></Point>
    </Placemark>
    <Placemark>
      <styleUrl>#cm2</styleUrl>
      <name>สมบูรณ์โภชนา รัชดา</name>
      <description>⭐ 4.3 (3,596 รีวิว) · Thai · Ratchada · ฿฿
167/9-12 Thanon Ratchadaphisek, Khwaeng Din Daeng, Khet Din Daeng, Krung Thep Maha Nakhon 10400, Thailand
https://www.google.com/maps/place/?q=place_id:ChIJh3pFGICe4jARuIFdCClOi90
ข้อมูลจาก ChefMinistry — chefministry.com</description>
      <ExtendedData>
        <Data name="rating"><value>4.3</value></Data>
        <Data name="reviews"><value>3596</value></Data>
        <Data name="cuisine"><value>Thai</value></Data>
        <Data name="area"><value>Ratchada</value></Data>
        <Data name="google_maps"><value>https://www.google.com/maps/place/?q=place_id:ChIJh3pFGICe4jARuIFdCClOi90</value></Data>
      </ExtendedData>
      <Point><coordinates>100.5732508,13.7778463,0</coordinates></Point>
    </Placemark>
    <Placemark>
      <styleUrl>#cm2</styleUrl>
      <name>ตำ20 สายไหม</name>
      <description>⭐ 4.7 (2,582 รีวิว) · Thai · Sai Mai · ฿฿
13, 8 Sai Mai Rd, Khwaeng Sai Mai, Khet Sai Mai, Krung Thep Maha Nakhon 10220, Thailand
https://www.google.com/maps/place/?q=place_id:ChIJddtRVgt9HTERIO7bKK39Z7c
ข้อมูลจาก ChefMinistry — chefministry.com</description>
      <ExtendedData>
        <Data name="rating"><value>4.7</value></Data>
        <Data name="reviews"><value>2582</value></Data>
        <Data name="cuisine"><value>Thai</value></Data>
        <Data name="area"><value>Sai Mai</value></Data>
        <Data name="google_maps"><value>https://www.google.com/maps/place/?q=place_id:ChIJddtRVgt9HTERIO7bKK39Z7c</value></Data>
      </ExtendedData>
      <Point><coordinates>100.6685299,13.921054,0</coordinates></Point>
    </Placemark>
    <Placemark>
      <styleUrl>#cm2</styleUrl>
      <name>แกงสด</name>
      <description>⭐ 4.9 (1,879 รีวิว) · Thai · Pathumwan · ฿฿
Unit 1339, Floor 3F, Parade, One Bangkok 1877 ถ. พระรามที่ 4 แขวงลุมพินี เขตปทุมวัน กรุงเทพมหานคร 10330, Thailand
https://www.google.com/maps/place/?q=place_id:ChIJScZmNwCf4jARLogYcw8hsGY
ข้อมูลจาก ChefMinistry — chefministry.com</description>
      <ExtendedData>
        <Data name="rating"><value>4.9</value></Data>
        <Data name="reviews"><value>1879</value></Data>
        <Data name="cuisine"><value>Thai</value></Data>
        <Data name="area"><value>Pathumwan</value></Data>
        <Data name="google_maps"><value>https://www.google.com/maps/place/?q=place_id:ChIJScZmNwCf4jARLogYcw8hsGY</value></Data>
      </ExtendedData>
      <Point><coordinates>100.54783680000001,13.7258202,0</coordinates></Point>
    </Placemark>
    <Placemark>
      <styleUrl>#cm2</styleUrl>
      <name>ตั๋นโบข้าวมันไก่เยาวราช</name>
      <description>⭐ 4.8 (1,967 รีวิว) · Thai · Yaowarat · ฿
301 Yaowarat Rd, Khwaeng Samphanthawong, Khet Samphanthawong, Krung Thep Maha Nakhon 10100, Thailand
https://www.google.com/maps/place/?q=place_id:ChIJBZ4lFQCZ4jAR_kEKWPvgMWM
ข้อมูลจาก ChefMinistry — chefministry.com</description>
      <ExtendedData>
        <Data name="rating"><value>4.8</value></Data>
        <Data name="reviews"><value>1967</value></Data>
        <Data name="cuisine"><value>Thai</value></Data>
        <Data name="area"><value>Yaowarat</value></Data>
        <Data name="google_maps"><value>https://www.google.com/maps/place/?q=place_id:ChIJBZ4lFQCZ4jAR_kEKWPvgMWM</value></Data>
      </ExtendedData>
      <Point><coordinates>100.5088517,13.740905699999999,0</coordinates></Point>
    </Placemark>
    <Placemark>
      <styleUrl>#cm2</styleUrl>
      <name>หมูแดงนายไซ</name>
      <description>⭐ 4.3 (2,676 รีวิว) · Thai · Bang Sue · ฿
1059 Thanon Pracha Chuen, Khwaeng Wong Sawang, Khet Bang Sue, Krung Thep Maha Nakhon 10800, Thailand
https://www.google.com/maps/place/?q=place_id:ChIJJWk-U4Wc4jARKi0t_tEqtdc
ข้อมูลจาก ChefMinistry — chefministry.com</description>
      <ExtendedData>
        <Data name="rating"><value>4.3</value></Data>
        <Data name="reviews"><value>2676</value></Data>
        <Data name="cuisine"><value>Thai</value></Data>
        <Data name="area"><value>Bang Sue</value></Data>
        <Data name="google_maps"><value>https://www.google.com/maps/place/?q=place_id:ChIJJWk-U4Wc4jARKi0t_tEqtdc</value></Data>
      </ExtendedData>
      <Point><coordinates>100.5404021,13.8370506,0</coordinates></Point>
    </Placemark>
    <Placemark>
      <styleUrl>#cm2</styleUrl>
      <name>Somtum Der</name>
      <description>⭐ 4.4 (2,471 รีวิว) · Isaan Thai · Bang Rak · ฿฿
5, 5 Thanon Sala Daeng, Si Lom, Khet Bang Rak, Krung Thep Maha Nakhon 10500, Thailand
https://www.google.com/maps/place/?q=place_id:ChIJ6fUwuS6f4jARYytUkc2MT3s
ข้อมูลจาก ChefMinistry — chefministry.com</description>
      <ExtendedData>
        <Data name="rating"><value>4.4</value></Data>
        <Data name="reviews"><value>2471</value></Data>
        <Data name="cuisine"><value>Isaan Thai</value></Data>
        <Data name="area"><value>Bang Rak</value></Data>
        <Data name="google_maps"><value>https://www.google.com/maps/place/?q=place_id:ChIJ6fUwuS6f4jARYytUkc2MT3s</value></Data>
      </ExtendedData>
      <Point><coordinates>100.536404,13.727591199999999,0</coordinates></Point>
    </Placemark>
    <Placemark>
      <styleUrl>#cm2</styleUrl>
      <name>บ้านไอซ์ ทองหล่อ</name>
      <description>⭐ 4.6 (2,087 รีวิว) · Thai · Thonglor · ฿฿
115 Soi Thong Lo, Khwaeng Khlong Tan Nuea, Watthana, Krung Thep Maha Nakhon 10110, Thailand
https://www.google.com/maps/place/?q=place_id:ChIJKaihd6yf4jARJboSwdnH7sw
ข้อมูลจาก ChefMinistry — chefministry.com</description>
      <ExtendedData>
        <Data name="rating"><value>4.6</value></Data>
        <Data name="reviews"><value>2087</value></Data>
        <Data name="cuisine"><value>Thai</value></Data>
        <Data name="area"><value>Thonglor</value></Data>
        <Data name="google_maps"><value>https://www.google.com/maps/place/?q=place_id:ChIJKaihd6yf4jARJboSwdnH7sw</value></Data>
      </ExtendedData>
      <Point><coordinates>100.580688,13.7290537,0</coordinates></Point>
    </Placemark>
    <Placemark>
      <styleUrl>#cm2</styleUrl>
      <name>ส้มตำคุณกัญจณ์ &amp; คู่ขวัญ ป้อนคำหวาน</name>
      <description>⭐ 4.5 (2,235 รีวิว) · Thai · Phra Khanong · ฿฿
6 Soi Wachiratham Sathit 23, Khwaeng Bang Chak, Khet Phra Khanong, Krung Thep Maha Nakhon 10260, Thailand
https://www.google.com/maps/place/?q=place_id:ChIJ8Vs4siRgHTERYBWoQHbyALI
ข้อมูลจาก ChefMinistry — chefministry.com</description>
      <ExtendedData>
        <Data name="rating"><value>4.5</value></Data>
        <Data name="reviews"><value>2235</value></Data>
        <Data name="cuisine"><value>Thai</value></Data>
        <Data name="area"><value>Phra Khanong</value></Data>
        <Data name="google_maps"><value>https://www.google.com/maps/place/?q=place_id:ChIJ8Vs4siRgHTERYBWoQHbyALI</value></Data>
      </ExtendedData>
      <Point><coordinates>100.6211196,13.68531,0</coordinates></Point>
    </Placemark>
    <Placemark>
      <styleUrl>#cm2</styleUrl>
      <name>Eathai</name>
      <description>⭐ 4.3 (2,594 รีวิว) · Premium Thai · Pathumwan · ฿฿
1031 Thanon Phloen Chit, เเขวง ปทุมวัน, Pathum Wan, Krung Thep Maha Nakhon 10330, Thailand
https://www.google.com/maps/place/?q=place_id:ChIJ17TfAdme4jARiI8BOLODlOE
ข้อมูลจาก ChefMinistry — chefministry.com</description>
      <ExtendedData>
        <Data name="rating"><value>4.3</value></Data>
        <Data name="reviews"><value>2594</value></Data>
        <Data name="cuisine"><value>Premium Thai</value></Data>
        <Data name="area"><value>Pathumwan</value></Data>
        <Data name="google_maps"><value>https://www.google.com/maps/place/?q=place_id:ChIJ17TfAdme4jARiI8BOLODlOE</value></Data>
      </ExtendedData>
      <Point><coordinates>100.5466379,13.7437507,0</coordinates></Point>
    </Placemark>
    <Placemark>
      <styleUrl>#cm2</styleUrl>
      <name>สมยศ ข้าวต้มรอบดึก (Som Yot Khaotom Rop Duek)โชคชัย 4 ซอย 72  โชคชัย 4</name>
      <description>⭐ 4.4 (2,184 รีวิว) · Thai · Lat Phrao · ฿฿
โชคชัย 4 ซอย 72 Thanon Satri Witthaya 2, Khwaeng Lat Phrao, Khet Lat Phrao, Krung Thep Maha Nakhon 10230, Thailand
https://www.google.com/maps/place/?q=place_id:ChIJx0YahZ-d4jARuo4bO2b7AIg
ข้อมูลจาก ChefMinistry — chefministry.com</description>
      <ExtendedData>
        <Data name="rating"><value>4.4</value></Data>
        <Data name="reviews"><value>2184</value></Data>
        <Data name="cuisine"><value>Thai</value></Data>
        <Data name="area"><value>Lat Phrao</value></Data>
        <Data name="google_maps"><value>https://www.google.com/maps/place/?q=place_id:ChIJx0YahZ-d4jARuo4bO2b7AIg</value></Data>
      </ExtendedData>
      <Point><coordinates>100.5976955,13.8209827,0</coordinates></Point>
    </Placemark>
    <Placemark>
      <styleUrl>#cm2</styleUrl>
      <name>ข้าวหมูแดงสีมรกต</name>
      <description>⭐ 4.3 (2,341 รีวิว) · Thai · Yaowarat · ฿
80-82 Soi Sukon 1, Khwaeng Talat Noi, Khet Samphanthawong, Krung Thep Maha Nakhon 10100, Thailand
https://www.google.com/maps/place/?q=place_id:ChIJ-bLUEyeZ4jARupp8yg3g8MA
ข้อมูลจาก ChefMinistry — chefministry.com</description>
      <ExtendedData>
        <Data name="rating"><value>4.3</value></Data>
        <Data name="reviews"><value>2341</value></Data>
        <Data name="cuisine"><value>Thai</value></Data>
        <Data name="area"><value>Yaowarat</value></Data>
        <Data name="google_maps"><value>https://www.google.com/maps/place/?q=place_id:ChIJ-bLUEyeZ4jARupp8yg3g8MA</value></Data>
      </ExtendedData>
      <Point><coordinates>100.51473000000001,13.737113899999999,0</coordinates></Point>
    </Placemark>
    <Placemark>
      <styleUrl>#cm2</styleUrl>
      <name>ร้านครัวคุณภา</name>
      <description>⭐ 4.4 (2,154 รีวิว) · Thai · Taling Chan · ฿
65, 2 Thanon Ratchaphruek, Khwaeng Bang Phrom, Khet Taling Chan, Krung Thep Maha Nakhon 10170, Thailand
https://www.google.com/maps/place/?q=place_id:ChIJf6Crb8GZ4jARBibTD1Jvz6g
ข้อมูลจาก ChefMinistry — chefministry.com</description>
      <ExtendedData>
        <Data name="rating"><value>4.4</value></Data>
        <Data name="reviews"><value>2154</value></Data>
        <Data name="cuisine"><value>Thai</value></Data>
        <Data name="area"><value>Taling Chan</value></Data>
        <Data name="google_maps"><value>https://www.google.com/maps/place/?q=place_id:ChIJf6Crb8GZ4jARBibTD1Jvz6g</value></Data>
      </ExtendedData>
      <Point><coordinates>100.44796629999999,13.747726199999999,0</coordinates></Point>
    </Placemark>
    <Placemark>
      <styleUrl>#cm2</styleUrl>
      <name>โกอ่าง ข้าวมันไก่ประตูน้ำ สาขาประตูน้ำ 2</name>
      <description>⭐ 4.4 (2,062 รีวิว) · Thai · Pathumwan · ฿
17, Khwaeng Lumphini, Pathum Wan, Krung Thep Maha Nakhon 10330, Thailand
https://www.google.com/maps/place/?q=place_id:ChIJj_WIE_Kf4jARywEFZ_PhZtE
ข้อมูลจาก ChefMinistry — chefministry.com</description>
      <ExtendedData>
        <Data name="rating"><value>4.4</value></Data>
        <Data name="reviews"><value>2062</value></Data>
        <Data name="cuisine"><value>Thai</value></Data>
        <Data name="area"><value>Pathumwan</value></Data>
        <Data name="google_maps"><value>https://www.google.com/maps/place/?q=place_id:ChIJj_WIE_Kf4jARywEFZ_PhZtE</value></Data>
      </ExtendedData>
      <Point><coordinates>100.5410972,13.748859000000001,0</coordinates></Point>
    </Placemark>
    <Placemark>
      <styleUrl>#cm2</styleUrl>
      <name>ข้าวแกงเจ็กปุ๊ย (เจ๊เฉีย)</name>
      <description>⭐ 4.5 (1,887 รีวิว) · Thai · Pom Prap · ฿
25 Mangkon Rd, Khwaeng Pom Prap, Khet Pom Prap Sattru Phai, Krung Thep Maha Nakhon 10100, Thailand
https://www.google.com/maps/place/?q=place_id:ChIJhdkNRSKZ4jARo-VgQ65HGYU
ข้อมูลจาก ChefMinistry — chefministry.com</description>
      <ExtendedData>
        <Data name="rating"><value>4.5</value></Data>
        <Data name="reviews"><value>1887</value></Data>
        <Data name="cuisine"><value>Thai</value></Data>
        <Data name="area"><value>Pom Prap</value></Data>
        <Data name="google_maps"><value>https://www.google.com/maps/place/?q=place_id:ChIJhdkNRSKZ4jARo-VgQ65HGYU</value></Data>
      </ExtendedData>
      <Point><coordinates>100.50901929999999,13.7437524,0</coordinates></Point>
    </Placemark>
    <Placemark>
      <styleUrl>#cm2</styleUrl>
      <name>ห้องทานข้าวสุพรรณิการ์ ทองหล่อ ทองหล่อ</name>
      <description>⭐ 4.4 (1,749 รีวิว) · Thai · Thonglor · ฿฿
160/11 Soi Thong Lo, Khwaeng Khlong Tan Nuea, Watthana, Krung Thep Maha Nakhon 10110, Thailand
https://www.google.com/maps/place/?q=place_id:ChIJYSgxk6yf4jAROxN8pCQzqJA
ข้อมูลจาก ChefMinistry — chefministry.com</description>
      <ExtendedData>
        <Data name="rating"><value>4.4</value></Data>
        <Data name="reviews"><value>1749</value></Data>
        <Data name="cuisine"><value>Thai</value></Data>
        <Data name="area"><value>Thonglor</value></Data>
        <Data name="google_maps"><value>https://www.google.com/maps/place/?q=place_id:ChIJYSgxk6yf4jAROxN8pCQzqJA</value></Data>
      </ExtendedData>
      <Point><coordinates>100.5815348,13.7302219,0</coordinates></Point>
    </Placemark>
    <Placemark>
      <styleUrl>#cm2</styleUrl>
      <name>คั่วกลิ้ง+ผักสด ทองหล่อ</name>
      <description>⭐ 4.5 (1,524 รีวิว) · Thai · Thonglor · ฿฿
98/1 Soi Pai Di Ma Di Klang, Khwaeng Khlong Tan Nuea, Watthana, Krung Thep Maha Nakhon 10110, Thailand
https://www.google.com/maps/place/?q=place_id:ChIJe26gkKuf4jARIiXTKzB4REo
ข้อมูลจาก ChefMinistry — chefministry.com</description>
      <ExtendedData>
        <Data name="rating"><value>4.5</value></Data>
        <Data name="reviews"><value>1524</value></Data>
        <Data name="cuisine"><value>Thai</value></Data>
        <Data name="area"><value>Thonglor</value></Data>
        <Data name="google_maps"><value>https://www.google.com/maps/place/?q=place_id:ChIJe26gkKuf4jARIiXTKzB4REo</value></Data>
      </ExtendedData>
      <Point><coordinates>100.5793108,13.7290461,0</coordinates></Point>
    </Placemark>
    <Placemark>
      <styleUrl>#cm2</styleUrl>
      <name>Nhong Rim Klong</name>
      <description>⭐ 4.5 (1,463 รีวิว) · Thai · Ekkamai · ฿฿
51 Soi Ekkamai 23, Khwaeng Khlong Tan Nuea, Watthana, Krung Thep Maha Nakhon 10110, Thailand
https://www.google.com/maps/place/?q=place_id:ChIJa_aFzXKf4jARvZFqO3bSkRs
ข้อมูลจาก ChefMinistry — chefministry.com</description>
      <ExtendedData>
        <Data name="rating"><value>4.5</value></Data>
        <Data name="reviews"><value>1463</value></Data>
        <Data name="cuisine"><value>Thai</value></Data>
        <Data name="area"><value>Ekkamai</value></Data>
        <Data name="google_maps"><value>https://www.google.com/maps/place/?q=place_id:ChIJa_aFzXKf4jARvZFqO3bSkRs</value></Data>
      </ExtendedData>
      <Point><coordinates>100.58869899999999,13.741309900000001,0</coordinates></Point>
    </Placemark>
    <Placemark>
      <styleUrl>#cm2</styleUrl>
      <name>888 Chicken Rice</name>
      <description>⭐ 4.4 (1,528 รีวิว) · Thai · Suan Luang · ฿
1820 Phatthanakan Rd, Khwaeng Suan Luang, Khet Suan Luang, Krung Thep Maha Nakhon 10250, Thailand
https://www.google.com/maps/place/?q=place_id:ChIJgZw-fM5hHTERiz1Hj-6Z2rg
ข้อมูลจาก ChefMinistry — chefministry.com</description>
      <ExtendedData>
        <Data name="rating"><value>4.4</value></Data>
        <Data name="reviews"><value>1528</value></Data>
        <Data name="cuisine"><value>Thai</value></Data>
        <Data name="area"><value>Suan Luang</value></Data>
        <Data name="google_maps"><value>https://www.google.com/maps/place/?q=place_id:ChIJgZw-fM5hHTERiz1Hj-6Z2rg</value></Data>
      </ExtendedData>
      <Point><coordinates>100.6329677,13.736404,0</coordinates></Point>
    </Placemark>
    <Placemark>
      <styleUrl>#cm2</styleUrl>
      <name>ศรีวัชเชิญชิม</name>
      <description>⭐ 4.4 (1,414 รีวิว) · Thai · Khan Na Yao · ฿
53, 7 Soi Rarm Intra 71, Khwaeng Ram Inthra, Khet Khan Na Yao, Krung Thep Maha Nakhon 10230, Thailand
https://www.google.com/maps/place/?q=place_id:ChIJf0RhAOFiHTERRSRXr1-f56A
ข้อมูลจาก ChefMinistry — chefministry.com</description>
      <ExtendedData>
        <Data name="rating"><value>4.4</value></Data>
        <Data name="reviews"><value>1414</value></Data>
        <Data name="cuisine"><value>Thai</value></Data>
        <Data name="area"><value>Khan Na Yao</value></Data>
        <Data name="google_maps"><value>https://www.google.com/maps/place/?q=place_id:ChIJf0RhAOFiHTERRSRXr1-f56A</value></Data>
      </ExtendedData>
      <Point><coordinates>100.6619197,13.8404013,0</coordinates></Point>
    </Placemark>
    <Placemark>
      <styleUrl>#cm2</styleUrl>
      <name>ข้าวมันไก่ ลิ่มซัง</name>
      <description>⭐ 4.4 (1,303 รีวิว) · Thai · Don Mueang · ฿
111/539 Thanon Nawong Pracha Phatthana, Khwaeng Si Kan, Khet Don Mueang, Krung Thep Maha Nakhon 10210, Thailand
https://www.google.com/maps/place/?q=place_id:ChIJ-zIqxjKC4jARxkG3tL4KzZg
ข้อมูลจาก ChefMinistry — chefministry.com</description>
      <ExtendedData>
        <Data name="rating"><value>4.4</value></Data>
        <Data name="reviews"><value>1303</value></Data>
        <Data name="cuisine"><value>Thai</value></Data>
        <Data name="area"><value>Don Mueang</value></Data>
        <Data name="google_maps"><value>https://www.google.com/maps/place/?q=place_id:ChIJ-zIqxjKC4jARxkG3tL4KzZg</value></Data>
      </ExtendedData>
      <Point><coordinates>100.57185299999999,13.948322,0</coordinates></Point>
    </Placemark>
    <Placemark>
      <styleUrl>#cm2</styleUrl>
      <name>ตั๋นโบข้าวมันไก่ ลูกเฮียเทพ (สาขาสุทธิสาร)</name>
      <description>⭐ 4.6 (1,095 รีวิว) · Thai · Phaya Thai · ฿
351 Thanon Vibhavadi Rangsit, Khwaeng Samsen Nai, Khet Phaya Thai, Krung Thep Maha Nakhon 10400, Thailand
https://www.google.com/maps/place/?q=place_id:ChIJFV8N_gqd4jARvLywfIikc1o
ข้อมูลจาก ChefMinistry — chefministry.com</description>
      <ExtendedData>
        <Data name="rating"><value>4.6</value></Data>
        <Data name="reviews"><value>1095</value></Data>
        <Data name="cuisine"><value>Thai</value></Data>
        <Data name="area"><value>Phaya Thai</value></Data>
        <Data name="google_maps"><value>https://www.google.com/maps/place/?q=place_id:ChIJFV8N_gqd4jARvLywfIikc1o</value></Data>
      </ExtendedData>
      <Point><coordinates>100.5611169,13.790145700000002,0</coordinates></Point>
    </Placemark>
    <Placemark>
      <styleUrl>#cm2</styleUrl>
      <name>Mother May I Kitchen</name>
      <description>⭐ 4.4 (1,175 รีวิว) · Thai · Ekkamai · ฿฿
8 18 Soi Ekkamai 10, Lane 2, Khwaeng Phra Khanong Nuea, Watthana, Krung Thep Maha Nakhon 10110, Thailand
https://www.google.com/maps/place/?q=place_id:ChIJfVTWHq-f4jARwWZl9_C7G3k
ข้อมูลจาก ChefMinistry — chefministry.com</description>
      <ExtendedData>
        <Data name="rating"><value>4.4</value></Data>
        <Data name="reviews"><value>1175</value></Data>
        <Data name="cuisine"><value>Thai</value></Data>
        <Data name="area"><value>Ekkamai</value></Data>
        <Data name="google_maps"><value>https://www.google.com/maps/place/?q=place_id:ChIJfVTWHq-f4jARwWZl9_C7G3k</value></Data>
      </ExtendedData>
      <Point><coordinates>100.58755269999999,13.727832399999999,0</coordinates></Point>
    </Placemark>
    <Placemark>
      <styleUrl>#cm2</styleUrl>
      <name>ข้าวมันไก่ มงคลวัฒนา (สามเรือน)</name>
      <description>⭐ 4.6 (997 รีวิว) · Thai · Chatuchak · ฿
1895/8 Soi Phahon Yothin 37/1, Khwaeng Lat Yao, Khet Chatuchak, Krung Thep Maha Nakhon 10900, Thailand
https://www.google.com/maps/place/?q=place_id:ChIJ0VqCknKd4jARGDT8WPgoSd4
ข้อมูลจาก ChefMinistry — chefministry.com</description>
      <ExtendedData>
        <Data name="rating"><value>4.6</value></Data>
        <Data name="reviews"><value>997</value></Data>
        <Data name="cuisine"><value>Thai</value></Data>
        <Data name="area"><value>Chatuchak</value></Data>
        <Data name="google_maps"><value>https://www.google.com/maps/place/?q=place_id:ChIJ0VqCknKd4jARGDT8WPgoSd4</value></Data>
      </ExtendedData>
      <Point><coordinates>100.5717056,13.833373000000002,0</coordinates></Point>
    </Placemark>
    <Placemark>
      <styleUrl>#cm2</styleUrl>
      <name>แซ่บวัน ตำซั่ว Original</name>
      <description>⭐ 4.7 (841 รีวิว) · Isaan Thai · Ratchada · ฿฿
Thanon Ratchadaphisek, Khwaeng Din Daeng, Khet Din Daeng, Krung Thep Maha Nakhon 10400, Thailand
https://www.google.com/maps/place/?q=place_id:ChIJaZ6-cAuf4jAREVKsxwFZpl0
ข้อมูลจาก ChefMinistry — chefministry.com</description>
      <ExtendedData>
        <Data name="rating"><value>4.7</value></Data>
        <Data name="reviews"><value>841</value></Data>
        <Data name="cuisine"><value>Isaan Thai</value></Data>
        <Data name="area"><value>Ratchada</value></Data>
        <Data name="google_maps"><value>https://www.google.com/maps/place/?q=place_id:ChIJaZ6-cAuf4jAREVKsxwFZpl0</value></Data>
      </ExtendedData>
      <Point><coordinates>100.56895999999999,13.764832499999999,0</coordinates></Point>
    </Placemark>
    <Placemark>
      <styleUrl>#cm2</styleUrl>
      <name>ข้าวมันไก่นายธง สาธุประดิษฐ์ 58</name>
      <description>⭐ 4.4 (1,045 รีวิว) · Thai · Bang Kho Laem · ฿
983 Thanon Sathu Pradit, แขวง บางโคล่ เขต บางคอแหลม Krung Thep Maha Nakhon 10120, Thailand
https://www.google.com/maps/place/?q=place_id:ChIJHXBKmfih4jAR8TFcIeGuAY0
ข้อมูลจาก ChefMinistry — chefministry.com</description>
      <ExtendedData>
        <Data name="rating"><value>4.4</value></Data>
        <Data name="reviews"><value>1045</value></Data>
        <Data name="cuisine"><value>Thai</value></Data>
        <Data name="area"><value>Bang Kho Laem</value></Data>
        <Data name="google_maps"><value>https://www.google.com/maps/place/?q=place_id:ChIJHXBKmfih4jAR8TFcIeGuAY0</value></Data>
      </ExtendedData>
      <Point><coordinates>100.52998760000001,13.6815608,0</coordinates></Point>
    </Placemark>
    <Placemark>
      <styleUrl>#cm2</styleUrl>
      <name>ซุ่ยเฮง ข้าวมันไก่</name>
      <description>⭐ 4.4 (1,008 รีวิว) · Thai · สาทร · ฿
1739 ถ. เจริญกรุง Khwaeng Yan Nawa, Khet Sathon, Krung Thep Maha Nakhon 10120, Thailand
https://www.google.com/maps/place/?q=place_id:ChIJy0BpMMeY4jARWUGwjkDCYeM
ข้อมูลจาก ChefMinistry — chefministry.com</description>
      <ExtendedData>
        <Data name="rating"><value>4.4</value></Data>
        <Data name="reviews"><value>1008</value></Data>
        <Data name="cuisine"><value>Thai</value></Data>
        <Data name="area"><value>สาทร</value></Data>
        <Data name="google_maps"><value>https://www.google.com/maps/place/?q=place_id:ChIJy0BpMMeY4jARWUGwjkDCYeM</value></Data>
      </ExtendedData>
      <Point><coordinates>100.5129571,13.7134417,0</coordinates></Point>
    </Placemark>
    <Placemark>
      <styleUrl>#cm2</styleUrl>
      <name>ข้าวมันไก่เจ็กเม้ง ตรงข้ามโรงเรียนสีตบุตร</name>
      <description>⭐ 4.4 (976 รีวิว) · Thai · Pathumwan · ฿
112/1-3 Charat Mueang Alley, Khwaeng Rong Muang, Pathum Wan, Krung Thep Maha Nakhon 10330, Thailand
https://www.google.com/maps/place/?q=place_id:ChIJcwK74S6Z4jARzqUhQsNBF1A
ข้อมูลจาก ChefMinistry — chefministry.com</description>
      <ExtendedData>
        <Data name="rating"><value>4.4</value></Data>
        <Data name="reviews"><value>976</value></Data>
        <Data name="cuisine"><value>Thai</value></Data>
        <Data name="area"><value>Pathumwan</value></Data>
        <Data name="google_maps"><value>https://www.google.com/maps/place/?q=place_id:ChIJcwK74S6Z4jARzqUhQsNBF1A</value></Data>
      </ExtendedData>
      <Point><coordinates>100.5213467,13.742447799999999,0</coordinates></Point>
    </Placemark>
    <Placemark>
      <styleUrl>#cm2</styleUrl>
      <name>ข้าวมันไก่เจ๊ยี</name>
      <description>⭐ 4.4 (940 รีวิว) · Thai · Pom Prap · ฿
457/9 Thanon Chakkraphatdi Phong, Khwaeng Khlong Maha Nak, Khet Pom Prap Sattru Phai, Krung Thep Maha Nakhon 10100, Thailand
https://www.google.com/maps/place/?q=place_id:ChIJTyVYej6Z4jAR_1fpix79NfM
ข้อมูลจาก ChefMinistry — chefministry.com</description>
      <ExtendedData>
        <Data name="rating"><value>4.4</value></Data>
        <Data name="reviews"><value>940</value></Data>
        <Data name="cuisine"><value>Thai</value></Data>
        <Data name="area"><value>Pom Prap</value></Data>
        <Data name="google_maps"><value>https://www.google.com/maps/place/?q=place_id:ChIJTyVYej6Z4jAR_1fpix79NfM</value></Data>
      </ExtendedData>
      <Point><coordinates>100.5093479,13.7532733,0</coordinates></Point>
    </Placemark>
    <Placemark>
      <styleUrl>#cm2</styleUrl>
      <name>ศรีเหลืองโภชนา</name>
      <description>⭐ 4.4 (933 รีวิว) · Thai · Phaya Thai · ฿
45/7 Thanon Saliratthawiphak, Khwaeng Samsen Nai, Khet Phaya Thai, Krung Thep Maha Nakhon 10400, Thailand
https://www.google.com/maps/place/?q=place_id:ChIJp2Zacxec4jAR9i2toRndyaE
ข้อมูลจาก ChefMinistry — chefministry.com</description>
      <ExtendedData>
        <Data name="rating"><value>4.4</value></Data>
        <Data name="reviews"><value>933</value></Data>
        <Data name="cuisine"><value>Thai</value></Data>
        <Data name="area"><value>Phaya Thai</value></Data>
        <Data name="google_maps"><value>https://www.google.com/maps/place/?q=place_id:ChIJp2Zacxec4jAR9i2toRndyaE</value></Data>
      </ExtendedData>
      <Point><coordinates>100.54955679999999,13.789304699999999,0</coordinates></Point>
    </Placemark>
    <Placemark>
      <styleUrl>#cm2</styleUrl>
      <name>ร้านรสทิพย์ ข้าวขาหมู</name>
      <description>⭐ 4.5 (844 รีวิว) · Thai · Ram Intra · ฿
106 ซอยโพธิ์แก้ว แยก 4-1-2-1 Khwaeng Khlong Chan, Khet Bang Kapi, Krung Thep Maha Nakhon 10240, Thailand
https://www.google.com/maps/place/?q=place_id:ChIJP4M-Qt9jHTERYZ6SJ3WWuYk
ข้อมูลจาก ChefMinistry — chefministry.com</description>
      <ExtendedData>
        <Data name="rating"><value>4.5</value></Data>
        <Data name="reviews"><value>844</value></Data>
        <Data name="cuisine"><value>Thai</value></Data>
        <Data name="area"><value>Ram Intra</value></Data>
        <Data name="google_maps"><value>https://www.google.com/maps/place/?q=place_id:ChIJP4M-Qt9jHTERYZ6SJ3WWuYk</value></Data>
      </ExtendedData>
      <Point><coordinates>100.63574709999999,13.7992136,0</coordinates></Point>
    </Placemark>
    <Placemark>
      <styleUrl>#cm2</styleUrl>
      <name>ร้านอาหารใต้ บ้านฉลอง</name>
      <description>⭐ 4.5 (792 รีวิว) · Thai · Minburi · ฿฿
เลขที่ 100 Lat Pla Khao Rd, Khwaeng Chorakhe Bua, Khet Lat Phrao, Krung Thep Maha Nakhon 10230, Thailand
https://www.google.com/maps/place/?q=place_id:ChIJOV4PX72d4jARnM3B7eq7Y3M
ข้อมูลจาก ChefMinistry — chefministry.com</description>
      <ExtendedData>
        <Data name="rating"><value>4.5</value></Data>
        <Data name="reviews"><value>792</value></Data>
        <Data name="cuisine"><value>Thai</value></Data>
        <Data name="area"><value>Minburi</value></Data>
        <Data name="google_maps"><value>https://www.google.com/maps/place/?q=place_id:ChIJOV4PX72d4jARnM3B7eq7Y3M</value></Data>
      </ExtendedData>
      <Point><coordinates>100.5922842,13.8415068,0</coordinates></Point>
    </Placemark>
    <Placemark>
      <styleUrl>#cm2</styleUrl>
      <name>หรรษาริเวอร์เฮ้าส์</name>
      <description>⭐ 4.5 (777 รีวิว) · Thai · Yaowarat · ฿฿
1616 Soi Khang Wat Pathum Khongkha, Khwaeng Samphanthawong, Khet Samphanthawong, Krung Thep Maha Nakhon 10100, Thailand
https://www.google.com/maps/place/?q=place_id:ChIJE7ZsAwCZ4jAR4OAUPPaXQ6o
ข้อมูลจาก ChefMinistry — chefministry.com</description>
      <ExtendedData>
        <Data name="rating"><value>4.5</value></Data>
        <Data name="reviews"><value>777</value></Data>
        <Data name="cuisine"><value>Thai</value></Data>
        <Data name="area"><value>Yaowarat</value></Data>
        <Data name="google_maps"><value>https://www.google.com/maps/place/?q=place_id:ChIJE7ZsAwCZ4jAR4OAUPPaXQ6o</value></Data>
      </ExtendedData>
      <Point><coordinates>100.5102325,13.7356582,0</coordinates></Point>
    </Placemark>
    <Placemark>
      <styleUrl>#cm2</styleUrl>
      <name>เจ้เล้ง ครัวส้มตำไก่ย่าง</name>
      <description>⭐ 4.3 (875 รีวิว) · Thai · Thung Khru · ฿฿
1 Soi Phuttha Bucha 36, Khwaeng Bang Mot, Khet Thung Khru, Krung Thep Maha Nakhon 10140, Thailand
https://www.google.com/maps/place/?q=place_id:ChIJy34M5f6i4jARHE-3S2bD4io
ข้อมูลจาก ChefMinistry — chefministry.com</description>
      <ExtendedData>
        <Data name="rating"><value>4.3</value></Data>
        <Data name="reviews"><value>875</value></Data>
        <Data name="cuisine"><value>Thai</value></Data>
        <Data name="area"><value>Thung Khru</value></Data>
        <Data name="google_maps"><value>https://www.google.com/maps/place/?q=place_id:ChIJy34M5f6i4jARHE-3S2bD4io</value></Data>
      </ExtendedData>
      <Point><coordinates>100.4811864,13.6491423,0</coordinates></Point>
    </Placemark>
    <Placemark>
      <styleUrl>#cm2</styleUrl>
      <name>บุญตงเกียรติ ข้าวมันไก่สิงคโปร์ ทองหล่อ</name>
      <description>⭐ 4.3 (866 รีวิว) · Thai · Thonglor · ฿
440 5 Soi Thong Lo, แขวง วัฒนา Watthana, Krung Thep Maha Nakhon 10110, Thailand
https://www.google.com/maps/place/?q=place_id:ChIJR7gcH1Oe4jARA4YYHTzJMx4
ข้อมูลจาก ChefMinistry — chefministry.com</description>
      <ExtendedData>
        <Data name="rating"><value>4.3</value></Data>
        <Data name="reviews"><value>866</value></Data>
        <Data name="cuisine"><value>Thai</value></Data>
        <Data name="area"><value>Thonglor</value></Data>
        <Data name="google_maps"><value>https://www.google.com/maps/place/?q=place_id:ChIJR7gcH1Oe4jARA4YYHTzJMx4</value></Data>
      </ExtendedData>
      <Point><coordinates>100.58273489999999,13.7339957,0</coordinates></Point>
    </Placemark>
    <Placemark>
      <styleUrl>#cm2</styleUrl>
      <name>โชคชัย ลูกชิ้นปลา</name>
      <description>⭐ 4.5 (689 รีวิว) · Thai · Bang Khen · ฿
17/69 Ram Intra 45, Khwaeng Tha Raeng, Khet Bang Khen, Krung Thep Maha Nakhon 10230, Thailand
https://www.google.com/maps/place/?q=place_id:ChIJwUYZW7piHTER1kNXPQDxXnY
ข้อมูลจาก ChefMinistry — chefministry.com</description>
      <ExtendedData>
        <Data name="rating"><value>4.5</value></Data>
        <Data name="reviews"><value>689</value></Data>
        <Data name="cuisine"><value>Thai</value></Data>
        <Data name="area"><value>Bang Khen</value></Data>
        <Data name="google_maps"><value>https://www.google.com/maps/place/?q=place_id:ChIJwUYZW7piHTER1kNXPQDxXnY</value></Data>
      </ExtendedData>
      <Point><coordinates>100.6343083,13.8541748,0</coordinates></Point>
    </Placemark>
    <Placemark>
      <styleUrl>#cm2</styleUrl>
      <name>ตู้กับข้าว ดอนเมือง</name>
      <description>⭐ 4.3 (727 รีวิว) · Thai · Don Mueang · ฿฿
Soi Chang Akat Uthit 3, Lane 4, Khwaeng Si Kan, Khet Don Mueang, Krung Thep Maha Nakhon 10210, Thailand
https://www.google.com/maps/place/?q=place_id:ChIJXRd_j_aC4jARN5qdIaccsFk
ข้อมูลจาก ChefMinistry — chefministry.com</description>
      <ExtendedData>
        <Data name="rating"><value>4.3</value></Data>
        <Data name="reviews"><value>727</value></Data>
        <Data name="cuisine"><value>Thai</value></Data>
        <Data name="area"><value>Don Mueang</value></Data>
        <Data name="google_maps"><value>https://www.google.com/maps/place/?q=place_id:ChIJXRd_j_aC4jARN5qdIaccsFk</value></Data>
      </ExtendedData>
      <Point><coordinates>100.5908649,13.911713700000002,0</coordinates></Point>
    </Placemark>
    <Placemark>
      <styleUrl>#cm2</styleUrl>
      <name>ไก่ย่างเสือใหญ่ กรุงเทพกรีฑา ซอย 8</name>
      <description>⭐ 4.3 (709 รีวิว) · Thai · Bangkapi · ฿฿
150/1 Thanon Krung Thep Kritha, Khwaeng Hua Mak, Khet Bang Kapi, Krung Thep Maha Nakhon 10240, Thailand
https://www.google.com/maps/place/?q=place_id:ChIJjznWlQ5hHTER4OWYw1ULZkI
ข้อมูลจาก ChefMinistry — chefministry.com</description>
      <ExtendedData>
        <Data name="rating"><value>4.3</value></Data>
        <Data name="reviews"><value>709</value></Data>
        <Data name="cuisine"><value>Thai</value></Data>
        <Data name="area"><value>Bangkapi</value></Data>
        <Data name="google_maps"><value>https://www.google.com/maps/place/?q=place_id:ChIJjznWlQ5hHTER4OWYw1ULZkI</value></Data>
      </ExtendedData>
      <Point><coordinates>100.6529617,13.7438249,0</coordinates></Point>
    </Placemark>
    <Placemark>
      <styleUrl>#cm2</styleUrl>
      <name>สมยงตำซั่ว2 พระราม 9</name>
      <description>⭐ 4.3 (665 รีวิว) · Isaan Thai · Rama 9 · ฿
61/ 226-227 ถนน Rama IX Soi 7, Khwaeng Huai Khwang, Khet Huai Khwang, Krung Thep Maha Nakhon 10310, Thailand
https://www.google.com/maps/place/?q=place_id:ChIJe6FJn4ue4jARW0LJkwrHjtc
ข้อมูลจาก ChefMinistry — chefministry.com</description>
      <ExtendedData>
        <Data name="rating"><value>4.3</value></Data>
        <Data name="reviews"><value>665</value></Data>
        <Data name="cuisine"><value>Isaan Thai</value></Data>
        <Data name="area"><value>Rama 9</value></Data>
        <Data name="google_maps"><value>https://www.google.com/maps/place/?q=place_id:ChIJe6FJn4ue4jARW0LJkwrHjtc</value></Data>
      </ExtendedData>
      <Point><coordinates>100.5703241,13.758994099999999,0</coordinates></Point>
    </Placemark>
    <Placemark>
      <styleUrl>#cm2</styleUrl>
      <name>ร้านเจ๊แอ๊ด ก๋วยเตี๋ยวต้มยำสูตรมะนาว</name>
      <description>⭐ 4.5 (547 รีวิว) · Thai · Sukhumvit · ฿
30 หมู่ที่ 2 Soi Siri Watthana, Khwaeng Bang Chueak Nang, Khet Taling Chan, Krung Thep Maha Nakhon 10170, Thailand
https://www.google.com/maps/place/?q=place_id:ChIJeZeEDXOX4jARgci9Bpq5gSQ
ข้อมูลจาก ChefMinistry — chefministry.com</description>
      <ExtendedData>
        <Data name="rating"><value>4.5</value></Data>
        <Data name="reviews"><value>547</value></Data>
        <Data name="cuisine"><value>Thai</value></Data>
        <Data name="area"><value>Sukhumvit</value></Data>
        <Data name="google_maps"><value>https://www.google.com/maps/place/?q=place_id:ChIJeZeEDXOX4jARgci9Bpq5gSQ</value></Data>
      </ExtendedData>
      <Point><coordinates>100.4193897,13.7468171,0</coordinates></Point>
    </Placemark>
    <Placemark>
      <styleUrl>#cm2</styleUrl>
      <name>หมึกมันไก่ ข้าวมันไก่สไตล์สิงคโปร์</name>
      <description>⭐ 4.5 (544 รีวิว) · Thai · Ratchathewi · ฿
47/1 Soi Phetchaburi 5, Khwaeng Thung Phaya Thai, Khet Ratchathewi, Krung Thep Maha Nakhon 10400, Thailand
https://www.google.com/maps/place/?q=place_id:ChIJSUv0DUCZ4jAR1i5h7plXW8w
ข้อมูลจาก ChefMinistry — chefministry.com</description>
      <ExtendedData>
        <Data name="rating"><value>4.5</value></Data>
        <Data name="reviews"><value>544</value></Data>
        <Data name="cuisine"><value>Thai</value></Data>
        <Data name="area"><value>Ratchathewi</value></Data>
        <Data name="google_maps"><value>https://www.google.com/maps/place/?q=place_id:ChIJSUv0DUCZ4jAR1i5h7plXW8w</value></Data>
      </ExtendedData>
      <Point><coordinates>100.5287185,13.7557703,0</coordinates></Point>
    </Placemark>
    <Placemark>
      <styleUrl>#cm2</styleUrl>
      <name>บะหมี่หลานโจว ห้วยขวาง</name>
      <description>⭐ 4.3 (605 รีวิว) · Thai · Huai Khwang · ฿
247, ปาก ถ. ประชาราษฎร์บำเพ็ญ แขวงห้วยขวาง เขตห้วยขวาง กรุงเทพมหานคร 10310, Thailand
https://www.google.com/maps/place/?q=place_id:ChIJd8XFerad4jAR44VCjzYM_hU
ข้อมูลจาก ChefMinistry — chefministry.com</description>
      <ExtendedData>
        <Data name="rating"><value>4.3</value></Data>
        <Data name="reviews"><value>605</value></Data>
        <Data name="cuisine"><value>Thai</value></Data>
        <Data name="area"><value>Huai Khwang</value></Data>
        <Data name="google_maps"><value>https://www.google.com/maps/place/?q=place_id:ChIJd8XFerad4jAR44VCjzYM_hU</value></Data>
      </ExtendedData>
      <Point><coordinates>100.57673439999999,13.778661999999999,0</coordinates></Point>
    </Placemark>
    <Placemark>
      <styleUrl>#cm2</styleUrl>
      <name>ข้าวหมูแดงนครสนุก สี่แยกวรจักร</name>
      <description>⭐ 4.4 (544 รีวิว) · Thai · ป้อมปราบศัตรูพ่าย · ฿
ถ. หลวง Khwaeng Pom Prap, Khet Pom Prap Sattru Phai, Krung Thep Maha Nakhon 10100, Thailand
https://www.google.com/maps/place/?q=place_id:ChIJfR9ITj2Z4jAROm2gmLmsDbg
ข้อมูลจาก ChefMinistry — chefministry.com</description>
      <ExtendedData>
        <Data name="rating"><value>4.4</value></Data>
        <Data name="reviews"><value>544</value></Data>
        <Data name="cuisine"><value>Thai</value></Data>
        <Data name="area"><value>ป้อมปราบศัตรูพ่าย</value></Data>
        <Data name="google_maps"><value>https://www.google.com/maps/place/?q=place_id:ChIJfR9ITj2Z4jAROm2gmLmsDbg</value></Data>
      </ExtendedData>
      <Point><coordinates>100.5074379,13.7478065,0</coordinates></Point>
    </Placemark>
    <Placemark>
      <styleUrl>#cm2</styleUrl>
      <name>ชอบแกง ข้าวที่ชอบแกงที่ใช่</name>
      <description>⭐ 4.7 (429 รีวิว) · Thai · ทับช้าง · ฿
เลขที่ 18/1 ปตท ขาออก Srinagarindra - Rom Klao Rd, Thap Chang, Khet Saphan Sung, Krung Thep Maha Nakhon 10250, Thailand
https://www.google.com/maps/place/?q=place_id:ChIJe6o1d6BhHTERSuofUEgd-70
ข้อมูลจาก ChefMinistry — chefministry.com</description>
      <ExtendedData>
        <Data name="rating"><value>4.7</value></Data>
        <Data name="reviews"><value>429</value></Data>
        <Data name="cuisine"><value>Thai</value></Data>
        <Data name="area"><value>ทับช้าง</value></Data>
        <Data name="google_maps"><value>https://www.google.com/maps/place/?q=place_id:ChIJe6o1d6BhHTERSuofUEgd-70</value></Data>
      </ExtendedData>
      <Point><coordinates>100.68710279999999,13.7525754,0</coordinates></Point>
    </Placemark>
    <Placemark>
      <styleUrl>#cm2</styleUrl>
      <name>ข้าวหมูแดงเลิศรสเจ๊โส่ย</name>
      <description>⭐ 4.4 (529 รีวิว) · Thai · ปทุมวัน · ฿
198 ซอย จุฬาฯ 18 Khwaeng Wang Mai, Pathum Wan, Krung Thep Maha Nakhon 10330, Thailand
https://www.google.com/maps/place/?q=place_id:ChIJC_AesC6Z4jARBZZTQ2fKYnM
ข้อมูลจาก ChefMinistry — chefministry.com</description>
      <ExtendedData>
        <Data name="rating"><value>4.4</value></Data>
        <Data name="reviews"><value>529</value></Data>
        <Data name="cuisine"><value>Thai</value></Data>
        <Data name="area"><value>ปทุมวัน</value></Data>
        <Data name="google_maps"><value>https://www.google.com/maps/place/?q=place_id:ChIJC_AesC6Z4jARBZZTQ2fKYnM</value></Data>
      </ExtendedData>
      <Point><coordinates>100.523297,13.7413265,0</coordinates></Point>
    </Placemark>
    <Placemark>
      <styleUrl>#cm2</styleUrl>
      <name>บ้านเพื่อน เอกมัย (ทองหล่อ)Baanpuen Ekkamai</name>
      <description>⭐ 4.4 (497 รีวิว) · Thai · Sukhumvit · ฿฿
ตลาดอินดี้ 916 Soi Thong Lo, Khwaeng Khlong Tan Nuea, Watthana, Krung Thep Maha Nakhon 10110, Thailand
https://www.google.com/maps/place/?q=place_id:ChIJg_GbiLKf4jARmDOdm_LTLFw
ข้อมูลจาก ChefMinistry — chefministry.com</description>
      <ExtendedData>
        <Data name="rating"><value>4.4</value></Data>
        <Data name="reviews"><value>497</value></Data>
        <Data name="cuisine"><value>Thai</value></Data>
        <Data name="area"><value>Sukhumvit</value></Data>
        <Data name="google_maps"><value>https://www.google.com/maps/place/?q=place_id:ChIJg_GbiLKf4jARmDOdm_LTLFw</value></Data>
      </ExtendedData>
      <Point><coordinates>100.5844776,13.738,0</coordinates></Point>
    </Placemark>
    <Placemark>
      <styleUrl>#cm2</styleUrl>
      <name>ร้านอาหารบ้านสุขนิยม รัชดา 32</name>
      <description>⭐ 4.5 (444 รีวิว) · Thai · Ratchada · ฿฿
26 Soi Sannibat Thetsaban 1, Khwaeng Chan Kasem, Khet Chatuchak, Krung Thep Maha Nakhon 10900, Thailand
https://www.google.com/maps/place/?q=place_id:ChIJ_bmYsK6d4jARtvlrLehWUqg
ข้อมูลจาก ChefMinistry — chefministry.com</description>
      <ExtendedData>
        <Data name="rating"><value>4.5</value></Data>
        <Data name="reviews"><value>444</value></Data>
        <Data name="cuisine"><value>Thai</value></Data>
        <Data name="area"><value>Ratchada</value></Data>
        <Data name="google_maps"><value>https://www.google.com/maps/place/?q=place_id:ChIJ_bmYsK6d4jARtvlrLehWUqg</value></Data>
      </ExtendedData>
      <Point><coordinates>100.5812134,13.817534799999999,0</coordinates></Point>
    </Placemark>
    <Placemark>
      <styleUrl>#cm2</styleUrl>
      <name>ข้าวมันไก่นำโชค บางเขน</name>
      <description>⭐ 4.9 (328 รีวิว) · Thai · บางเขน · ฿
44/813 อนุสาวรีย์ Khet Bang Khen, Krung Thep Maha Nakhon 10220, Thailand
https://www.google.com/maps/place/?q=place_id:ChIJQ2-XZuyD4jARy69czKJykUc
ข้อมูลจาก ChefMinistry — chefministry.com</description>
      <ExtendedData>
        <Data name="rating"><value>4.9</value></Data>
        <Data name="reviews"><value>328</value></Data>
        <Data name="cuisine"><value>Thai</value></Data>
        <Data name="area"><value>บางเขน</value></Data>
        <Data name="google_maps"><value>https://www.google.com/maps/place/?q=place_id:ChIJQ2-XZuyD4jARy69czKJykUc</value></Data>
      </ExtendedData>
      <Point><coordinates>100.59936689999999,13.8753016,0</coordinates></Point>
    </Placemark>
    <Placemark>
      <styleUrl>#cm2</styleUrl>
      <name>แม่ช้อย ดอยหลวง นนทบุรี</name>
      <description>⭐ 4.5 (431 รีวิว) · Thai · Bangkok · ฿฿
ตรงข้าม, 760 Rewadee Road, Tambon Talat Kwan, Amphoe Mueang Nonthaburi, Chang Wat Nonthaburi 11000, Thailand
https://www.google.com/maps/place/?q=place_id:ChIJB6qgxrKE4jARJu4K5gDDP7Q
ข้อมูลจาก ChefMinistry — chefministry.com</description>
      <ExtendedData>
        <Data name="rating"><value>4.5</value></Data>
        <Data name="reviews"><value>431</value></Data>
        <Data name="cuisine"><value>Thai</value></Data>
        <Data name="area"><value>Bangkok</value></Data>
        <Data name="google_maps"><value>https://www.google.com/maps/place/?q=place_id:ChIJB6qgxrKE4jARJu4K5gDDP7Q</value></Data>
      </ExtendedData>
      <Point><coordinates>100.49536719999999,13.8581864,0</coordinates></Point>
    </Placemark>
    <Placemark>
      <styleUrl>#cm2</styleUrl>
      <name>จารุวรรณข้าวมันไก่</name>
      <description>⭐ 4.4 (413 รีวิว) · Thai · Khlong San · ฿
1484 Charoen Nakhon Rd, Khwaeng Bang Lamphu Lang, Khet Khlong San, Krung Thep Maha Nakhon 10600, Thailand
https://www.google.com/maps/place/?q=place_id:ChIJPQvtypSY4jARx4dvpNfx9Qw
ข้อมูลจาก ChefMinistry — chefministry.com</description>
      <ExtendedData>
        <Data name="rating"><value>4.4</value></Data>
        <Data name="reviews"><value>413</value></Data>
        <Data name="cuisine"><value>Thai</value></Data>
        <Data name="area"><value>Khlong San</value></Data>
        <Data name="google_maps"><value>https://www.google.com/maps/place/?q=place_id:ChIJPQvtypSY4jARx4dvpNfx9Qw</value></Data>
      </ExtendedData>
      <Point><coordinates>100.5029642,13.712846899999999,0</coordinates></Point>
    </Placemark>
    <Placemark>
      <styleUrl>#cm2</styleUrl>
      <name>โอชาม ข้าวต้มแห้ง เอกมัย</name>
      <description>⭐ 4.4 (333 รีวิว) · Thai · Ekkamai · ฿฿
281/1-2 ซอยสุขุมวิท63 ถนนสุขุมวิท พระโขนงเหนือ Watthana, Krung Thep Maha Nakhon 10110, Thailand
https://www.google.com/maps/place/?q=place_id:ChIJt99M3r6f4jAR11iPdFJIEwo
ข้อมูลจาก ChefMinistry — chefministry.com</description>
      <ExtendedData>
        <Data name="rating"><value>4.4</value></Data>
        <Data name="reviews"><value>333</value></Data>
        <Data name="cuisine"><value>Thai</value></Data>
        <Data name="area"><value>Ekkamai</value></Data>
        <Data name="google_maps"><value>https://www.google.com/maps/place/?q=place_id:ChIJt99M3r6f4jAR11iPdFJIEwo</value></Data>
      </ExtendedData>
      <Point><coordinates>100.5875712,13.734737899999999,0</coordinates></Point>
    </Placemark>
    <Placemark>
      <styleUrl>#cm2</styleUrl>
      <name>ข้าวมันไก่​ มงคลชัย (ต้นตำรับ)​ เทเวศร์</name>
      <description>⭐ 4.3 (353 รีวิว) · Thai · ดุสิต · ฿
314 Thanon Samsen, Khwaeng Dusit, Khet Dusit, Krung Thep Maha Nakhon 10200, Thailand
https://www.google.com/maps/place/?q=place_id:ChIJY6VqkGiZ4jAR6TAA29dNMQw
ข้อมูลจาก ChefMinistry — chefministry.com</description>
      <ExtendedData>
        <Data name="rating"><value>4.3</value></Data>
        <Data name="reviews"><value>353</value></Data>
        <Data name="cuisine"><value>Thai</value></Data>
        <Data name="area"><value>ดุสิต</value></Data>
        <Data name="google_maps"><value>https://www.google.com/maps/place/?q=place_id:ChIJY6VqkGiZ4jAR6TAA29dNMQw</value></Data>
      </ExtendedData>
      <Point><coordinates>100.5034666,13.7692284,0</coordinates></Point>
    </Placemark>
    <Placemark>
      <styleUrl>#cm2</styleUrl>
      <name>ร้านข้าวแกงบ้านผู้ใหญ่ลี</name>
      <description>⭐ 4.4 (322 รีวิว) · Thai · พระนคร · ฿
7 ถ. เจริญกรุง Khwaeng Wang Burapha Phirom, Khet Phra Nakhon, Krung Thep Maha Nakhon 10200, Thailand
https://www.google.com/maps/place/?q=place_id:ChIJR7ge-hmZ4jARtJIF81HrXAE
ข้อมูลจาก ChefMinistry — chefministry.com</description>
      <ExtendedData>
        <Data name="rating"><value>4.4</value></Data>
        <Data name="reviews"><value>322</value></Data>
        <Data name="cuisine"><value>Thai</value></Data>
        <Data name="area"><value>พระนคร</value></Data>
        <Data name="google_maps"><value>https://www.google.com/maps/place/?q=place_id:ChIJR7ge-hmZ4jARtJIF81HrXAE</value></Data>
      </ExtendedData>
      <Point><coordinates>100.5021683,13.746675999999999,0</coordinates></Point>
    </Placemark>
    <Placemark>
      <styleUrl>#cm2</styleUrl>
      <name>เจ๊หงษ์ ข้าวมันไก่</name>
      <description>⭐ 4.7 (257 รีวิว) · Thai · Bang Kho Laem · ฿
ระหว่างฟซอยจันทน์51-53 ติดถนนใหญ่ตรงข้าม แยกวัดลุ่ม Khwaeng Wat Phraya Krai, Khet Bang Kho Laem, Krung Thep Maha Nakhon 10160, Thailand
https://www.google.com/maps/place/?q=place_id:ChIJOYLKcH6Z4jARv1iSah9APNY
ข้อมูลจาก ChefMinistry — chefministry.com</description>
      <ExtendedData>
        <Data name="rating"><value>4.7</value></Data>
        <Data name="reviews"><value>257</value></Data>
        <Data name="cuisine"><value>Thai</value></Data>
        <Data name="area"><value>Bang Kho Laem</value></Data>
        <Data name="google_maps"><value>https://www.google.com/maps/place/?q=place_id:ChIJOYLKcH6Z4jARv1iSah9APNY</value></Data>
      </ExtendedData>
      <Point><coordinates>100.5154065,13.708582799999999,0</coordinates></Point>
    </Placemark>
    <Placemark>
      <styleUrl>#cm2</styleUrl>
      <name>Arvie พระราม3</name>
      <description>⭐ 4.8 (234 รีวิว) · Thai · Yan Nawa · ฿฿
176 Nonsi 20, Khwaeng Chong Nonsi, Khet Yan Nawa, Krung Thep Maha Nakhon 10120, Thailand
https://www.google.com/maps/place/?q=place_id:ChIJxZzcHWef4jAR8Td1RyxL4V4
ข้อมูลจาก ChefMinistry — chefministry.com</description>
      <ExtendedData>
        <Data name="rating"><value>4.8</value></Data>
        <Data name="reviews"><value>234</value></Data>
        <Data name="cuisine"><value>Thai</value></Data>
        <Data name="area"><value>Yan Nawa</value></Data>
        <Data name="google_maps"><value>https://www.google.com/maps/place/?q=place_id:ChIJxZzcHWef4jAR8Td1RyxL4V4</value></Data>
      </ExtendedData>
      <Point><coordinates>100.542875,13.691951900000001,0</coordinates></Point>
    </Placemark>
    <Placemark>
      <styleUrl>#cm2</styleUrl>
      <name>ข้าวหมูแดงปฐมเลิศรส ซอยรางน้ำ</name>
      <description>⭐ 4.3 (337 รีวิว) · Thai · Ratchathewi · ฿
107/9 Thanon Rang Nam, Khwaeng Thanon Phaya Thai, Khet Ratchathewi, Krung Thep Maha Nakhon 10400, Thailand
https://www.google.com/maps/place/?q=place_id:ChIJa4XAObie4jARmAkhGC0zMQc
ข้อมูลจาก ChefMinistry — chefministry.com</description>
      <ExtendedData>
        <Data name="rating"><value>4.3</value></Data>
        <Data name="reviews"><value>337</value></Data>
        <Data name="cuisine"><value>Thai</value></Data>
        <Data name="area"><value>Ratchathewi</value></Data>
        <Data name="google_maps"><value>https://www.google.com/maps/place/?q=place_id:ChIJa4XAObie4jARmAkhGC0zMQc</value></Data>
      </ExtendedData>
      <Point><coordinates>100.5420438,13.759101,0</coordinates></Point>
    </Placemark>
    <Placemark>
      <styleUrl>#cm2</styleUrl>
      <name>ต.โต้ง เตี๋ยวหมู</name>
      <description>⭐ 4.4 (282 รีวิว) · Thai · Saphan Sung · ฿
Saphan Sung, Bangkok 10240, Thailand
https://www.google.com/maps/place/?q=place_id:ChIJ36-xzBxjHTERkRkpYSqrLLg
ข้อมูลจาก ChefMinistry — chefministry.com</description>
      <ExtendedData>
        <Data name="rating"><value>4.4</value></Data>
        <Data name="reviews"><value>282</value></Data>
        <Data name="cuisine"><value>Thai</value></Data>
        <Data name="area"><value>Saphan Sung</value></Data>
        <Data name="google_maps"><value>https://www.google.com/maps/place/?q=place_id:ChIJ36-xzBxjHTERkRkpYSqrLLg</value></Data>
      </ExtendedData>
      <Point><coordinates>100.6758971,13.7767675,0</coordinates></Point>
    </Placemark>
    <Placemark>
      <styleUrl>#cm2</styleUrl>
      <name>ข้าวหมูแดง-หมูกรอบ เจ๊ดวง aka Red pork and crispy pork rice J'Duang</name>
      <description>⭐ 4.3 (304 รีวิว) · Thai · Chom Thong · ฿
Bang Mot, Chom Thong, Bangkok 10150, Thailand
https://www.google.com/maps/place/?q=place_id:ChIJZ7tbZ4ai4jARj2306NHapUg
ข้อมูลจาก ChefMinistry — chefministry.com</description>
      <ExtendedData>
        <Data name="rating"><value>4.3</value></Data>
        <Data name="reviews"><value>304</value></Data>
        <Data name="cuisine"><value>Thai</value></Data>
        <Data name="area"><value>Chom Thong</value></Data>
        <Data name="google_maps"><value>https://www.google.com/maps/place/?q=place_id:ChIJZ7tbZ4ai4jARj2306NHapUg</value></Data>
      </ExtendedData>
      <Point><coordinates>100.4804042,13.682000299999999,0</coordinates></Point>
    </Placemark>
    <Placemark>
      <styleUrl>#cm2</styleUrl>
      <name>ข้าวมันไก่ตอนเจ๊เส่ย สูตรไหหลำ</name>
      <description>⭐ 4.3 (303 รีวิว) · Thai · Lat Phrao · ฿
764 Thanon Lat Phrao Wanghin, Khwaeng Lat Phrao, Khet Lat Phrao, Krung Thep Maha Nakhon 10230, Thailand
https://www.google.com/maps/place/?q=place_id:ChIJe3wlHAqd4jARE9nNOL4_f14
ข้อมูลจาก ChefMinistry — chefministry.com</description>
      <ExtendedData>
        <Data name="rating"><value>4.3</value></Data>
        <Data name="reviews"><value>303</value></Data>
        <Data name="cuisine"><value>Thai</value></Data>
        <Data name="area"><value>Lat Phrao</value></Data>
        <Data name="google_maps"><value>https://www.google.com/maps/place/?q=place_id:ChIJe3wlHAqd4jARE9nNOL4_f14</value></Data>
      </ExtendedData>
      <Point><coordinates>100.5918928,13.8245119,0</coordinates></Point>
    </Placemark>
    <Placemark>
      <styleUrl>#cm2</styleUrl>
      <name>Do Nūa - La Villa Ari (3rd Floor)</name>
      <description>⭐ 4.9 (188 รีวิว) · Thai · Phaya Thai · ฿฿
3rd Floor, 356 Phahon Yothin Road, Khwaeng Samsen Nai, Khet Phaya Thai, Krung Thep Maha Nakhon 10400, Thailand
https://www.google.com/maps/place/?q=place_id:ChIJzSGKcbqd4jARz2juHM1CBWU
ข้อมูลจาก ChefMinistry — chefministry.com</description>
      <ExtendedData>
        <Data name="rating"><value>4.9</value></Data>
        <Data name="reviews"><value>188</value></Data>
        <Data name="cuisine"><value>Thai</value></Data>
        <Data name="area"><value>Phaya Thai</value></Data>
        <Data name="google_maps"><value>https://www.google.com/maps/place/?q=place_id:ChIJzSGKcbqd4jARz2juHM1CBWU</value></Data>
      </ExtendedData>
      <Point><coordinates>100.54530129999999,13.780062800000001,0</coordinates></Point>
    </Placemark>
    <Placemark>
      <styleUrl>#cm2</styleUrl>
      <name>ข้าวหมูแดง-หมูกรอบเจ๊ณี สาขาบางพลัด</name>
      <description>⭐ 4.6 (230 รีวิว) · Thai · Bang Phlat · ฿
ติดวัดเพลงบางพลัด 1947 Soi Jaransanitwong 75, Khwaeng Bang Phlat, Khet Bang Phlat, Krung Thep Maha Nakhon 10700, Thailand
https://www.google.com/maps/place/?q=place_id:ChIJ80Oqk82b4jARxwWXMEfgKIs
ข้อมูลจาก ChefMinistry — chefministry.com</description>
      <ExtendedData>
        <Data name="rating"><value>4.6</value></Data>
        <Data name="reviews"><value>230</value></Data>
        <Data name="cuisine"><value>Thai</value></Data>
        <Data name="area"><value>Bang Phlat</value></Data>
        <Data name="google_maps"><value>https://www.google.com/maps/place/?q=place_id:ChIJ80Oqk82b4jARxwWXMEfgKIs</value></Data>
      </ExtendedData>
      <Point><coordinates>100.48871969999999,13.794488,0</coordinates></Point>
    </Placemark>
    <Placemark>
      <styleUrl>#cm2</styleUrl>
      <name>บ้านยาย</name>
      <description>⭐ 4.6 (228 รีวิว) · Thai · Lat Phrao · ฿฿
1 Thanon Chok Chai 4, Khwaeng Lat Phrao, Khet Lat Phrao, Krung Thep Maha Nakhon 10230, Thailand
https://www.google.com/maps/place/?q=place_id:ChIJY31prqKd4jARgM8w7Bfz33M
ข้อมูลจาก ChefMinistry — chefministry.com</description>
      <ExtendedData>
        <Data name="rating"><value>4.6</value></Data>
        <Data name="reviews"><value>228</value></Data>
        <Data name="cuisine"><value>Thai</value></Data>
        <Data name="area"><value>Lat Phrao</value></Data>
        <Data name="google_maps"><value>https://www.google.com/maps/place/?q=place_id:ChIJY31prqKd4jARgM8w7Bfz33M</value></Data>
      </ExtendedData>
      <Point><coordinates>100.59645019999999,13.8123942,0</coordinates></Point>
    </Placemark>
    <Placemark>
      <styleUrl>#cm2</styleUrl>
      <name>ร้านดาวใต้</name>
      <description>⭐ 4.5 (235 รีวิว) · Thai · Bangkok Noi · ฿
508 26 Thanon Wang Lang, Khwaeng Siriraj, Khet Bangkok Noi, Krung Thep Maha Nakhon 10700, Thailand
https://www.google.com/maps/place/?q=place_id:ChIJCRzy4qCZ4jARpKj7GeHKrYo
ข้อมูลจาก ChefMinistry — chefministry.com</description>
      <ExtendedData>
        <Data name="rating"><value>4.5</value></Data>
        <Data name="reviews"><value>235</value></Data>
        <Data name="cuisine"><value>Thai</value></Data>
        <Data name="area"><value>Bangkok Noi</value></Data>
        <Data name="google_maps"><value>https://www.google.com/maps/place/?q=place_id:ChIJCRzy4qCZ4jARpKj7GeHKrYo</value></Data>
      </ExtendedData>
      <Point><coordinates>100.48022950000001,13.7558584,0</coordinates></Point>
    </Placemark>
    <Placemark>
      <styleUrl>#cm2</styleUrl>
      <name>ข้าวแกงแม่ประนอม1974&amp;น้ำผลไม้ปั่น</name>
      <description>⭐ 4.6 (218 รีวิว) · Thai · Phra Nakhon · ฿
138 Dinso Rd, Khwaeng Wat Bowon Niwet, Khet Phra Nakhon, Krung Thep Maha Nakhon 10200, Thailand
https://www.google.com/maps/place/?q=place_id:ChIJDxdbiBOZ4jAR1gIVpfph_LU
ข้อมูลจาก ChefMinistry — chefministry.com</description>
      <ExtendedData>
        <Data name="rating"><value>4.6</value></Data>
        <Data name="reviews"><value>218</value></Data>
        <Data name="cuisine"><value>Thai</value></Data>
        <Data name="area"><value>Phra Nakhon</value></Data>
        <Data name="google_maps"><value>https://www.google.com/maps/place/?q=place_id:ChIJDxdbiBOZ4jAR1gIVpfph_LU</value></Data>
      </ExtendedData>
      <Point><coordinates>100.5013555,13.755087399999999,0</coordinates></Point>
    </Placemark>
    <Placemark>
      <styleUrl>#cm2</styleUrl>
      <name>คงประเสริฐ ข้าวหมูแดง หมูกรอบ</name>
      <description>⭐ 4.4 (245 รีวิว) · Thai · สัมพันธวงศ์ · ฿
304-6 ซอย สุกร Thanon Mittaphap Thai-China, Khwaeng Talat Noi, Khet Samphanthawong, Krung Thep Maha Nakhon 10100, Thailand
https://www.google.com/maps/place/?q=place_id:ChIJOfX-OSeZ4jARPG9joSc0XQM
ข้อมูลจาก ChefMinistry — chefministry.com</description>
      <ExtendedData>
        <Data name="rating"><value>4.4</value></Data>
        <Data name="reviews"><value>245</value></Data>
        <Data name="cuisine"><value>Thai</value></Data>
        <Data name="area"><value>สัมพันธวงศ์</value></Data>
        <Data name="google_maps"><value>https://www.google.com/maps/place/?q=place_id:ChIJOfX-OSeZ4jARPG9joSc0XQM</value></Data>
      </ExtendedData>
      <Point><coordinates>100.5134846,13.7370998,0</coordinates></Point>
    </Placemark>
    <Placemark>
      <styleUrl>#cm2</styleUrl>
      <name>Korkai Chicken Rice</name>
      <description>⭐ 4.6 (211 รีวิว) · Thai · Pathumwan · ฿
1636 Banthat Thong Rd, Khwaeng Wang Mai, Pathum Wan, Krung Thep Maha Nakhon 10330, Thailand
https://www.google.com/maps/place/?q=place_id:ChIJOUOFVoiZ4jARyPxD1xHfmeE
ข้อมูลจาก ChefMinistry — chefministry.com</description>
      <ExtendedData>
        <Data name="rating"><value>4.6</value></Data>
        <Data name="reviews"><value>211</value></Data>
        <Data name="cuisine"><value>Thai</value></Data>
        <Data name="area"><value>Pathumwan</value></Data>
        <Data name="google_maps"><value>https://www.google.com/maps/place/?q=place_id:ChIJOUOFVoiZ4jARyPxD1xHfmeE</value></Data>
      </ExtendedData>
      <Point><coordinates>100.52241819999999,13.7409856,0</coordinates></Point>
    </Placemark>
    <Placemark>
      <styleUrl>#cm2</styleUrl>
      <name>ข้าวมันไก่ตอนสะพานเหล็ก อร่อยช่อง5</name>
      <description>⭐ 4.5 (224 รีวิว) · Thai · Yaowarat · ฿
402 Boriphat Rd, Khwaeng Samphanthawong, Khet Samphanthawong, Krung Thep Maha Nakhon 10100, Thailand
https://www.google.com/maps/place/?q=place_id:ChIJYQ_8zRmZ4jAR4WOf-cLAKFE
ข้อมูลจาก ChefMinistry — chefministry.com</description>
      <ExtendedData>
        <Data name="rating"><value>4.5</value></Data>
        <Data name="reviews"><value>224</value></Data>
        <Data name="cuisine"><value>Thai</value></Data>
        <Data name="area"><value>Yaowarat</value></Data>
        <Data name="google_maps"><value>https://www.google.com/maps/place/?q=place_id:ChIJYQ_8zRmZ4jAR4WOf-cLAKFE</value></Data>
      </ExtendedData>
      <Point><coordinates>100.50423239999999,13.7465149,0</coordinates></Point>
    </Placemark>
    <Placemark>
      <styleUrl>#cm2</styleUrl>
      <name>ครัวชาววิเสท</name>
      <description>⭐ 4.5 (204 รีวิว) · Thai · Bangkok · ฿฿
27 ซอย นาคนิวาส 37 แยก 2-9 Khwaeng Lat Phrao, Khet Lat Phrao, Krung Thep Maha Nakhon 10230, Thailand
https://www.google.com/maps/place/?q=place_id:ChIJc9vkKgCd4jARC_04jCw3LKI
ข้อมูลจาก ChefMinistry — chefministry.com</description>
      <ExtendedData>
        <Data name="rating"><value>4.5</value></Data>
        <Data name="reviews"><value>204</value></Data>
        <Data name="cuisine"><value>Thai</value></Data>
        <Data name="area"><value>Bangkok</value></Data>
        <Data name="google_maps"><value>https://www.google.com/maps/place/?q=place_id:ChIJc9vkKgCd4jARC_04jCw3LKI</value></Data>
      </ExtendedData>
      <Point><coordinates>100.6042719,13.812724099999999,0</coordinates></Point>
    </Placemark>
    <Placemark>
      <styleUrl>#cm2</styleUrl>
      <name>ข้าวแกง 3 ภาค</name>
      <description>⭐ 4.3 (234 รีวิว) · Thai · พระนคร · ฿
146/41 ถ. วิสุทธิกษัตริย์ Khwaeng Ban Phan Thom, Khet Phra Nakhon, Krung Thep Maha Nakhon 10200, Thailand
https://www.google.com/maps/place/?q=place_id:ChIJnxf-M2mZ4jARIh0nrh60vcg
ข้อมูลจาก ChefMinistry — chefministry.com</description>
      <ExtendedData>
        <Data name="rating"><value>4.3</value></Data>
        <Data name="reviews"><value>234</value></Data>
        <Data name="cuisine"><value>Thai</value></Data>
        <Data name="area"><value>พระนคร</value></Data>
        <Data name="google_maps"><value>https://www.google.com/maps/place/?q=place_id:ChIJnxf-M2mZ4jARIh0nrh60vcg</value></Data>
      </ExtendedData>
      <Point><coordinates>100.5018393,13.7662689,0</coordinates></Point>
    </Placemark>
    <Placemark>
      <styleUrl>#cm2</styleUrl>
      <name>ข้าวแกงไฮโซป้าแอ๋ว</name>
      <description>⭐ 4.3 (216 รีวิว) · Thai · Phra Nakhon · ฿฿
PFXX+6VW, Trok Wisut, Khwaeng Wat Ratchabophit, Khet Phra Nakhon, Krung Thep Maha Nakhon 10200, Thailand
https://www.google.com/maps/place/?q=place_id:ChIJ44UokRCZ4jARg-JS_I2_HPg
ข้อมูลจาก ChefMinistry — chefministry.com</description>
      <ExtendedData>
        <Data name="rating"><value>4.3</value></Data>
        <Data name="reviews"><value>216</value></Data>
        <Data name="cuisine"><value>Thai</value></Data>
        <Data name="area"><value>Phra Nakhon</value></Data>
        <Data name="google_maps"><value>https://www.google.com/maps/place/?q=place_id:ChIJ44UokRCZ4jARg-JS_I2_HPg</value></Data>
      </ExtendedData>
      <Point><coordinates>100.4996931,13.7481236,0</coordinates></Point>
    </Placemark>
    <Placemark>
      <styleUrl>#cm2</styleUrl>
      <name>เฮียโก๋ ข้าวมันไก่ อร่อยเว่อร์</name>
      <description>⭐ 4.3 (215 รีวิว) · Thai · Phasi Charoen · ฿
744 Soi Phet Kasem 60/1, Khwaeng Bang Wa, Khet Phasi Charoen, Krung Thep Maha Nakhon 10160, Thailand
https://www.google.com/maps/place/?q=place_id:ChIJv6mvefKX4jARPUYGPKPqeWI
ข้อมูลจาก ChefMinistry — chefministry.com</description>
      <ExtendedData>
        <Data name="rating"><value>4.3</value></Data>
        <Data name="reviews"><value>215</value></Data>
        <Data name="cuisine"><value>Thai</value></Data>
        <Data name="area"><value>Phasi Charoen</value></Data>
        <Data name="google_maps"><value>https://www.google.com/maps/place/?q=place_id:ChIJv6mvefKX4jARPUYGPKPqeWI</value></Data>
      </ExtendedData>
      <Point><coordinates>100.42879699999999,13.712581499999999,0</coordinates></Point>
    </Placemark>
    <Placemark>
      <styleUrl>#cm2</styleUrl>
      <name>ข้าวแกง ตี1</name>
      <description>⭐ 4.3 (213 รีวิว) · Thai · Khlong San · ฿
78 Lat Ya Rd, Khwaeng Khlong San, Khet Khlong San, Krung Thep Maha Nakhon 10600, Thailand
https://www.google.com/maps/place/?q=place_id:ChIJ7c56m6GZ4jARBaGcZCZMOxs
ข้อมูลจาก ChefMinistry — chefministry.com</description>
      <ExtendedData>
        <Data name="rating"><value>4.3</value></Data>
        <Data name="reviews"><value>213</value></Data>
        <Data name="cuisine"><value>Thai</value></Data>
        <Data name="area"><value>Khlong San</value></Data>
        <Data name="google_maps"><value>https://www.google.com/maps/place/?q=place_id:ChIJ7c56m6GZ4jARBaGcZCZMOxs</value></Data>
      </ExtendedData>
      <Point><coordinates>100.4943188,13.726135600000001,0</coordinates></Point>
    </Placemark>
    <Placemark>
      <styleUrl>#cm2</styleUrl>
      <name>เรือนแม่หลุย ฟอร์จูน ทาวน์</name>
      <description>⭐ 4.4 (193 รีวิว) · Thai · Din Daeng · ฿฿
G floor, Thanon Ratchadaphisek, Khwaeng Din Daeng, Khet Din Daeng, Krung Thep Maha Nakhon 10400, Thailand
https://www.google.com/maps/place/?q=place_id:ChIJeSMAs4ee4jARt60QNfAo1zE
ข้อมูลจาก ChefMinistry — chefministry.com</description>
      <ExtendedData>
        <Data name="rating"><value>4.4</value></Data>
        <Data name="reviews"><value>193</value></Data>
        <Data name="cuisine"><value>Thai</value></Data>
        <Data name="area"><value>Din Daeng</value></Data>
        <Data name="google_maps"><value>https://www.google.com/maps/place/?q=place_id:ChIJeSMAs4ee4jARt60QNfAo1zE</value></Data>
      </ExtendedData>
      <Point><coordinates>100.5650703,13.7579184,0</coordinates></Point>
    </Placemark>
    <Placemark>
      <styleUrl>#cm2</styleUrl>
      <name>จุ่มแซ่บ L A รัชดา</name>
      <description>⭐ 4.3 (208 รีวิว) · Isaan Thai · Ratchada · ฿฿
Thiam Ruam Mit Rd, Khwaeng Samsen Nok, Khet Huai Khwang, Krung Thep Maha Nakhon 10310, Thailand
https://www.google.com/maps/place/?q=place_id:ChIJYaAoyIee4jARj3yCtq8Wuhk
ข้อมูลจาก ChefMinistry — chefministry.com</description>
      <ExtendedData>
        <Data name="rating"><value>4.3</value></Data>
        <Data name="reviews"><value>208</value></Data>
        <Data name="cuisine"><value>Isaan Thai</value></Data>
        <Data name="area"><value>Ratchada</value></Data>
        <Data name="google_maps"><value>https://www.google.com/maps/place/?q=place_id:ChIJYaAoyIee4jARj3yCtq8Wuhk</value></Data>
      </ExtendedData>
      <Point><coordinates>100.5906401,13.7683924,0</coordinates></Point>
    </Placemark>
    <Placemark>
      <styleUrl>#cm2</styleUrl>
      <name>ก๋วยเตี๋ยวตำลึง นายฮิม</name>
      <description>⭐ 4.5 (177 รีวิว) · Thai · Bangkapi · ฿
147 Happy Land Sai 1 Rd, Khwaeng Khlong Chan, Khet Bang Kapi, Krung Thep Maha Nakhon 10240, Thailand
https://www.google.com/maps/place/?q=place_id:ChIJO2nHVIthHTERFUGuxCl-WGg
ข้อมูลจาก ChefMinistry — chefministry.com</description>
      <ExtendedData>
        <Data name="rating"><value>4.5</value></Data>
        <Data name="reviews"><value>177</value></Data>
        <Data name="cuisine"><value>Thai</value></Data>
        <Data name="area"><value>Bangkapi</value></Data>
        <Data name="google_maps"><value>https://www.google.com/maps/place/?q=place_id:ChIJO2nHVIthHTERFUGuxCl-WGg</value></Data>
      </ExtendedData>
      <Point><coordinates>100.6422096,13.7701976,0</coordinates></Point>
    </Placemark>
    <Placemark>
      <styleUrl>#cm2</styleUrl>
      <name>ร้านบ้านขมิ้น</name>
      <description>⭐ 4.5 (173 รีวิว) · Thai · Suan Luang · ฿฿
1144/9 Phatthanakan Rd, Khwaeng Suan Luang, Khet Suan Luang, Krung Thep Maha Nakhon 10250, Thailand
https://www.google.com/maps/place/?q=place_id:ChIJO_q9Tn9kHTERvMhD7uHbFJk
ข้อมูลจาก ChefMinistry — chefministry.com</description>
      <ExtendedData>
        <Data name="rating"><value>4.5</value></Data>
        <Data name="reviews"><value>173</value></Data>
        <Data name="cuisine"><value>Thai</value></Data>
        <Data name="area"><value>Suan Luang</value></Data>
        <Data name="google_maps"><value>https://www.google.com/maps/place/?q=place_id:ChIJO_q9Tn9kHTERvMhD7uHbFJk</value></Data>
      </ExtendedData>
      <Point><coordinates>100.6190261,13.7363176,0</coordinates></Point>
    </Placemark>
    <Placemark>
      <styleUrl>#cm2</styleUrl>
      <name>ข้าวมันไก่เจ้เก้า หน้าวัดสะพานสูงบางซื่อ (เจ้าเก่าซ.จุฬา 22)</name>
      <description>⭐ 4.3 (200 รีวิว) · Thai · Bang Sue · ฿
Unnamed Road Khwaeng Bang Sue, Khet Bang Sue, Krung Thep Maha Nakhon 10300, Thailand
https://www.google.com/maps/place/?q=place_id:ChIJ458O45-d4jARP9TxWzM20TA
ข้อมูลจาก ChefMinistry — chefministry.com</description>
      <ExtendedData>
        <Data name="rating"><value>4.3</value></Data>
        <Data name="reviews"><value>200</value></Data>
        <Data name="cuisine"><value>Thai</value></Data>
        <Data name="area"><value>Bang Sue</value></Data>
        <Data name="google_maps"><value>https://www.google.com/maps/place/?q=place_id:ChIJ458O45-d4jARP9TxWzM20TA</value></Data>
      </ExtendedData>
      <Point><coordinates>100.5329656,13.798701,0</coordinates></Point>
    </Placemark>
    <Placemark>
      <styleUrl>#cm2</styleUrl>
      <name>หมูปิ้งลุงอ้วน สีลม หมูปิ้งโบราณ สาทร</name>
      <description>⭐ 4.3 (178 รีวิว) · Thai · Silom · ฿
119, 37 Soi Rong Than, Khwaeng Thung Maha Mek, Khet Sathon, Krung Thep Maha Nakhon 10120, Thailand
https://www.google.com/maps/place/?q=place_id:ChIJhzlZcCyf4jARJCBEMouQn6s
ข้อมูลจาก ChefMinistry — chefministry.com</description>
      <ExtendedData>
        <Data name="rating"><value>4.3</value></Data>
        <Data name="reviews"><value>178</value></Data>
        <Data name="cuisine"><value>Thai</value></Data>
        <Data name="area"><value>Silom</value></Data>
        <Data name="google_maps"><value>https://www.google.com/maps/place/?q=place_id:ChIJhzlZcCyf4jARJCBEMouQn6s</value></Data>
      </ExtendedData>
      <Point><coordinates>100.5377481,13.7183538,0</coordinates></Point>
    </Placemark>
    <Placemark>
      <styleUrl>#cm2</styleUrl>
      <name>KIN SOMTUM   กิน ส้มตำ เหม่งจ๋าย</name>
      <description>⭐ 4.5 (138 รีวิว) · Thai · Wang Thonglang · ฿฿
540/3 Pracha Uthit Rd, Khwaeng Wang Thonglang, Khet Wang Thonglang, Krung Thep Maha Nakhon 10310, Thailand
https://www.google.com/maps/place/?q=place_id:ChIJlzmj6Myf4jARWjDPvgjiXRM
ข้อมูลจาก ChefMinistry — chefministry.com</description>
      <ExtendedData>
        <Data name="rating"><value>4.5</value></Data>
        <Data name="reviews"><value>138</value></Data>
        <Data name="cuisine"><value>Thai</value></Data>
        <Data name="area"><value>Wang Thonglang</value></Data>
        <Data name="google_maps"><value>https://www.google.com/maps/place/?q=place_id:ChIJlzmj6Myf4jARWjDPvgjiXRM</value></Data>
      </ExtendedData>
      <Point><coordinates>100.5947836,13.768723999999999,0</coordinates></Point>
    </Placemark>
    <Placemark>
      <styleUrl>#cm2</styleUrl>
      <name>ร้านลาบเป็ดอุดร</name>
      <description>⭐ 4.5 (107 รีวิว) · Isaan Thai · Bang Khen · ฿
24/1 Rarm Intra 34, Khwaeng Tha Raeng, Khet Bang Khen, Krung Thep Maha Nakhon 10220, Thailand
https://www.google.com/maps/place/?q=place_id:ChIJwSXuTrliHTERbMjQsrior1E
ข้อมูลจาก ChefMinistry — chefministry.com</description>
      <ExtendedData>
        <Data name="rating"><value>4.5</value></Data>
        <Data name="reviews"><value>107</value></Data>
        <Data name="cuisine"><value>Isaan Thai</value></Data>
        <Data name="area"><value>Bang Khen</value></Data>
        <Data name="google_maps"><value>https://www.google.com/maps/place/?q=place_id:ChIJwSXuTrliHTERbMjQsrior1E</value></Data>
      </ExtendedData>
      <Point><coordinates>100.63747389999999,13.850567499999999,0</coordinates></Point>
    </Placemark>
    <Placemark>
      <styleUrl>#cm2</styleUrl>
      <name>จุ่มหม้อดินเอกมัย</name>
      <description>⭐ 4.6 (91 รีวิว) · Thai · Sukhumvit · ฿฿
86/2 Soi Charoen Mit, Khwaeng Khlong Tan Nuea, Watthana, Krung Thep Maha Nakhon 10110, Thailand
https://www.google.com/maps/place/?q=place_id:ChIJoXBudACf4jARKyAqBFmpTIA
ข้อมูลจาก ChefMinistry — chefministry.com</description>
      <ExtendedData>
        <Data name="rating"><value>4.6</value></Data>
        <Data name="reviews"><value>91</value></Data>
        <Data name="cuisine"><value>Thai</value></Data>
        <Data name="area"><value>Sukhumvit</value></Data>
        <Data name="google_maps"><value>https://www.google.com/maps/place/?q=place_id:ChIJoXBudACf4jARKyAqBFmpTIA</value></Data>
      </ExtendedData>
      <Point><coordinates>100.5895822,13.7287736,0</coordinates></Point>
    </Placemark>
    <Placemark>
      <styleUrl>#cm2</styleUrl>
      <name>ร้านลุงเหว่า</name>
      <description>⭐ 4.6 (61 รีวิว) · Thai · Ratchada · ฿
ซอย สยามชินวัตร Phra Khanong Tai, Khet Phra Khanong, Krung Thep Maha Nakhon 10260, Thailand
https://www.google.com/maps/place/?q=place_id:ChIJh2gBefOf4jARmEpUlGYCaN0
ข้อมูลจาก ChefMinistry — chefministry.com</description>
      <ExtendedData>
        <Data name="rating"><value>4.6</value></Data>
        <Data name="reviews"><value>61</value></Data>
        <Data name="cuisine"><value>Thai</value></Data>
        <Data name="area"><value>Ratchada</value></Data>
        <Data name="google_maps"><value>https://www.google.com/maps/place/?q=place_id:ChIJh2gBefOf4jARmEpUlGYCaN0</value></Data>
      </ExtendedData>
      <Point><coordinates>100.5999204,13.6919446,0</coordinates></Point>
    </Placemark>
  </Folder>
  <Style id="cm3"><IconStyle><color>ff64d19a</color><Icon><href>http://maps.google.com/mapfiles/kml/shapes/dining.png</href></Icon></IconStyle></Style>
  <Folder>
    <name>🍜 ก๋วยเตี๋ยว &amp; เส้น</name>
    <Placemark>
      <styleUrl>#cm3</styleUrl>
      <name>รุ่งเรือง (ตั๋ง) ก๋วยเตี๋ยวหมูต้มยำ</name>
      <description>⭐ 4.4 (9,206 รีวิว) · Noodles · Khlong Toei · ฿
10/3 Sukhumvit 26, Khwaeng Khlong Tan, Khet Khlong Toei, Krung Thep Maha Nakhon 10110, Thailand
https://www.google.com/maps/place/?q=place_id:ChIJMwKZPwGf4jARkgykQtmIoM8
ข้อมูลจาก ChefMinistry — chefministry.com</description>
      <ExtendedData>
        <Data name="rating"><value>4.4</value></Data>
        <Data name="reviews"><value>9206</value></Data>
        <Data name="cuisine"><value>Noodles</value></Data>
        <Data name="area"><value>Khlong Toei</value></Data>
        <Data name="google_maps"><value>https://www.google.com/maps/place/?q=place_id:ChIJMwKZPwGf4jARkgykQtmIoM8</value></Data>
      </ExtendedData>
      <Point><coordinates>100.57067239999999,13.728437099999999,0</coordinates></Point>
    </Placemark>
    <Placemark>
      <styleUrl>#cm3</styleUrl>
      <name>เล็กใหญ่ ก๋วยเตี๋ยวต้มยำโบราณ • สามย่าน</name>
      <description>⭐ 4.7 (5,437 รีวิว) · Noodles · Pathumwan · ฿
1440 Banthat Thong Rd, Khwaeng Wang Mai, Pathum Wan, Krung Thep Maha Nakhon 10110, Thailand
https://www.google.com/maps/place/?q=place_id:ChIJB_B7YUyZ4jARuPyeBAQ4EnI
ข้อมูลจาก ChefMinistry — chefministry.com</description>
      <ExtendedData>
        <Data name="rating"><value>4.7</value></Data>
        <Data name="reviews"><value>5437</value></Data>
        <Data name="cuisine"><value>Noodles</value></Data>
        <Data name="area"><value>Pathumwan</value></Data>
        <Data name="google_maps"><value>https://www.google.com/maps/place/?q=place_id:ChIJB_B7YUyZ4jARuPyeBAQ4EnI</value></Data>
      </ExtendedData>
      <Point><coordinates>100.5228213,13.7429054,0</coordinates></Point>
    </Placemark>
    <Placemark>
      <styleUrl>#cm3</styleUrl>
      <name>บ้านก๋วยเตี๋ยวเรือทอง อนุสาวรีย์ชัยสมรภูมิ</name>
      <description>⭐ 4.4 (3,205 รีวิว) · Noodles · Phaya Thai · ฿
1/7 Thanon Ratchawithi, Khwaeng Samsen Nai, Khet Phaya Thai, Krung Thep Maha Nakhon 10400, Thailand
https://www.google.com/maps/place/?q=place_id:ChIJ46MaYLCe4jARYgKxjbDAMYw
ข้อมูลจาก ChefMinistry — chefministry.com</description>
      <ExtendedData>
        <Data name="rating"><value>4.4</value></Data>
        <Data name="reviews"><value>3205</value></Data>
        <Data name="cuisine"><value>Noodles</value></Data>
        <Data name="area"><value>Phaya Thai</value></Data>
        <Data name="google_maps"><value>https://www.google.com/maps/place/?q=place_id:ChIJ46MaYLCe4jARYgKxjbDAMYw</value></Data>
      </ExtendedData>
      <Point><coordinates>100.5394974,13.765751799999999,0</coordinates></Point>
    </Placemark>
    <Placemark>
      <styleUrl>#cm3</styleUrl>
      <name>ร้านพี่อ้อก๋วยเตี๋ยวต้มยำกุ้ง</name>
      <description>⭐ 4.3 (3,381 รีวิว) · Noodles · Ratchathewi · ฿
68, 51 Thanon Phetchaburi, Khwaeng Thung Phaya Thai, Khet Ratchathewi, Krung Thep Maha Nakhon 10400, Thailand
https://www.google.com/maps/place/?q=place_id:ChIJsW06FTWZ4jARLILZg-S3ODU
ข้อมูลจาก ChefMinistry — chefministry.com</description>
      <ExtendedData>
        <Data name="rating"><value>4.3</value></Data>
        <Data name="reviews"><value>3381</value></Data>
        <Data name="cuisine"><value>Noodles</value></Data>
        <Data name="area"><value>Ratchathewi</value></Data>
        <Data name="google_maps"><value>https://www.google.com/maps/place/?q=place_id:ChIJsW06FTWZ4jARLILZg-S3ODU</value></Data>
      </ExtendedData>
      <Point><coordinates>100.52943479999999,13.7558844,0</coordinates></Point>
    </Placemark>
    <Placemark>
      <styleUrl>#cm3</styleUrl>
      <name>เล็กใหญ่ ก๋วยเตี๋ยวต้มยำโบราณ</name>
      <description>⭐ 4.8 (1,954 รีวิว) · Noodles · ดินแดง · ฿
126/13 ซ. วิภาวดิรังสิต2 แยก 6 Ratchadaphisek, Khet Din Daeng, Krung Thep Maha Nakhon 10400, Thailand
https://www.google.com/maps/place/?q=place_id:ChIJT9y3aMqf4jARRTx90LqDdU4
ข้อมูลจาก ChefMinistry — chefministry.com</description>
      <ExtendedData>
        <Data name="rating"><value>4.8</value></Data>
        <Data name="reviews"><value>1954</value></Data>
        <Data name="cuisine"><value>Noodles</value></Data>
        <Data name="area"><value>ดินแดง</value></Data>
        <Data name="google_maps"><value>https://www.google.com/maps/place/?q=place_id:ChIJT9y3aMqf4jARRTx90LqDdU4</value></Data>
      </ExtendedData>
      <Point><coordinates>100.5591116,13.7778919,0</coordinates></Point>
    </Placemark>
    <Placemark>
      <styleUrl>#cm3</styleUrl>
      <name>บะหมี่คนแซ่ลี ทองหล่อ</name>
      <description>⭐ 4.4 (2,582 รีวิว) · Noodles · Thonglor · ฿
1081 Sukhumvit Rd, แขวง วัฒนา Watthana, Krung Thep Maha Nakhon 10110, Thailand
https://www.google.com/maps/place/?q=place_id:ChIJXUzQ0Kif4jARpupfUL8zxTQ
ข้อมูลจาก ChefMinistry — chefministry.com</description>
      <ExtendedData>
        <Data name="rating"><value>4.4</value></Data>
        <Data name="reviews"><value>2582</value></Data>
        <Data name="cuisine"><value>Noodles</value></Data>
        <Data name="area"><value>Thonglor</value></Data>
        <Data name="google_maps"><value>https://www.google.com/maps/place/?q=place_id:ChIJXUzQ0Kif4jARpupfUL8zxTQ</value></Data>
      </ExtendedData>
      <Point><coordinates>100.57979139999999,13.7235613,0</coordinates></Point>
    </Placemark>
    <Placemark>
      <styleUrl>#cm3</styleUrl>
      <name>ก๋วยเตี๋ยวเรือสามแซ่บ โชคชัย4</name>
      <description>⭐ 4.8 (1,403 รีวิว) · Noodles · Lat Phrao · ฿
417 Chok Chai 4 Soi 49, ลาดพร้าว Khet Lat Phrao, Krung Thep Maha Nakhon 10230, Thailand
https://www.google.com/maps/place/?q=place_id:ChIJ42nFAfSd4jARAL_fOxX8ZIw
ข้อมูลจาก ChefMinistry — chefministry.com</description>
      <ExtendedData>
        <Data name="rating"><value>4.8</value></Data>
        <Data name="reviews"><value>1403</value></Data>
        <Data name="cuisine"><value>Noodles</value></Data>
        <Data name="area"><value>Lat Phrao</value></Data>
        <Data name="google_maps"><value>https://www.google.com/maps/place/?q=place_id:ChIJ42nFAfSd4jARAL_fOxX8ZIw</value></Data>
      </ExtendedData>
      <Point><coordinates>100.5961434,13.814485699999999,0</coordinates></Point>
    </Placemark>
    <Placemark>
      <styleUrl>#cm3</styleUrl>
      <name>ก๋วยเตี๋ยวเรือกรุงทอง สาขา อารีย์</name>
      <description>⭐ 4.9 (1,241 รีวิว) · Noodles · Phaya Thai · ฿
404 20-21 Phahon Yothin Road, Khwaeng Samsen Nai, Khet Phaya Thai, Krung Thep Maha Nakhon 10400, Thailand
https://www.google.com/maps/place/?q=place_id:ChIJSYzhdLSd4jARuqQajLQt6iU
ข้อมูลจาก ChefMinistry — chefministry.com</description>
      <ExtendedData>
        <Data name="rating"><value>4.9</value></Data>
        <Data name="reviews"><value>1241</value></Data>
        <Data name="cuisine"><value>Noodles</value></Data>
        <Data name="area"><value>Phaya Thai</value></Data>
        <Data name="google_maps"><value>https://www.google.com/maps/place/?q=place_id:ChIJSYzhdLSd4jARuqQajLQt6iU</value></Data>
      </ExtendedData>
      <Point><coordinates>100.5461521,13.782476299999999,0</coordinates></Point>
    </Placemark>
    <Placemark>
      <styleUrl>#cm3</styleUrl>
      <name>ก๋วยเตี๋ยวเรือ คุณชาย</name>
      <description>⭐ 4.3 (1,888 รีวิว) · Noodles · ตลิ่งชัน · ฿
18/3 หมู่ที่ 3 Khwaeng Chim Phli, Khet Taling Chan, Krung Thep Maha Nakhon 10170, Thailand
https://www.google.com/maps/place/?q=place_id:ChIJObsQvAGa4jAR6JIOd6FSNLU
ข้อมูลจาก ChefMinistry — chefministry.com</description>
      <ExtendedData>
        <Data name="rating"><value>4.3</value></Data>
        <Data name="reviews"><value>1888</value></Data>
        <Data name="cuisine"><value>Noodles</value></Data>
        <Data name="area"><value>ตลิ่งชัน</value></Data>
        <Data name="google_maps"><value>https://www.google.com/maps/place/?q=place_id:ChIJObsQvAGa4jAR6JIOd6FSNLU</value></Data>
      </ExtendedData>
      <Point><coordinates>100.4433713,13.786064699999999,0</coordinates></Point>
    </Placemark>
    <Placemark>
      <styleUrl>#cm3</styleUrl>
      <name>โอว ก๋วยเตี๋ยวพริกสด ซ.มัยลาภ(ย้ายจาก สุคนธสวัสดิ์)</name>
      <description>⭐ 4.4 (1,634 รีวิว) · Noodles · Bang Khen · ฿
91 Soi Rarm Intra 14, Khwaeng Tha Raeng, Khet Bang Khen, Krung Thep Maha Nakhon 10220, Thailand
https://www.google.com/maps/place/?q=place_id:ChIJeZgp14FiHTERKJ5qXZADweY
ข้อมูลจาก ChefMinistry — chefministry.com</description>
      <ExtendedData>
        <Data name="rating"><value>4.4</value></Data>
        <Data name="reviews"><value>1634</value></Data>
        <Data name="cuisine"><value>Noodles</value></Data>
        <Data name="area"><value>Bang Khen</value></Data>
        <Data name="google_maps"><value>https://www.google.com/maps/place/?q=place_id:ChIJeZgp14FiHTERKJ5qXZADweY</value></Data>
      </ExtendedData>
      <Point><coordinates>100.6240323,13.8485886,0</coordinates></Point>
    </Placemark>
    <Placemark>
      <styleUrl>#cm3</styleUrl>
      <name>ก๋วยเตี๋ยว ลุงหนั่นรัชดา</name>
      <description>⭐ 4.4 (1,533 รีวิว) · Noodles · Huai Khwang · ฿
Samsen Nok, Huai Khwang, Bangkok 10310, Thailand
https://www.google.com/maps/place/?q=place_id:ChIJYa6eVyyc4jARcONFu1TdUAY
ข้อมูลจาก ChefMinistry — chefministry.com</description>
      <ExtendedData>
        <Data name="rating"><value>4.4</value></Data>
        <Data name="reviews"><value>1533</value></Data>
        <Data name="cuisine"><value>Noodles</value></Data>
        <Data name="area"><value>Huai Khwang</value></Data>
        <Data name="google_maps"><value>https://www.google.com/maps/place/?q=place_id:ChIJYa6eVyyc4jARcONFu1TdUAY</value></Data>
      </ExtendedData>
      <Point><coordinates>100.58471829999999,13.7821169,0</coordinates></Point>
    </Placemark>
    <Placemark>
      <styleUrl>#cm3</styleUrl>
      <name>กลืนเส้น ก๋วยเตี๋ยวต้มยำ โชคชัย4</name>
      <description>⭐ 4.9 (1,053 รีวิว) · Noodles · Lat Phrao · ฿
206 หมู่10 Thanon Chok Chai 4, ลาดพร้าว Khet Lat Phrao, Krung Thep Maha Nakhon 10230, Thailand
https://www.google.com/maps/place/?q=place_id:ChIJyQDfPF2d4jARWG27SCyTEk0
ข้อมูลจาก ChefMinistry — chefministry.com</description>
      <ExtendedData>
        <Data name="rating"><value>4.9</value></Data>
        <Data name="reviews"><value>1053</value></Data>
        <Data name="cuisine"><value>Noodles</value></Data>
        <Data name="area"><value>Lat Phrao</value></Data>
        <Data name="google_maps"><value>https://www.google.com/maps/place/?q=place_id:ChIJyQDfPF2d4jARWG27SCyTEk0</value></Data>
      </ExtendedData>
      <Point><coordinates>100.59683079999999,13.803953799999999,0</coordinates></Point>
    </Placemark>
    <Placemark>
      <styleUrl>#cm3</styleUrl>
      <name>เปลว ก๋วยเตี๋ยวต้มยำโบราณนครปฐม</name>
      <description>⭐ 4.5 (1,311 รีวิว) · Noodles · Huai Khwang · ฿
633 Soi Pracha Rat Bamphen 21, Khwaeng Huai Khwang, Khet Huai Khwang, Krung Thep Maha Nakhon 10310, Thailand
https://www.google.com/maps/place/?q=place_id:ChIJfxhlxded4jAR0RkFWksUr9g
ข้อมูลจาก ChefMinistry — chefministry.com</description>
      <ExtendedData>
        <Data name="rating"><value>4.5</value></Data>
        <Data name="reviews"><value>1311</value></Data>
        <Data name="cuisine"><value>Noodles</value></Data>
        <Data name="area"><value>Huai Khwang</value></Data>
        <Data name="google_maps"><value>https://www.google.com/maps/place/?q=place_id:ChIJfxhlxded4jAR0RkFWksUr9g</value></Data>
      </ExtendedData>
      <Point><coordinates>100.5838775,13.7778569,0</coordinates></Point>
    </Placemark>
    <Placemark>
      <styleUrl>#cm3</styleUrl>
      <name>ต้อยก๋วยเตี๋ยวเรือ</name>
      <description>⭐ 4.4 (1,288 รีวิว) · Noodles · Ratchathewi · ฿
Soi Ratchawithi 18, Khwaeng Thung Phaya Thai, Khet Ratchathewi, Krung Thep Maha Nakhon 10400, Thailand
https://www.google.com/maps/place/?q=place_id:ChIJV3n3-rGe4jARrUnDLO8V4gY
ข้อมูลจาก ChefMinistry — chefministry.com</description>
      <ExtendedData>
        <Data name="rating"><value>4.4</value></Data>
        <Data name="reviews"><value>1288</value></Data>
        <Data name="cuisine"><value>Noodles</value></Data>
        <Data name="area"><value>Ratchathewi</value></Data>
        <Data name="google_maps"><value>https://www.google.com/maps/place/?q=place_id:ChIJV3n3-rGe4jARrUnDLO8V4gY</value></Data>
      </ExtendedData>
      <Point><coordinates>100.5359061,13.7681512,0</coordinates></Point>
    </Placemark>
    <Placemark>
      <styleUrl>#cm3</styleUrl>
      <name>ก๋วยเตี๋ยวต้มยำกากหมูสูตรโบราณ The Alley รามอินทรา</name>
      <description>⭐ 4.8 (950 รีวิว) · Noodles · Khan Na Yao · ฿
589 Ram Inthra Rd, Khwaeng Ram Inthra, Khet Khan Na Yao, Krung Thep Maha Nakhon 10230, Thailand
https://www.google.com/maps/place/?q=place_id:ChIJ1cl4YgBjHTERnUnihykA4Ow
ข้อมูลจาก ChefMinistry — chefministry.com</description>
      <ExtendedData>
        <Data name="rating"><value>4.8</value></Data>
        <Data name="reviews"><value>950</value></Data>
        <Data name="cuisine"><value>Noodles</value></Data>
        <Data name="area"><value>Khan Na Yao</value></Data>
        <Data name="google_maps"><value>https://www.google.com/maps/place/?q=place_id:ChIJ1cl4YgBjHTERnUnihykA4Ow</value></Data>
      </ExtendedData>
      <Point><coordinates>100.67031589999999,13.8335648,0</coordinates></Point>
    </Placemark>
    <Placemark>
      <styleUrl>#cm3</styleUrl>
      <name>ซ้งเตี๋ยวหมูต้มยำมะนาว Zongtiew Tom Yum Noodles</name>
      <description>⭐ 4.8 (924 รีวิว) · Noodles · Khlong San · ฿
912 Charoen Nakhon Rd, Khwaeng Bang Lamphu Lang, Khet Khlong San, Krung Thep Maha Nakhon 10600, Thailand
https://www.google.com/maps/place/?q=place_id:ChIJA8USHgCZ4jARO_rv3Kch4Yw
ข้อมูลจาก ChefMinistry — chefministry.com</description>
      <ExtendedData>
        <Data name="rating"><value>4.8</value></Data>
        <Data name="reviews"><value>924</value></Data>
        <Data name="cuisine"><value>Noodles</value></Data>
        <Data name="area"><value>Khlong San</value></Data>
        <Data name="google_maps"><value>https://www.google.com/maps/place/?q=place_id:ChIJA8USHgCZ4jARO_rv3Kch4Yw</value></Data>
      </ExtendedData>
      <Point><coordinates>100.5022515,13.7126468,0</coordinates></Point>
    </Placemark>
    <Placemark>
      <styleUrl>#cm3</styleUrl>
      <name>ก๋วยเตี๋ยวตรอกโรงหมู</name>
      <description>⭐ 4.4 (1,162 รีวิว) · Noodles · Yaowarat · ฿
23 10 Soi Sukon 1, Khwaeng Talat Noi, Khet Samphanthawong, Krung Thep Maha Nakhon 10100, Thailand
https://www.google.com/maps/place/?q=place_id:ChIJczXlESeZ4jAR7-MrzumXvKM
ข้อมูลจาก ChefMinistry — chefministry.com</description>
      <ExtendedData>
        <Data name="rating"><value>4.4</value></Data>
        <Data name="reviews"><value>1162</value></Data>
        <Data name="cuisine"><value>Noodles</value></Data>
        <Data name="area"><value>Yaowarat</value></Data>
        <Data name="google_maps"><value>https://www.google.com/maps/place/?q=place_id:ChIJczXlESeZ4jAR7-MrzumXvKM</value></Data>
      </ExtendedData>
      <Point><coordinates>100.51479510000001,13.737181,0</coordinates></Point>
    </Placemark>
    <Placemark>
      <styleUrl>#cm3</styleUrl>
      <name>เล้งเตี๋ยวหมูต้มยำ บรรทัดทอง (ร้านดั้งเดิม รสแซ่บ อร่อยคุ้มค่า)</name>
      <description>⭐ 4.9 (779 รีวิว) · Noodles · Pathumwan · ฿฿
1402 Banthat Thong Rd, Khwaeng Wang Mai, Pathum Wan, Krung Thep Maha Nakhon 10330, Thailand
https://www.google.com/maps/place/?q=place_id:ChIJcdV01cqZ4jARqO_-PU5X7kU
ข้อมูลจาก ChefMinistry — chefministry.com</description>
      <ExtendedData>
        <Data name="rating"><value>4.9</value></Data>
        <Data name="reviews"><value>779</value></Data>
        <Data name="cuisine"><value>Noodles</value></Data>
        <Data name="area"><value>Pathumwan</value></Data>
        <Data name="google_maps"><value>https://www.google.com/maps/place/?q=place_id:ChIJcdV01cqZ4jARqO_-PU5X7kU</value></Data>
      </ExtendedData>
      <Point><coordinates>100.5229104,13.7436068,0</coordinates></Point>
    </Placemark>
    <Placemark>
      <styleUrl>#cm3</styleUrl>
      <name>ก๋วยเตี๋ยวต้มยำกากหมูสูตรโบราณ รามคำแหง</name>
      <description>⭐ 4.8 (777 รีวิว) · Noodles · Saphan Sung · ฿
91 Soi 2, Khwaeng Saphan Sung, Khet Saphan Sung, Krung Thep Maha Nakhon 10240, Thailand
https://www.google.com/maps/place/?q=place_id:ChIJgb8_7_ZhHTERjBV_yKW8PZk
ข้อมูลจาก ChefMinistry — chefministry.com</description>
      <ExtendedData>
        <Data name="rating"><value>4.8</value></Data>
        <Data name="reviews"><value>777</value></Data>
        <Data name="cuisine"><value>Noodles</value></Data>
        <Data name="area"><value>Saphan Sung</value></Data>
        <Data name="google_maps"><value>https://www.google.com/maps/place/?q=place_id:ChIJgb8_7_ZhHTERjBV_yKW8PZk</value></Data>
      </ExtendedData>
      <Point><coordinates>100.67323490000001,13.7776718,0</coordinates></Point>
    </Placemark>
    <Placemark>
      <styleUrl>#cm3</styleUrl>
      <name>ก๋วยเตี๋ยว &quot;แซว&quot; 49</name>
      <description>⭐ 4.4 (1,030 รีวิว) · Noodles · Watthana · ฿
1 Sukhumvit 49, Khwaeng Khlong Tan Nuea, Watthana, Krung Thep Maha Nakhon 10110, Thailand
https://www.google.com/maps/place/?q=place_id:ChIJ3fcy96mf4jAR4Op5i05ZuzQ
ข้อมูลจาก ChefMinistry — chefministry.com</description>
      <ExtendedData>
        <Data name="rating"><value>4.4</value></Data>
        <Data name="reviews"><value>1030</value></Data>
        <Data name="cuisine"><value>Noodles</value></Data>
        <Data name="area"><value>Watthana</value></Data>
        <Data name="google_maps"><value>https://www.google.com/maps/place/?q=place_id:ChIJ3fcy96mf4jAR4Op5i05ZuzQ</value></Data>
      </ExtendedData>
      <Point><coordinates>100.57541959999999,13.7269594,0</coordinates></Point>
    </Placemark>
    <Placemark>
      <styleUrl>#cm3</styleUrl>
      <name>ก๋วยเตี๋ยว ต้มเลือดหมูนายใช้ ลาดพร้าว</name>
      <description>⭐ 4.3 (1,052 รีวิว) · Noodles · Lat Phrao · ฿
36 ถนน นาคนิวาส Sena Niwet Soi 125/2, Khwaeng Lat Phrao, Khet Lat Phrao, Krung Thep Maha Nakhon 10230, Thailand
https://www.google.com/maps/place/?q=place_id:ChIJK-MjOu2d4jARJXQXUhyrhhw
ข้อมูลจาก ChefMinistry — chefministry.com</description>
      <ExtendedData>
        <Data name="rating"><value>4.3</value></Data>
        <Data name="reviews"><value>1052</value></Data>
        <Data name="cuisine"><value>Noodles</value></Data>
        <Data name="area"><value>Lat Phrao</value></Data>
        <Data name="google_maps"><value>https://www.google.com/maps/place/?q=place_id:ChIJK-MjOu2d4jARJXQXUhyrhhw</value></Data>
      </ExtendedData>
      <Point><coordinates>100.6066488,13.7990588,0</coordinates></Point>
    </Placemark>
    <Placemark>
      <styleUrl>#cm3</styleUrl>
      <name>โคตรเฮงสาย2 ก๋วยเตี๋ยวเรือ ข้าวมันไก่สิงคโปร์ กะเพราถาด</name>
      <description>⭐ 4.3 (852 รีวิว) · Noodles · Bang Khae · ฿
Point Center Co.,Ltd., 2/62, Moo 5, Phutthamonthon Sai 2 Road North Khwaeng Bang Phai, Khet Bang Khae, Krung Thep Maha Nakhon 10160, Thailand
https://www.google.com/maps/place/?q=place_id:ChIJTWLDT2iX4jARroi4zcEAQtI
ข้อมูลจาก ChefMinistry — chefministry.com</description>
      <ExtendedData>
        <Data name="rating"><value>4.3</value></Data>
        <Data name="reviews"><value>852</value></Data>
        <Data name="cuisine"><value>Noodles</value></Data>
        <Data name="area"><value>Bang Khae</value></Data>
        <Data name="google_maps"><value>https://www.google.com/maps/place/?q=place_id:ChIJTWLDT2iX4jARroi4zcEAQtI</value></Data>
      </ExtendedData>
      <Point><coordinates>100.395241,13.737764799999999,0</coordinates></Point>
    </Placemark>
    <Placemark>
      <styleUrl>#cm3</styleUrl>
      <name>มานา ก๋วยเตี๋ยวหมูตำลึง</name>
      <description>⭐ 4.3 (833 รีวิว) · Noodles · จตุจักร · ฿
100/4 ถนน เทศบาลรังรักษ์เหนือ Khwaeng Lat Yao, Khet Chatuchak, Krung Thep Maha Nakhon 10900, Thailand
https://www.google.com/maps/place/?q=place_id:ChIJ7yBde5Gc4jARIpEbOyHIM2w
ข้อมูลจาก ChefMinistry — chefministry.com</description>
      <ExtendedData>
        <Data name="rating"><value>4.3</value></Data>
        <Data name="reviews"><value>833</value></Data>
        <Data name="cuisine"><value>Noodles</value></Data>
        <Data name="area"><value>จตุจักร</value></Data>
        <Data name="google_maps"><value>https://www.google.com/maps/place/?q=place_id:ChIJ7yBde5Gc4jARIpEbOyHIM2w</value></Data>
      </ExtendedData>
      <Point><coordinates>100.5466086,13.840724,0</coordinates></Point>
    </Placemark>
    <Placemark>
      <styleUrl>#cm3</styleUrl>
      <name>ก๋วยเตี๋ยวเรือศรีอยุธยา นางลิ้นจี่ Sri Ayutthaya Boat Noodle Nanglinchi</name>
      <description>⭐ 4.9 (488 รีวิว) · Noodles · Sathorn · ฿
Nang Linchi Rd, Khwaeng Thung Maha Mek, Khet Sathon, Krung Thep Maha Nakhon 10120, Thailand
https://www.google.com/maps/place/?q=place_id:ChIJZbP_OwCf4jARJ6oKeQTefvc
ข้อมูลจาก ChefMinistry — chefministry.com</description>
      <ExtendedData>
        <Data name="rating"><value>4.9</value></Data>
        <Data name="reviews"><value>488</value></Data>
        <Data name="cuisine"><value>Noodles</value></Data>
        <Data name="area"><value>Sathorn</value></Data>
        <Data name="google_maps"><value>https://www.google.com/maps/place/?q=place_id:ChIJZbP_OwCf4jARJ6oKeQTefvc</value></Data>
      </ExtendedData>
      <Point><coordinates>100.5399388,13.7142629,0</coordinates></Point>
    </Placemark>
    <Placemark>
      <styleUrl>#cm3</styleUrl>
      <name>ก๋วยเตี๋ยวเรือรสไทย สูตรโบราณ ตลาดเตาปูน</name>
      <description>⭐ 4.4 (691 รีวิว) · Noodles · Nonthaburi · ฿
44 36-37 ถ. กรุงเทพ - นนทบุรี Khwaeng Bang Sue, Khet Bang Sue, Krung Thep Maha Nakhon 10800, Thailand
https://www.google.com/maps/place/?q=place_id:ChIJJ5M1S3Sc4jAR34WGfkLcdU0
ข้อมูลจาก ChefMinistry — chefministry.com</description>
      <ExtendedData>
        <Data name="rating"><value>4.4</value></Data>
        <Data name="reviews"><value>691</value></Data>
        <Data name="cuisine"><value>Noodles</value></Data>
        <Data name="area"><value>Nonthaburi</value></Data>
        <Data name="google_maps"><value>https://www.google.com/maps/place/?q=place_id:ChIJJ5M1S3Sc4jAR34WGfkLcdU0</value></Data>
      </ExtendedData>
      <Point><coordinates>100.53240029999999,13.8070468,0</coordinates></Point>
    </Placemark>
    <Placemark>
      <styleUrl>#cm3</styleUrl>
      <name>ก๋วยเตี๋ยวเรืออยุธยา เจ๊จุ๋ม</name>
      <description>⭐ 4.3 (696 รีวิว) · Noodles · Bangkok Noi · ฿
23, 46 Thanon Bang Khun Non, Khwaeng Bang Khun Non, Khet Bangkok Noi, Krung Thep Maha Nakhon 10700, Thailand
https://www.google.com/maps/place/?q=place_id:ChIJgaSL3JCZ4jARtfMy1U2ubU8
ข้อมูลจาก ChefMinistry — chefministry.com</description>
      <ExtendedData>
        <Data name="rating"><value>4.3</value></Data>
        <Data name="reviews"><value>696</value></Data>
        <Data name="cuisine"><value>Noodles</value></Data>
        <Data name="area"><value>Bangkok Noi</value></Data>
        <Data name="google_maps"><value>https://www.google.com/maps/place/?q=place_id:ChIJgaSL3JCZ4jARtfMy1U2ubU8</value></Data>
      </ExtendedData>
      <Point><coordinates>100.4713242,13.7666855,0</coordinates></Point>
    </Placemark>
    <Placemark>
      <styleUrl>#cm3</styleUrl>
      <name>ก๋วยเตี๋ยวเรือ น้าเสริม รสเด็ด</name>
      <description>⭐ 4.9 (443 รีวิว) · Noodles · Lat Krabang · ฿
2 Soi Thai Samut, Khwaeng Lat Krabang, Khet Lat Krabang, Krung Thep Maha Nakhon 10520, Thailand
https://www.google.com/maps/place/?q=place_id:ChIJH19e4rJnHTERJQNw-MPrFXU
ข้อมูลจาก ChefMinistry — chefministry.com</description>
      <ExtendedData>
        <Data name="rating"><value>4.9</value></Data>
        <Data name="reviews"><value>443</value></Data>
        <Data name="cuisine"><value>Noodles</value></Data>
        <Data name="area"><value>Lat Krabang</value></Data>
        <Data name="google_maps"><value>https://www.google.com/maps/place/?q=place_id:ChIJH19e4rJnHTERJQNw-MPrFXU</value></Data>
      </ExtendedData>
      <Point><coordinates>100.7175795,13.721649,0</coordinates></Point>
    </Placemark>
    <Placemark>
      <styleUrl>#cm3</styleUrl>
      <name>Shindo Ramen</name>
      <description>⭐ 4.3 (645 รีวิว) · Japanese Ramen · Bangkok · ฿฿
65/29 Tambon Salaya, Amphoe Phutthamonthon, Chang Wat Nakhon Pathom 73170, Thailand
https://www.google.com/maps/place/?q=place_id:ChIJY86myZGT4jARM6NVxi4V0B4
ข้อมูลจาก ChefMinistry — chefministry.com</description>
      <ExtendedData>
        <Data name="rating"><value>4.3</value></Data>
        <Data name="reviews"><value>645</value></Data>
        <Data name="cuisine"><value>Japanese Ramen</value></Data>
        <Data name="area"><value>Bangkok</value></Data>
        <Data name="google_maps"><value>https://www.google.com/maps/place/?q=place_id:ChIJY86myZGT4jARM6NVxi4V0B4</value></Data>
      </ExtendedData>
      <Point><coordinates>100.31932230000001,13.802026999999999,0</coordinates></Point>
    </Placemark>
    <Placemark>
      <styleUrl>#cm3</styleUrl>
      <name>SENDO RAMEN</name>
      <description>⭐ 4.4 (569 รีวิว) · Japanese Ramen · Bang Rak · ฿฿
SENDO RAMEN, 4F Thaniya Building, 52 ถ.สีลม แขวงสุริยวงศ์ เขตบางรัก กรุงเทพมหานคร 10500, Thailand
https://www.google.com/maps/place/?q=place_id:ChIJlepoPZOf4jAR6BpXAs-dEkw
ข้อมูลจาก ChefMinistry — chefministry.com</description>
      <ExtendedData>
        <Data name="rating"><value>4.4</value></Data>
        <Data name="reviews"><value>569</value></Data>
        <Data name="cuisine"><value>Japanese Ramen</value></Data>
        <Data name="area"><value>Bang Rak</value></Data>
        <Data name="google_maps"><value>https://www.google.com/maps/place/?q=place_id:ChIJlepoPZOf4jAR6BpXAs-dEkw</value></Data>
      </ExtendedData>
      <Point><coordinates>100.53375820000001,13.7286443,0</coordinates></Point>
    </Placemark>
    <Placemark>
      <styleUrl>#cm3</styleUrl>
      <name>ก๋วยเตี๋ยวเรืออัศวิน สาขาบรรทัดทอง</name>
      <description>⭐ 4.7 (452 รีวิว) · Noodles · Pathumwan · ฿
989, 991 Banthat Thong Rd, Khwaeng Wang Mai, Pathum Wan, Krung Thep Maha Nakhon 10330, Thailand
https://www.google.com/maps/place/?q=place_id:ChIJdVWoztef4jARZLV_wRkB6aE
ข้อมูลจาก ChefMinistry — chefministry.com</description>
      <ExtendedData>
        <Data name="rating"><value>4.7</value></Data>
        <Data name="reviews"><value>452</value></Data>
        <Data name="cuisine"><value>Noodles</value></Data>
        <Data name="area"><value>Pathumwan</value></Data>
        <Data name="google_maps"><value>https://www.google.com/maps/place/?q=place_id:ChIJdVWoztef4jARZLV_wRkB6aE</value></Data>
      </ExtendedData>
      <Point><coordinates>100.52311859999999,13.7433953,0</coordinates></Point>
    </Placemark>
    <Placemark>
      <styleUrl>#cm3</styleUrl>
      <name>ก๋วยเตี๋ยวเรือศรีอยุธยา (เทเวศร์) Sri Ayutthaya Noodle</name>
      <description>⭐ 4.3 (600 รีวิว) · Noodles · ดุสิต · ฿
224 Thanon Si Ayutthaya, Khwaeng Dusit, Khet Dusit, Krung Thep Maha Nakhon 10300, Thailand
https://www.google.com/maps/place/?q=place_id:ChIJJ1RCj6YxEBERZfi0fOQhxpk
ข้อมูลจาก ChefMinistry — chefministry.com</description>
      <ExtendedData>
        <Data name="rating"><value>4.3</value></Data>
        <Data name="reviews"><value>600</value></Data>
        <Data name="cuisine"><value>Noodles</value></Data>
        <Data name="area"><value>ดุสิต</value></Data>
        <Data name="google_maps"><value>https://www.google.com/maps/place/?q=place_id:ChIJJ1RCj6YxEBERZfi0fOQhxpk</value></Data>
      </ExtendedData>
      <Point><coordinates>100.5061087,13.7704244,0</coordinates></Point>
    </Placemark>
    <Placemark>
      <styleUrl>#cm3</styleUrl>
      <name>ก๋วยเตี๋ยวเรืออยุธยา รสดั้งเดิม สูตรโบราณ</name>
      <description>⭐ 4.4 (537 รีวิว) · Noodles · Don Mueang · ฿
VHWP+WXM, Don Mueang, Bangkok 10210, Thailand
https://www.google.com/maps/place/?q=place_id:ChIJr2BoyOiC4jARETmijn0oZHo
ข้อมูลจาก ChefMinistry — chefministry.com</description>
      <ExtendedData>
        <Data name="rating"><value>4.4</value></Data>
        <Data name="reviews"><value>537</value></Data>
        <Data name="cuisine"><value>Noodles</value></Data>
        <Data name="area"><value>Don Mueang</value></Data>
        <Data name="google_maps"><value>https://www.google.com/maps/place/?q=place_id:ChIJr2BoyOiC4jARETmijn0oZHo</value></Data>
      </ExtendedData>
      <Point><coordinates>100.58742629999999,13.897330700000001,0</coordinates></Point>
    </Placemark>
    <Placemark>
      <styleUrl>#cm3</styleUrl>
      <name>เจ๊พร ก๋วยเตี๋ยวเรืออยุธยา (สูตรต้นตำรับ) Porn The Original Recipe Of The Ayutthaya Boat Noodle</name>
      <description>⭐ 4.9 (353 รีวิว) · Noodles · คลองสามวา · ฿฿
ห้องเลขที่ 1-3 หน้า CJ 244 Thanon Surao Khlong Nueng, บางชัน Khet Khlong Sam Wa, Krung Thep Maha Nakhon 10510, Thailand
https://www.google.com/maps/place/?q=place_id:ChIJb41ZUNpjHTER4U0i1mzlZRg
ข้อมูลจาก ChefMinistry — chefministry.com</description>
      <ExtendedData>
        <Data name="rating"><value>4.9</value></Data>
        <Data name="reviews"><value>353</value></Data>
        <Data name="cuisine"><value>Noodles</value></Data>
        <Data name="area"><value>คลองสามวา</value></Data>
        <Data name="google_maps"><value>https://www.google.com/maps/place/?q=place_id:ChIJb41ZUNpjHTER4U0i1mzlZRg</value></Data>
      </ExtendedData>
      <Point><coordinates>100.7013872,13.841145599999999,0</coordinates></Point>
    </Placemark>
    <Placemark>
      <styleUrl>#cm3</styleUrl>
      <name>ก๋วยเตี๋ยวต้มยำ ธิษณา</name>
      <description>⭐ 4.8 (364 รีวิว) · Noodles · พระโขนง · ฿
เลขที่171 Soi Chiam Udom 3, Khwaeng Bang Chak, Khet Phra Khanong, Krung Thep Maha Nakhon 10260, Thailand
https://www.google.com/maps/place/?q=place_id:ChIJV91sGwCh4jARQLMKL4feOLI
ข้อมูลจาก ChefMinistry — chefministry.com</description>
      <ExtendedData>
        <Data name="rating"><value>4.8</value></Data>
        <Data name="reviews"><value>364</value></Data>
        <Data name="cuisine"><value>Noodles</value></Data>
        <Data name="area"><value>พระโขนง</value></Data>
        <Data name="google_maps"><value>https://www.google.com/maps/place/?q=place_id:ChIJV91sGwCh4jARQLMKL4feOLI</value></Data>
      </ExtendedData>
      <Point><coordinates>100.61768029999999,13.6844979,0</coordinates></Point>
    </Placemark>
    <Placemark>
      <styleUrl>#cm3</styleUrl>
      <name>ก๋วยเตี๋ยวเรือร้านลุงประตูน้ำ</name>
      <description>⭐ 4.5 (387 รีวิว) · Noodles · Ratchathewi · ฿
1024, 2 Soi Petchburi 32, Khwaeng Makkasan, Khet Ratchathewi, Krung Thep Maha Nakhon 10400, Thailand
https://www.google.com/maps/place/?q=place_id:ChIJc1AsjsWe4jAR6lloU6c-JfA
ข้อมูลจาก ChefMinistry — chefministry.com</description>
      <ExtendedData>
        <Data name="rating"><value>4.5</value></Data>
        <Data name="reviews"><value>387</value></Data>
        <Data name="cuisine"><value>Noodles</value></Data>
        <Data name="area"><value>Ratchathewi</value></Data>
        <Data name="google_maps"><value>https://www.google.com/maps/place/?q=place_id:ChIJc1AsjsWe4jAR6lloU6c-JfA</value></Data>
      </ExtendedData>
      <Point><coordinates>100.5431045,13.749186799999999,0</coordinates></Point>
    </Placemark>
    <Placemark>
      <styleUrl>#cm3</styleUrl>
      <name>เกี๊ยวหนองบัว วังหลัง Kiew Nong Bua Wang Lang, Trat Original Egg Noodle &amp; Wonton/ Cafe &amp; Bar</name>
      <description>⭐ 4.4 (406 รีวิว) · Noodles · Bangkok Noi · ฿฿
264 Trok Wat Rakhang Khwaeng Siriraj, Khet Bangkok Noi, Krung Thep Maha Nakhon 10700, Thailand
https://www.google.com/maps/place/?q=place_id:ChIJl3kuzpSZ4jARqbw2E_mN0BM
ข้อมูลจาก ChefMinistry — chefministry.com</description>
      <ExtendedData>
        <Data name="rating"><value>4.4</value></Data>
        <Data name="reviews"><value>406</value></Data>
        <Data name="cuisine"><value>Noodles</value></Data>
        <Data name="area"><value>Bangkok Noi</value></Data>
        <Data name="google_maps"><value>https://www.google.com/maps/place/?q=place_id:ChIJl3kuzpSZ4jARqbw2E_mN0BM</value></Data>
      </ExtendedData>
      <Point><coordinates>100.4863508,13.7532581,0</coordinates></Point>
    </Placemark>
    <Placemark>
      <styleUrl>#cm3</styleUrl>
      <name>สาวเส้น ก๋วยเตี๋ยวต้มยำ บางรัก Zaozen Tomyum Noodle</name>
      <description>⭐ 4.8 (299 รีวิว) · Noodles · บางรัก · ฿
1483 ถ. เจริญกรุง Si Lom, Khet Bang Rak, Krung Thep Maha Nakhon 10500, Thailand
https://www.google.com/maps/place/?q=place_id:ChIJsYOnguCZ4jARzml-t57gEdA
ข้อมูลจาก ChefMinistry — chefministry.com</description>
      <ExtendedData>
        <Data name="rating"><value>4.8</value></Data>
        <Data name="reviews"><value>299</value></Data>
        <Data name="cuisine"><value>Noodles</value></Data>
        <Data name="area"><value>บางรัก</value></Data>
        <Data name="google_maps"><value>https://www.google.com/maps/place/?q=place_id:ChIJsYOnguCZ4jARzml-t57gEdA</value></Data>
      </ExtendedData>
      <Point><coordinates>100.5154293,13.7190748,0</coordinates></Point>
    </Placemark>
    <Placemark>
      <styleUrl>#cm3</styleUrl>
      <name>Ari Noodle</name>
      <description>⭐ 4.6 (318 รีวิว) · Noodles · Phaya Thai · ฿
Soi Ari 1, Phaya Thai, Khet Phaya Thai, Krung Thep Maha Nakhon 10400, Thailand
https://www.google.com/maps/place/?q=place_id:ChIJqzy8KQCd4jARm5z4aJ1hLmc
ข้อมูลจาก ChefMinistry — chefministry.com</description>
      <ExtendedData>
        <Data name="rating"><value>4.6</value></Data>
        <Data name="reviews"><value>318</value></Data>
        <Data name="cuisine"><value>Noodles</value></Data>
        <Data name="area"><value>Phaya Thai</value></Data>
        <Data name="google_maps"><value>https://www.google.com/maps/place/?q=place_id:ChIJqzy8KQCd4jARm5z4aJ1hLmc</value></Data>
      </ExtendedData>
      <Point><coordinates>100.54443619999999,13.780985699999999,0</coordinates></Point>
    </Placemark>
    <Placemark>
      <styleUrl>#cm3</styleUrl>
      <name>ก๋วยเตี๋ยวเอี่ยมน้อย</name>
      <description>⭐ 4.3 (385 รีวิว) · Noodles · Pathumwan · ฿
1864 Banthat Thong Rd, Khwaeng Rong Muang, Pathum Wan, Krung Thep Maha Nakhon 10330, Thailand
https://www.google.com/maps/place/?q=place_id:ChIJ94RVpimZ4jAR4EW1NTw5nvU
ข้อมูลจาก ChefMinistry — chefministry.com</description>
      <ExtendedData>
        <Data name="rating"><value>4.3</value></Data>
        <Data name="reviews"><value>385</value></Data>
        <Data name="cuisine"><value>Noodles</value></Data>
        <Data name="area"><value>Pathumwan</value></Data>
        <Data name="google_maps"><value>https://www.google.com/maps/place/?q=place_id:ChIJ94RVpimZ4jAR4EW1NTw5nvU</value></Data>
      </ExtendedData>
      <Point><coordinates>100.5218422,13.737805,0</coordinates></Point>
    </Placemark>
    <Placemark>
      <styleUrl>#cm3</styleUrl>
      <name>2พี่น้อง ก๋วยเตี๋ยวต้มยำ</name>
      <description>⭐ 4.4 (350 รีวิว) · Noodles · Lat Phrao · ฿
520 ถนน โชคชัย 4 ซอย 48 หัว มุม แขวง เขต ลาดพร้าว 10230 ซอย ลาดพร้าว ลาดพร้าว ลาดพร้าว Khwaeng Lat Phrao, Khet Lat Phrao, Krung Thep Maha Nakhon 10230, Thailand
https://www.google.com/maps/place/?q=place_id:ChIJjar8vKKd4jARPLWCHXsT9qs
ข้อมูลจาก ChefMinistry — chefministry.com</description>
      <ExtendedData>
        <Data name="rating"><value>4.4</value></Data>
        <Data name="reviews"><value>350</value></Data>
        <Data name="cuisine"><value>Noodles</value></Data>
        <Data name="area"><value>Lat Phrao</value></Data>
        <Data name="google_maps"><value>https://www.google.com/maps/place/?q=place_id:ChIJjar8vKKd4jARPLWCHXsT9qs</value></Data>
      </ExtendedData>
      <Point><coordinates>100.5963387,13.8129931,0</coordinates></Point>
    </Placemark>
    <Placemark>
      <styleUrl>#cm3</styleUrl>
      <name>นัวโภชนา (ก๋วยเตี๋ยวหมูต้มยำนัว)</name>
      <description>⭐ 4.3 (342 รีวิว) · Noodles · Phaya Thai · ฿
1511/9 Phahon Yothin Road, Khwaeng Samsen Nai, Khet Phaya Thai, Krung Thep Maha Nakhon 10400, Thailand
https://www.google.com/maps/place/?q=place_id:ChIJpSSVcxec4jARFV7ry810u3U
ข้อมูลจาก ChefMinistry — chefministry.com</description>
      <ExtendedData>
        <Data name="rating"><value>4.3</value></Data>
        <Data name="reviews"><value>342</value></Data>
        <Data name="cuisine"><value>Noodles</value></Data>
        <Data name="area"><value>Phaya Thai</value></Data>
        <Data name="google_maps"><value>https://www.google.com/maps/place/?q=place_id:ChIJpSSVcxec4jARFV7ry810u3U</value></Data>
      </ExtendedData>
      <Point><coordinates>100.54906129999999,13.792414899999999,0</coordinates></Point>
    </Placemark>
    <Placemark>
      <styleUrl>#cm3</styleUrl>
      <name>เมืองกรุง ก๋วยเตี๋ยวไก่มะระ วังหิน</name>
      <description>⭐ 4.3 (318 รีวิว) · Noodles · Lat Phrao · ฿
970 Thanon Lat Phrao Wanghin, Khwaeng Lat Phrao, Khet Lat Phrao, Krung Thep Maha Nakhon 10230, Thailand
https://www.google.com/maps/place/?q=place_id:ChIJMf5-Gwyd4jAR-hzQUNK4qw8
ข้อมูลจาก ChefMinistry — chefministry.com</description>
      <ExtendedData>
        <Data name="rating"><value>4.3</value></Data>
        <Data name="reviews"><value>318</value></Data>
        <Data name="cuisine"><value>Noodles</value></Data>
        <Data name="area"><value>Lat Phrao</value></Data>
        <Data name="google_maps"><value>https://www.google.com/maps/place/?q=place_id:ChIJMf5-Gwyd4jAR-hzQUNK4qw8</value></Data>
      </ExtendedData>
      <Point><coordinates>100.59189699999999,13.8300436,0</coordinates></Point>
    </Placemark>
    <Placemark>
      <styleUrl>#cm3</styleUrl>
      <name>ร้านตะ-หลอด ก๋วยเตี๋ยวหลอดทรงเครื่อง สูตรโบราณ</name>
      <description>⭐ 4.7 (206 รีวิว) · Noodles · Don Mueang · ฿
22, 169 Soi Vibhavadirangsit 35, Khwaeng Sanambin, Khet Don Mueang, Krung Thep Maha Nakhon 10210, Thailand
https://www.google.com/maps/place/?q=place_id:ChIJxXXE2DWD4jAR0P1XCg6ffK0
ข้อมูลจาก ChefMinistry — chefministry.com</description>
      <ExtendedData>
        <Data name="rating"><value>4.7</value></Data>
        <Data name="reviews"><value>206</value></Data>
        <Data name="cuisine"><value>Noodles</value></Data>
        <Data name="area"><value>Don Mueang</value></Data>
        <Data name="google_maps"><value>https://www.google.com/maps/place/?q=place_id:ChIJxXXE2DWD4jAR0P1XCg6ffK0</value></Data>
      </ExtendedData>
      <Point><coordinates>100.61039459999999,13.9406933,0</coordinates></Point>
    </Placemark>
    <Placemark>
      <styleUrl>#cm3</styleUrl>
      <name>ก๋วยเตี๋ยวเรือป้ามณ</name>
      <description>⭐ 4.5 (208 รีวิว) · Noodles · Bangkok · ฿
4/877 ซ. 65 Khwaeng Khlong Kum, Khet Bueng Kum, Krung Thep Maha Nakhon 10230, Thailand
https://www.google.com/maps/place/?q=place_id:ChIJjdLGC8pjHTERARZm0_GD_Vc
ข้อมูลจาก ChefMinistry — chefministry.com</description>
      <ExtendedData>
        <Data name="rating"><value>4.5</value></Data>
        <Data name="reviews"><value>208</value></Data>
        <Data name="cuisine"><value>Noodles</value></Data>
        <Data name="area"><value>Bangkok</value></Data>
        <Data name="google_maps"><value>https://www.google.com/maps/place/?q=place_id:ChIJjdLGC8pjHTERARZm0_GD_Vc</value></Data>
      </ExtendedData>
      <Point><coordinates>100.6691989,13.797000599999999,0</coordinates></Point>
    </Placemark>
    <Placemark>
      <styleUrl>#cm3</styleUrl>
      <name>Honaji Ramen เซ็นทรัล พระราม 9</name>
      <description>⭐ 4.4 (175 รีวิว) · Ramen · Suan Luang · ฿
135 Rama IX Rd, Khwaeng Suan Luang, Khet Suan Luang, Krung Thep Maha Nakhon 10310, Thailand
https://www.google.com/maps/place/?q=place_id:ChIJLUSieuif4jAR0zJ2mg2vJDs
ข้อมูลจาก ChefMinistry — chefministry.com</description>
      <ExtendedData>
        <Data name="rating"><value>4.4</value></Data>
        <Data name="reviews"><value>175</value></Data>
        <Data name="cuisine"><value>Ramen</value></Data>
        <Data name="area"><value>Suan Luang</value></Data>
        <Data name="google_maps"><value>https://www.google.com/maps/place/?q=place_id:ChIJLUSieuif4jAR0zJ2mg2vJDs</value></Data>
      </ExtendedData>
      <Point><coordinates>100.5658577,13.758443600000001,0</coordinates></Point>
    </Placemark>
    <Placemark>
      <styleUrl>#cm3</styleUrl>
      <name>ร้านเย็นตาโฟ สิงโตคืนชีพ</name>
      <description>⭐ 4.4 (172 รีวิว) · Noodles · Minburi · ฿
RPCQ+226, Min Buri, Bangkok 10510, Thailand
https://www.google.com/maps/place/?q=place_id:ChIJl9pA0_VkHTERlFVGHNwwpvY
ข้อมูลจาก ChefMinistry — chefministry.com</description>
      <ExtendedData>
        <Data name="rating"><value>4.4</value></Data>
        <Data name="reviews"><value>172</value></Data>
        <Data name="cuisine"><value>Noodles</value></Data>
        <Data name="area"><value>Minburi</value></Data>
        <Data name="google_maps"><value>https://www.google.com/maps/place/?q=place_id:ChIJl9pA0_VkHTERlFVGHNwwpvY</value></Data>
      </ExtendedData>
      <Point><coordinates>100.7375106,13.8200407,0</coordinates></Point>
    </Placemark>
    <Placemark>
      <styleUrl>#cm3</styleUrl>
      <name>ครัวแต้จิ๋ว - คั่วไก่ ข้าวผัดปู หอยจ๊อปู ออส่วน โกยซีหมี่</name>
      <description>⭐ 4.3 (175 รีวิว) · Noodles · Sukhumvit · ฿฿
ตลาด, 88 Thanon Vacharaphol, Khwaeng Tha Raeng, Khet Bang Khen, Krung Thep Maha Nakhon 10230, Thailand
https://www.google.com/maps/place/?q=place_id:ChIJOfFoVUmD4jARudL_PFetLRE
ข้อมูลจาก ChefMinistry — chefministry.com</description>
      <ExtendedData>
        <Data name="rating"><value>4.3</value></Data>
        <Data name="reviews"><value>175</value></Data>
        <Data name="cuisine"><value>Noodles</value></Data>
        <Data name="area"><value>Sukhumvit</value></Data>
        <Data name="google_maps"><value>https://www.google.com/maps/place/?q=place_id:ChIJOfFoVUmD4jARudL_PFetLRE</value></Data>
      </ExtendedData>
      <Point><coordinates>100.6439321,13.857189799999999,0</coordinates></Point>
    </Placemark>
    <Placemark>
      <styleUrl>#cm3</styleUrl>
      <name>ก๋วยเตี๋ยวเป็ด ซอยคอนแวนต์</name>
      <description>⭐ 4.5 (50 รีวิว) · Noodles · Silom · ฿
142 Soi Sathon 6, Si Lom, Khet Bang Rak, Krung Thep Maha Nakhon 10500, Thailand
https://www.google.com/maps/place/?q=place_id:ChIJKYL0mC2f4jARxKM-NBEDXjg
ข้อมูลจาก ChefMinistry — chefministry.com</description>
      <ExtendedData>
        <Data name="rating"><value>4.5</value></Data>
        <Data name="reviews"><value>50</value></Data>
        <Data name="cuisine"><value>Noodles</value></Data>
        <Data name="area"><value>Silom</value></Data>
        <Data name="google_maps"><value>https://www.google.com/maps/place/?q=place_id:ChIJKYL0mC2f4jARxKM-NBEDXjg</value></Data>
      </ExtendedData>
      <Point><coordinates>100.5328712,13.7251771,0</coordinates></Point>
    </Placemark>
  </Folder>
  <Style id="cm4"><IconStyle><color>ff4b4bd6</color><Icon><href>http://maps.google.com/mapfiles/kml/shapes/dining.png</href></Icon></IconStyle></Style>
  <Folder>
    <name>🥩 ปิ้งย่าง &amp; ชาบู</name>
    <Placemark>
      <styleUrl>#cm4</styleUrl>
      <name>Shu Daxia Mala Hotpot ร้านหม่าล่า กรุงเทพ @MBK</name>
      <description>⭐ 4.9 (9,846 รีวิว) · Hot Pot / Suki · Pathumwan · ฿฿
Floor 6 MBK Center 444 Phaya Thai Rd, Khwaeng Wang Mai, Pathum Wan, Krung Thep Maha Nakhon 10330, Thailand
https://www.google.com/maps/place/?q=place_id:ChIJdwrpAQCf4jARLueOBrlPfQI
ข้อมูลจาก ChefMinistry — chefministry.com</description>
      <ExtendedData>
        <Data name="rating"><value>4.9</value></Data>
        <Data name="reviews"><value>9846</value></Data>
        <Data name="cuisine"><value>Hot Pot / Suki</value></Data>
        <Data name="area"><value>Pathumwan</value></Data>
        <Data name="google_maps"><value>https://www.google.com/maps/place/?q=place_id:ChIJdwrpAQCf4jARLueOBrlPfQI</value></Data>
      </ExtendedData>
      <Point><coordinates>100.5300979,13.7454547,0</coordinates></Point>
    </Placemark>
    <Placemark>
      <styleUrl>#cm4</styleUrl>
      <name>Niku Sho Sukhumvit 31</name>
      <description>⭐ 4.8 (8,730 รีวิว) · Yakiniku · Watthana · ฿฿
12 Sukhumvit 31, Khwaeng Khlong Toei Nuea, Watthana, Krung Thep Maha Nakhon 10110, Thailand
https://www.google.com/maps/place/?q=place_id:ChIJ46fu9HKf4jARupTR_jaL8cc
ข้อมูลจาก ChefMinistry — chefministry.com</description>
      <ExtendedData>
        <Data name="rating"><value>4.8</value></Data>
        <Data name="reviews"><value>8730</value></Data>
        <Data name="cuisine"><value>Yakiniku</value></Data>
        <Data name="area"><value>Watthana</value></Data>
        <Data name="google_maps"><value>https://www.google.com/maps/place/?q=place_id:ChIJ46fu9HKf4jARupTR_jaL8cc</value></Data>
      </ExtendedData>
      <Point><coordinates>100.56652229999999,13.7345872,0</coordinates></Point>
    </Placemark>
    <Placemark>
      <styleUrl>#cm4</styleUrl>
      <name>TenTen ชาบู 4 สี หมีออนเซน</name>
      <description>⭐ 4.8 (5,662 รีวิว) · Hot Pot / Suki · Pathumwan · ฿฿
388 5th Floor, Siam Square One, Rama I Rd, Khwaeng Pathum Wan, Pathum Wan, Krung Thep Maha Nakhon 10330, Thailand
https://www.google.com/maps/place/?q=place_id:ChIJOS7Ez9-f4jARk2lpG0azP2k
ข้อมูลจาก ChefMinistry — chefministry.com</description>
      <ExtendedData>
        <Data name="rating"><value>4.8</value></Data>
        <Data name="reviews"><value>5662</value></Data>
        <Data name="cuisine"><value>Hot Pot / Suki</value></Data>
        <Data name="area"><value>Pathumwan</value></Data>
        <Data name="google_maps"><value>https://www.google.com/maps/place/?q=place_id:ChIJOS7Ez9-f4jARk2lpG0azP2k</value></Data>
      </ExtendedData>
      <Point><coordinates>100.5338857,13.7452121,0</coordinates></Point>
    </Placemark>
    <Placemark>
      <styleUrl>#cm4</styleUrl>
      <name>ทวีโชคหมูกะทะ สาขา9 บรรทัดทอง</name>
      <description>⭐ 4.9 (5,020 รีวิว) · BBQ · Pathumwan · ฿฿
1196 Thanon Rama VI, Khwaeng Wang Mai, Pathum Wan, Krung Thep Maha Nakhon 10330, Thailand
https://www.google.com/maps/place/?q=place_id:ChIJjYtkDAmZ4jARVKOVErxm5xU
ข้อมูลจาก ChefMinistry — chefministry.com</description>
      <ExtendedData>
        <Data name="rating"><value>4.9</value></Data>
        <Data name="reviews"><value>5020</value></Data>
        <Data name="cuisine"><value>BBQ</value></Data>
        <Data name="area"><value>Pathumwan</value></Data>
        <Data name="google_maps"><value>https://www.google.com/maps/place/?q=place_id:ChIJjYtkDAmZ4jARVKOVErxm5xU</value></Data>
      </ExtendedData>
      <Point><coordinates>100.52360929999999,13.7471269,0</coordinates></Point>
    </Placemark>
    <Placemark>
      <styleUrl>#cm4</styleUrl>
      <name>ทวีโชคหมูกะทะ สาขา13 ประชาชื่น</name>
      <description>⭐ 4.9 (4,000 รีวิว) · BBQ · จตุจักร · ฿฿
ลาดยาว, 50 ถนน เทศบาลรังรักษ์เหนือ Khwaeng Lat Yao, Khet Chatuchak, Krung Thep Maha Nakhon 10900, Thailand
https://www.google.com/maps/place/?q=place_id:ChIJq7RFvOyd4jARFRTFmHV3Fb8
ข้อมูลจาก ChefMinistry — chefministry.com</description>
      <ExtendedData>
        <Data name="rating"><value>4.9</value></Data>
        <Data name="reviews"><value>4000</value></Data>
        <Data name="cuisine"><value>BBQ</value></Data>
        <Data name="area"><value>จตุจักร</value></Data>
        <Data name="google_maps"><value>https://www.google.com/maps/place/?q=place_id:ChIJq7RFvOyd4jARFRTFmHV3Fb8</value></Data>
      </ExtendedData>
      <Point><coordinates>100.54305199999999,13.8450875,0</coordinates></Point>
    </Placemark>
    <Placemark>
      <styleUrl>#cm4</styleUrl>
      <name>Red Panda Yakiniku (Phaya Thai)</name>
      <description>⭐ 4.8 (3,488 รีวิว) · Yakiniku · Ratchathewi · ฿฿
55, 26-27 Phaya Thai Rd, Khwaeng Thanon Phaya Thai, Khet Ratchathewi, Krung Thep Maha Nakhon 10400, Thailand
https://www.google.com/maps/place/?q=place_id:ChIJO3UE-uCf4jARpBGCSmdYoZc
ข้อมูลจาก ChefMinistry — chefministry.com</description>
      <ExtendedData>
        <Data name="rating"><value>4.8</value></Data>
        <Data name="reviews"><value>3488</value></Data>
        <Data name="cuisine"><value>Yakiniku</value></Data>
        <Data name="area"><value>Ratchathewi</value></Data>
        <Data name="google_maps"><value>https://www.google.com/maps/place/?q=place_id:ChIJO3UE-uCf4jARpBGCSmdYoZc</value></Data>
      </ExtendedData>
      <Point><coordinates>100.53385910000002,13.7562211,0</coordinates></Point>
    </Placemark>
    <Placemark>
      <styleUrl>#cm4</styleUrl>
      <name>หมูกระทะ ไทยเลอ บาร์กริล</name>
      <description>⭐ 4.9 (3,071 รีวิว) · BBQ · Sathorn · ฿฿
Thanon Chan, Khwaeng Thung Wat Don, Khet Sathon, Krung Thep Maha Nakhon 10120, Thailand
https://www.google.com/maps/place/?q=place_id:ChIJ3Rppr1GZ4jAR4Tp2G8r0QW0
ข้อมูลจาก ChefMinistry — chefministry.com</description>
      <ExtendedData>
        <Data name="rating"><value>4.9</value></Data>
        <Data name="reviews"><value>3071</value></Data>
        <Data name="cuisine"><value>BBQ</value></Data>
        <Data name="area"><value>Sathorn</value></Data>
        <Data name="google_maps"><value>https://www.google.com/maps/place/?q=place_id:ChIJ3Rppr1GZ4jAR4Tp2G8r0QW0</value></Data>
      </ExtendedData>
      <Point><coordinates>100.5249699,13.706745399999999,0</coordinates></Point>
    </Placemark>
    <Placemark>
      <styleUrl>#cm4</styleUrl>
      <name>ขาหมูกระทะทอง (ต้มถั่ว) เจริญนคร</name>
      <description>⭐ 4.9 (2,384 รีวิว) · BBQ · บางลำภูล่าง · ฿
ติดปั้มเชลล์ 1347 Soi Luang Kosa, Khwaeng Bang Lamphu Lang, Khet Khlong San, Krung Thep Maha Nakhon 10600, Thailand
https://www.google.com/maps/place/?q=place_id:ChIJOdYqIjGZ4jARlWHdceourMA
ข้อมูลจาก ChefMinistry — chefministry.com</description>
      <ExtendedData>
        <Data name="rating"><value>4.9</value></Data>
        <Data name="reviews"><value>2384</value></Data>
        <Data name="cuisine"><value>BBQ</value></Data>
        <Data name="area"><value>บางลำภูล่าง</value></Data>
        <Data name="google_maps"><value>https://www.google.com/maps/place/?q=place_id:ChIJOdYqIjGZ4jARlWHdceourMA</value></Data>
      </ExtendedData>
      <Point><coordinates>100.507189,13.716527200000002,0</coordinates></Point>
    </Placemark>
    <Placemark>
      <styleUrl>#cm4</styleUrl>
      <name>HITORI SHABU</name>
      <description>⭐ 4.7 (2,678 รีวิว) · Hot Pot / Suki · Pathumwan · ฿฿
Siam Paragon, G Fl, 991 ถ. พระรามที่ 1 แขวงปทุมวัน เขตปทุมวัน กรุงเทพมหานคร 10330, Thailand
https://www.google.com/maps/place/?q=place_id:ChIJh4qCVaif4jAR3B7egKQp3Wc
ข้อมูลจาก ChefMinistry — chefministry.com</description>
      <ExtendedData>
        <Data name="rating"><value>4.7</value></Data>
        <Data name="reviews"><value>2678</value></Data>
        <Data name="cuisine"><value>Hot Pot / Suki</value></Data>
        <Data name="area"><value>Pathumwan</value></Data>
        <Data name="google_maps"><value>https://www.google.com/maps/place/?q=place_id:ChIJh4qCVaif4jAR3B7egKQp3Wc</value></Data>
      </ExtendedData>
      <Point><coordinates>100.5347102,13.7461299,0</coordinates></Point>
    </Placemark>
    <Placemark>
      <styleUrl>#cm4</styleUrl>
      <name>Renga Sukiyaki(เรนกะ)-ราชพฤกษ์</name>
      <description>⭐ 4.9 (2,198 รีวิว) · Hot Pot / Suki · ตลิ่งชัน · ฿฿
54 หมู่ที่ 13 Thanon Ratchaphruek, Khwaeng Bang Ramat, Khet Taling Chan, Krung Thep Maha Nakhon 10170, Thailand
https://www.google.com/maps/place/?q=place_id:ChIJ-dqBmOWZ4jARiz_NJWw9hHI
ข้อมูลจาก ChefMinistry — chefministry.com</description>
      <ExtendedData>
        <Data name="rating"><value>4.9</value></Data>
        <Data name="reviews"><value>2198</value></Data>
        <Data name="cuisine"><value>Hot Pot / Suki</value></Data>
        <Data name="area"><value>ตลิ่งชัน</value></Data>
        <Data name="google_maps"><value>https://www.google.com/maps/place/?q=place_id:ChIJ-dqBmOWZ4jARiz_NJWw9hHI</value></Data>
      </ExtendedData>
      <Point><coordinates>100.4449106,13.766756899999999,0</coordinates></Point>
    </Placemark>
    <Placemark>
      <styleUrl>#cm4</styleUrl>
      <name>แห้วซีฟู๊ด ปูดองหัวปลาหม้อไฟ พุทธมณฑลสาย 2</name>
      <description>⭐ 4.3 (2,830 รีวิว) · Hot Pot / Suki · Bang Khae · ฿฿
289 1 Thanon PhutthaMonthon Sai 2, Khwaeng Bang Phai, Khet Bang Khae, Krung Thep Maha Nakhon 10160, Thailand
https://www.google.com/maps/place/?q=place_id:ChIJv6tdnkOX4jARF4RUhhyAUzY
ข้อมูลจาก ChefMinistry — chefministry.com</description>
      <ExtendedData>
        <Data name="rating"><value>4.3</value></Data>
        <Data name="reviews"><value>2830</value></Data>
        <Data name="cuisine"><value>Hot Pot / Suki</value></Data>
        <Data name="area"><value>Bang Khae</value></Data>
        <Data name="google_maps"><value>https://www.google.com/maps/place/?q=place_id:ChIJv6tdnkOX4jARF4RUhhyAUzY</value></Data>
      </ExtendedData>
      <Point><coordinates>100.3953151,13.7323268,0</coordinates></Point>
    </Placemark>
    <Placemark>
      <styleUrl>#cm4</styleUrl>
      <name>ชูกริลล์ชาบู ถนนบรรทัดทอง</name>
      <description>⭐ 4.9 (1,650 รีวิว) · Hot Pot / Suki · Pathumwan · ฿฿
971, 973 Banthat Thong Rd, Khwaeng Wang Mai, Pathum Wan, Krung Thep Maha Nakhon 10330, Thailand
https://www.google.com/maps/place/?q=place_id:ChIJn55SMlGZ4jARQ9aHIusSCpc
ข้อมูลจาก ChefMinistry — chefministry.com</description>
      <ExtendedData>
        <Data name="rating"><value>4.9</value></Data>
        <Data name="reviews"><value>1650</value></Data>
        <Data name="cuisine"><value>Hot Pot / Suki</value></Data>
        <Data name="area"><value>Pathumwan</value></Data>
        <Data name="google_maps"><value>https://www.google.com/maps/place/?q=place_id:ChIJn55SMlGZ4jARQ9aHIusSCpc</value></Data>
      </ExtendedData>
      <Point><coordinates>100.5232235,13.743575199999999,0</coordinates></Point>
    </Placemark>
    <Placemark>
      <styleUrl>#cm4</styleUrl>
      <name>ตั้งใจปิ้ง หมูกระทะ (TANG JAI PING MOOKATA)</name>
      <description>⭐ 5.0 (1,527 รีวิว) · BBQ · Bangkapi · ฿฿
Ramkhamhaeng Rd, Khwaeng Hua Mak, Khet Bang Kapi, Krung Thep Maha Nakhon 10240, Thailand
https://www.google.com/maps/place/?q=place_id:ChIJi5Rdt6mf4jARfOXdeXB_St4
ข้อมูลจาก ChefMinistry — chefministry.com</description>
      <ExtendedData>
        <Data name="rating"><value>5.0</value></Data>
        <Data name="reviews"><value>1527</value></Data>
        <Data name="cuisine"><value>BBQ</value></Data>
        <Data name="area"><value>Bangkapi</value></Data>
        <Data name="google_maps"><value>https://www.google.com/maps/place/?q=place_id:ChIJi5Rdt6mf4jARfOXdeXB_St4</value></Data>
      </ExtendedData>
      <Point><coordinates>100.6143895,13.7545342,0</coordinates></Point>
    </Placemark>
    <Placemark>
      <styleUrl>#cm4</styleUrl>
      <name>ทุกวันหมูกระทะ</name>
      <description>⭐ 4.9 (1,262 รีวิว) · BBQ · Bangkapi · ฿฿
23 Soi Ramkhamhaeng 52, Khwaeng Hua Mak, Khet Bang Kapi, Krung Thep Maha Nakhon 10240, Thailand
https://www.google.com/maps/place/?q=place_id:ChIJK21OKolhHTERTPlDpOstk5o
ข้อมูลจาก ChefMinistry — chefministry.com</description>
      <ExtendedData>
        <Data name="rating"><value>4.9</value></Data>
        <Data name="reviews"><value>1262</value></Data>
        <Data name="cuisine"><value>BBQ</value></Data>
        <Data name="area"><value>Bangkapi</value></Data>
        <Data name="google_maps"><value>https://www.google.com/maps/place/?q=place_id:ChIJK21OKolhHTERTPlDpOstk5o</value></Data>
      </ExtendedData>
      <Point><coordinates>100.6433,13.759988799999999,0</coordinates></Point>
    </Placemark>
    <Placemark>
      <styleUrl>#cm4</styleUrl>
      <name>KURA Premium Yakiniku and Sushi 蔵</name>
      <description>⭐ 4.9 (1,207 รีวิว) · Yakiniku · Pathumwan · ฿฿
B104, 87 Room no VELAA AT SINDHORN VILLAGE 105 Soi Langsuan, Khwaeng Lumphini, Pathum Wan, Krung Thep Maha Nakhon 10330, Thailand
https://www.google.com/maps/place/?q=place_id:ChIJkwe2prCf4jARypVZbxGoV8c
ข้อมูลจาก ChefMinistry — chefministry.com</description>
      <ExtendedData>
        <Data name="rating"><value>4.9</value></Data>
        <Data name="reviews"><value>1207</value></Data>
        <Data name="cuisine"><value>Yakiniku</value></Data>
        <Data name="area"><value>Pathumwan</value></Data>
        <Data name="google_maps"><value>https://www.google.com/maps/place/?q=place_id:ChIJkwe2prCf4jARypVZbxGoV8c</value></Data>
      </ExtendedData>
      <Point><coordinates>100.5431568,13.7373633,0</coordinates></Point>
    </Placemark>
    <Placemark>
      <styleUrl>#cm4</styleUrl>
      <name>ร้าน คุณ ภัฐ หมูกะทะ</name>
      <description>⭐ 4.9 (1,134 รีวิว) · BBQ · Huai Khwang · ฿฿
5 Soi 20 Mithuna, Lane 16, Khwaeng Huai Khwang, Khet Huai Khwang, Krung Thep Maha Nakhon 10310, Thailand
https://www.google.com/maps/place/?q=place_id:ChIJt7SQBKyf4jAR_j9zUVbWG5M
ข้อมูลจาก ChefMinistry — chefministry.com</description>
      <ExtendedData>
        <Data name="rating"><value>4.9</value></Data>
        <Data name="reviews"><value>1134</value></Data>
        <Data name="cuisine"><value>BBQ</value></Data>
        <Data name="area"><value>Huai Khwang</value></Data>
        <Data name="google_maps"><value>https://www.google.com/maps/place/?q=place_id:ChIJt7SQBKyf4jAR_j9zUVbWG5M</value></Data>
      </ExtendedData>
      <Point><coordinates>100.58238569999999,13.784231,0</coordinates></Point>
    </Placemark>
    <Placemark>
      <styleUrl>#cm4</styleUrl>
      <name>ฟู่ฟู่ ไต้หวันนีส ชาบู บุฟเฟต์ สาขาพระราม 4</name>
      <description>⭐ 4.5 (1,382 รีวิว) · Hot Pot / Suki · Khlong Toei · ฿฿
3243/1 Thanon Rama IV, Khwaeng Khlong Tan, Khet Khlong Toei, Krung Thep Maha Nakhon 10110, Thailand
https://www.google.com/maps/place/?q=place_id:ChIJg7yG-wmf4jARRify9AbXuyA
ข้อมูลจาก ChefMinistry — chefministry.com</description>
      <ExtendedData>
        <Data name="rating"><value>4.5</value></Data>
        <Data name="reviews"><value>1382</value></Data>
        <Data name="cuisine"><value>Hot Pot / Suki</value></Data>
        <Data name="area"><value>Khlong Toei</value></Data>
        <Data name="google_maps"><value>https://www.google.com/maps/place/?q=place_id:ChIJg7yG-wmf4jARRify9AbXuyA</value></Data>
      </ExtendedData>
      <Point><coordinates>100.57424089999999,13.716124599999999,0</coordinates></Point>
    </Placemark>
    <Placemark>
      <styleUrl>#cm4</styleUrl>
      <name>ร้านหมูกระทะคุณภัฐ รามคำแหง 65 (สาขา8)</name>
      <description>⭐ 4.9 (1,017 รีวิว) · BBQ · Wang Thonglang · ฿฿
395/1 Khwaeng Phlabphla, Khet Wang Thonglang, Krung Thep Maha Nakhon 10310, Thailand
https://www.google.com/maps/place/?q=place_id:ChIJpXc-R25hHTERhoSM1znX8s8
ข้อมูลจาก ChefMinistry — chefministry.com</description>
      <ExtendedData>
        <Data name="rating"><value>4.9</value></Data>
        <Data name="reviews"><value>1017</value></Data>
        <Data name="cuisine"><value>BBQ</value></Data>
        <Data name="area"><value>Wang Thonglang</value></Data>
        <Data name="google_maps"><value>https://www.google.com/maps/place/?q=place_id:ChIJpXc-R25hHTERhoSM1znX8s8</value></Data>
      </ExtendedData>
      <Point><coordinates>100.6236412,13.766085299999999,0</coordinates></Point>
    </Placemark>
    <Placemark>
      <styleUrl>#cm4</styleUrl>
      <name>ชาบูคิง พระราม 9</name>
      <description>⭐ 4.8 (1,045 รีวิว) · Hot Pot / Suki · Bangkapi · ฿฿
29, Rama IX Soi 37, Khwaeng Hua Mak, Khet Bang Kapi, Krung Thep Maha Nakhon 10240, Thailand
https://www.google.com/maps/place/?q=place_id:ChIJM-YvBQCf4jARjL0EH6X511w
ข้อมูลจาก ChefMinistry — chefministry.com</description>
      <ExtendedData>
        <Data name="rating"><value>4.8</value></Data>
        <Data name="reviews"><value>1045</value></Data>
        <Data name="cuisine"><value>Hot Pot / Suki</value></Data>
        <Data name="area"><value>Bangkapi</value></Data>
        <Data name="google_maps"><value>https://www.google.com/maps/place/?q=place_id:ChIJM-YvBQCf4jARjL0EH6X511w</value></Data>
      </ExtendedData>
      <Point><coordinates>100.6097413,13.745496399999999,0</coordinates></Point>
    </Placemark>
    <Placemark>
      <styleUrl>#cm4</styleUrl>
      <name>Everyday Mookrata Silom</name>
      <description>⭐ 4.6 (1,204 รีวิว) · BBQ · Bang Rak · ฿฿
6 Thanon Naradhiwat Rajanagarindra, Khwaeng Suriya Wong, Khet Bang Rak, Krung Thep Maha Nakhon 10500, Thailand
https://www.google.com/maps/place/?q=place_id:ChIJVRjmztyZ4jARZqtMz-8SYso
ข้อมูลจาก ChefMinistry — chefministry.com</description>
      <ExtendedData>
        <Data name="rating"><value>4.6</value></Data>
        <Data name="reviews"><value>1204</value></Data>
        <Data name="cuisine"><value>BBQ</value></Data>
        <Data name="area"><value>Bang Rak</value></Data>
        <Data name="google_maps"><value>https://www.google.com/maps/place/?q=place_id:ChIJVRjmztyZ4jARZqtMz-8SYso</value></Data>
      </ExtendedData>
      <Point><coordinates>100.52708559999999,13.7276171,0</coordinates></Point>
    </Placemark>
    <Placemark>
      <styleUrl>#cm4</styleUrl>
      <name>ตั้งเตาส์หมูกระทะ-สาขาลาดพร้าววังหิน</name>
      <description>⭐ 4.7 (1,120 รีวิว) · BBQ · Lat Phrao · ฿฿
124/1 Thanon Lat Phrao Wanghin, Khwaeng Lat Phrao, Khet Lat Phrao, Krung Thep Maha Nakhon 10230, Thailand
https://www.google.com/maps/place/?q=place_id:ChIJv7orfj2d4jARaKVnKrSRtTs
ข้อมูลจาก ChefMinistry — chefministry.com</description>
      <ExtendedData>
        <Data name="rating"><value>4.7</value></Data>
        <Data name="reviews"><value>1120</value></Data>
        <Data name="cuisine"><value>BBQ</value></Data>
        <Data name="area"><value>Lat Phrao</value></Data>
        <Data name="google_maps"><value>https://www.google.com/maps/place/?q=place_id:ChIJv7orfj2d4jARaKVnKrSRtTs</value></Data>
      </ExtendedData>
      <Point><coordinates>100.59289109999999,13.803749999999999,0</coordinates></Point>
    </Placemark>
    <Placemark>
      <styleUrl>#cm4</styleUrl>
      <name>ยากินิคุ มาเอดะ</name>
      <description>⭐ 4.9 (897 รีวิว) · Yakiniku · วัฒนา · ฿฿
ห้องเลขที่ 307, Donki Mall Thonglor ชั้น 3, 107 Soi Sukhumvit 63, Khwaeng Khlong Tan Nuea, Watthana, Krung Thep Maha Nakhon 10110, Thailand
https://www.google.com/maps/place/?q=place_id:ChIJ0wVCuiWf4jAREmPzwT-sTLs
ข้อมูลจาก ChefMinistry — chefministry.com</description>
      <ExtendedData>
        <Data name="rating"><value>4.9</value></Data>
        <Data name="reviews"><value>897</value></Data>
        <Data name="cuisine"><value>Yakiniku</value></Data>
        <Data name="area"><value>วัฒนา</value></Data>
        <Data name="google_maps"><value>https://www.google.com/maps/place/?q=place_id:ChIJ0wVCuiWf4jAREmPzwT-sTLs</value></Data>
      </ExtendedData>
      <Point><coordinates>100.5856994,13.7307491,0</coordinates></Point>
    </Placemark>
    <Placemark>
      <styleUrl>#cm4</styleUrl>
      <name>ทวีโชคหมูกะทะ สาขา5 ลาดพร้าว101</name>
      <description>⭐ 4.8 (904 รีวิว) · BBQ · Wang Thonglang · ฿฿
729 142 Thanon Lat Phrao 101, Khlong Chaokhun Sing, Khet Wang Thonglang, Krung Thep Maha Nakhon 10310, Thailand
https://www.google.com/maps/place/?q=place_id:ChIJmfnRrgxjHTERk5jD9Tez3OY
ข้อมูลจาก ChefMinistry — chefministry.com</description>
      <ExtendedData>
        <Data name="rating"><value>4.8</value></Data>
        <Data name="reviews"><value>904</value></Data>
        <Data name="cuisine"><value>BBQ</value></Data>
        <Data name="area"><value>Wang Thonglang</value></Data>
        <Data name="google_maps"><value>https://www.google.com/maps/place/?q=place_id:ChIJmfnRrgxjHTERk5jD9Tez3OY</value></Data>
      </ExtendedData>
      <Point><coordinates>100.62905479999999,13.7875859,0</coordinates></Point>
    </Placemark>
    <Placemark>
      <styleUrl>#cm4</styleUrl>
      <name>นักล่าหมูกระทะ เอ็ม บี เค เซ็นเตอร์</name>
      <description>⭐ 4.5 (1,104 รีวิว) · BBQ · Phaya Thai · ฿฿
444 ถนน พญาไท อาคารมาบุญครองเซ็นเตอร์ ชั้น 2 Khwaeng Wang Mai, Pathum Wan, Krung Thep Maha Nakhon 10330, Thailand
https://www.google.com/maps/place/?q=place_id:ChIJeeNC_kuf4jARhbLMNYU8vJE
ข้อมูลจาก ChefMinistry — chefministry.com</description>
      <ExtendedData>
        <Data name="rating"><value>4.5</value></Data>
        <Data name="reviews"><value>1104</value></Data>
        <Data name="cuisine"><value>BBQ</value></Data>
        <Data name="area"><value>Phaya Thai</value></Data>
        <Data name="google_maps"><value>https://www.google.com/maps/place/?q=place_id:ChIJeeNC_kuf4jARhbLMNYU8vJE</value></Data>
      </ExtendedData>
      <Point><coordinates>100.53012489999999,13.743626700000002,0</coordinates></Point>
    </Placemark>
    <Placemark>
      <styleUrl>#cm4</styleUrl>
      <name>คุณเปิ้ล หมูกระทะ</name>
      <description>⭐ 4.3 (1,274 รีวิว) · BBQ · Huai Khwang · ฿฿
Soi 20 Mithuna, Lane 22, Khwaeng Huai Khwang, Khet Huai Khwang, Krung Thep Maha Nakhon 10310, Thailand
https://www.google.com/maps/place/?q=place_id:ChIJFeKmu9ad4jARwI77uT0Y5j8
ข้อมูลจาก ChefMinistry — chefministry.com</description>
      <ExtendedData>
        <Data name="rating"><value>4.3</value></Data>
        <Data name="reviews"><value>1274</value></Data>
        <Data name="cuisine"><value>BBQ</value></Data>
        <Data name="area"><value>Huai Khwang</value></Data>
        <Data name="google_maps"><value>https://www.google.com/maps/place/?q=place_id:ChIJFeKmu9ad4jARwI77uT0Y5j8</value></Data>
      </ExtendedData>
      <Point><coordinates>100.58168549999999,13.782363199999999,0</coordinates></Point>
    </Placemark>
    <Placemark>
      <styleUrl>#cm4</styleUrl>
      <name>Nabezo Premium (Central Embassy)</name>
      <description>⭐ 4.7 (945 รีวิว) · Hot Pot / Suki · Pathumwan · ฿฿
1453 Thanon Phloen Chit, Khwaeng Lumphini, Pathum Wan, Krung Thep Maha Nakhon 10330, Thailand
https://www.google.com/maps/place/?q=place_id:ChIJf00sotye4jARLb3Kl5oVXBE
ข้อมูลจาก ChefMinistry — chefministry.com</description>
      <ExtendedData>
        <Data name="rating"><value>4.7</value></Data>
        <Data name="reviews"><value>945</value></Data>
        <Data name="cuisine"><value>Hot Pot / Suki</value></Data>
        <Data name="area"><value>Pathumwan</value></Data>
        <Data name="google_maps"><value>https://www.google.com/maps/place/?q=place_id:ChIJf00sotye4jARLb3Kl5oVXBE</value></Data>
      </ExtendedData>
      <Point><coordinates>100.54677769999999,13.7439348,0</coordinates></Point>
    </Placemark>
    <Placemark>
      <styleUrl>#cm4</styleUrl>
      <name>FuFu Taiwanese Shabu Buffet - G Tower (Fl.2) ( ฟู่ฟู่ ไต้หวันนีส ชาบู บุฟเฟต์ สาขา จี ทาวเวอร์ พระราม9)</name>
      <description>⭐ 4.6 (987 รีวิว) · Hot Pot / Suki · ห้วยขวาง · ฿฿
อาคาร จี ทาวเวอร์ ชั้น 2 Rama IX Rd, Khwaeng Huai Khwang, Khet Huai Khwang, Krung Thep Maha Nakhon 10310, Thailand
https://www.google.com/maps/place/?q=place_id:ChIJc_gawAGc4jARt4ctf0679oE
ข้อมูลจาก ChefMinistry — chefministry.com</description>
      <ExtendedData>
        <Data name="rating"><value>4.6</value></Data>
        <Data name="reviews"><value>987</value></Data>
        <Data name="cuisine"><value>Hot Pot / Suki</value></Data>
        <Data name="area"><value>ห้วยขวาง</value></Data>
        <Data name="google_maps"><value>https://www.google.com/maps/place/?q=place_id:ChIJc_gawAGc4jARt4ctf0679oE</value></Data>
      </ExtendedData>
      <Point><coordinates>100.5659536,13.7571003,0</coordinates></Point>
    </Placemark>
    <Placemark>
      <styleUrl>#cm4</styleUrl>
      <name>พลาญชัย บาร์บีคิว</name>
      <description>⭐ 4.3 (1,193 รีวิว) · BBQ · ลาดพร้าว · ฿฿
136ถนน Chok Chai 4 Soi 54, Khwaeng Lat Phrao, Khet Lat Phrao, Krung Thep Maha Nakhon 10230, Thailand
https://www.google.com/maps/place/?q=place_id:ChIJyfH5IZmd4jARRgDzBCA4Xu0
ข้อมูลจาก ChefMinistry — chefministry.com</description>
      <ExtendedData>
        <Data name="rating"><value>4.3</value></Data>
        <Data name="reviews"><value>1193</value></Data>
        <Data name="cuisine"><value>BBQ</value></Data>
        <Data name="area"><value>ลาดพร้าว</value></Data>
        <Data name="google_maps"><value>https://www.google.com/maps/place/?q=place_id:ChIJyfH5IZmd4jARRgDzBCA4Xu0</value></Data>
      </ExtendedData>
      <Point><coordinates>100.60031529999999,13.815964099999999,0</coordinates></Point>
    </Placemark>
    <Placemark>
      <styleUrl>#cm4</styleUrl>
      <name>焼肉 広島 YAKINIKU HIROSHIMA</name>
      <description>⭐ 4.8 (763 รีวิว) · Yakiniku · Khlong Toei · ฿฿
Thailand, Krung Thep Maha Nakhon, Khlong Toei, Krung Thep Maha Nakhon, Sukhumvit 42 Rd, 300/4
https://www.google.com/maps/place/?q=place_id:ChIJG9G_GmOf4jAROP3hbTZtwWo
ข้อมูลจาก ChefMinistry — chefministry.com</description>
      <ExtendedData>
        <Data name="rating"><value>4.8</value></Data>
        <Data name="reviews"><value>763</value></Data>
        <Data name="cuisine"><value>Yakiniku</value></Data>
        <Data name="area"><value>Khlong Toei</value></Data>
        <Data name="google_maps"><value>https://www.google.com/maps/place/?q=place_id:ChIJG9G_GmOf4jAROP3hbTZtwWo</value></Data>
      </ExtendedData>
      <Point><coordinates>100.582821,13.710673799999999,0</coordinates></Point>
    </Placemark>
    <Placemark>
      <styleUrl>#cm4</styleUrl>
      <name>โอเค ชาบู ชาบู</name>
      <description>⭐ 4.4 (1,005 รีวิว) · Hot Pot / Suki · Watthana · ฿฿
9 3 Soi Sukhumvit 49/4, Khwaeng Khlong Tan Nuea, Watthana, Krung Thep Maha Nakhon 10110, Thailand
https://www.google.com/maps/place/?q=place_id:ChIJabDCHFWe4jAR8SCM2525qpg
ข้อมูลจาก ChefMinistry — chefministry.com</description>
      <ExtendedData>
        <Data name="rating"><value>4.4</value></Data>
        <Data name="reviews"><value>1005</value></Data>
        <Data name="cuisine"><value>Hot Pot / Suki</value></Data>
        <Data name="area"><value>Watthana</value></Data>
        <Data name="google_maps"><value>https://www.google.com/maps/place/?q=place_id:ChIJabDCHFWe4jAR8SCM2525qpg</value></Data>
      </ExtendedData>
      <Point><coordinates>100.5776022,13.7347802,0</coordinates></Point>
    </Placemark>
    <Placemark>
      <styleUrl>#cm4</styleUrl>
      <name>ชาบูเชน หลังเซ็นทรัลบางนา - Shabu Chain</name>
      <description>⭐ 4.4 (939 รีวิว) · Hot Pot / Suki · Bangna · ฿
5 Soi Bang Na-Trat 23, Khwaeng Bang Na, Khet Bang Na, Krung Thep Maha Nakhon 10260, Thailand
https://www.google.com/maps/place/?q=place_id:ChIJpZl6Tu9fHTERM_CinTjdoRE
ข้อมูลจาก ChefMinistry — chefministry.com</description>
      <ExtendedData>
        <Data name="rating"><value>4.4</value></Data>
        <Data name="reviews"><value>939</value></Data>
        <Data name="cuisine"><value>Hot Pot / Suki</value></Data>
        <Data name="area"><value>Bangna</value></Data>
        <Data name="google_maps"><value>https://www.google.com/maps/place/?q=place_id:ChIJpZl6Tu9fHTERM_CinTjdoRE</value></Data>
      </ExtendedData>
      <Point><coordinates>100.63456169999999,13.671784800000001,0</coordinates></Point>
    </Placemark>
    <Placemark>
      <styleUrl>#cm4</styleUrl>
      <name>กูรูกิว</name>
      <description>⭐ 4.4 (927 รีวิว) · Yakiniku · Phaya Thai · ฿฿
466, 5 Phahon Yothin Road, Khwaeng Samsen Nai, Khet Phaya Thai, Krung Thep Maha Nakhon 10400, Thailand
https://www.google.com/maps/place/?q=place_id:ChIJGUALWqae4jARdVf5Z-G9jVU
ข้อมูลจาก ChefMinistry — chefministry.com</description>
      <ExtendedData>
        <Data name="rating"><value>4.4</value></Data>
        <Data name="reviews"><value>927</value></Data>
        <Data name="cuisine"><value>Yakiniku</value></Data>
        <Data name="area"><value>Phaya Thai</value></Data>
        <Data name="google_maps"><value>https://www.google.com/maps/place/?q=place_id:ChIJGUALWqae4jARdVf5Z-G9jVU</value></Data>
      </ExtendedData>
      <Point><coordinates>100.54777370000001,13.787718199999999,0</coordinates></Point>
    </Placemark>
    <Placemark>
      <styleUrl>#cm4</styleUrl>
      <name>หมีสุขสุกี้ ชาบูบุฟเฟ่ต์ HOTPOT BUFFET</name>
      <description>⭐ 4.9 (605 รีวิว) · Hot Pot / Suki · Bangkok Noi · ฿฿
165/4-5 Thanon Somdet Phra Pin Klao, Khwaeng Arun Amarin, Khet Bangkok Noi, Krung Thep Maha Nakhon 10700, Thailand
https://www.google.com/maps/place/?q=place_id:ChIJDRMapriZ4jARYZHHKnQVPq0
ข้อมูลจาก ChefMinistry — chefministry.com</description>
      <ExtendedData>
        <Data name="rating"><value>4.9</value></Data>
        <Data name="reviews"><value>605</value></Data>
        <Data name="cuisine"><value>Hot Pot / Suki</value></Data>
        <Data name="area"><value>Bangkok Noi</value></Data>
        <Data name="google_maps"><value>https://www.google.com/maps/place/?q=place_id:ChIJDRMapriZ4jARYZHHKnQVPq0</value></Data>
      </ExtendedData>
      <Point><coordinates>100.4840408,13.770406,0</coordinates></Point>
    </Placemark>
    <Placemark>
      <styleUrl>#cm4</styleUrl>
      <name>เฮ หมูกระทะ</name>
      <description>⭐ 4.7 (638 รีวิว) · BBQ · Khlong San · ฿฿
240, 1 Soi Pho Suwan, Khwaeng Khlong Ton Sai, Khet Khlong San, Krung Thep Maha Nakhon 10600, Thailand
https://www.google.com/maps/place/?q=place_id:ChIJ-VzpB76Z4jAR4-J-cQtNoMM
ข้อมูลจาก ChefMinistry — chefministry.com</description>
      <ExtendedData>
        <Data name="rating"><value>4.7</value></Data>
        <Data name="reviews"><value>638</value></Data>
        <Data name="cuisine"><value>BBQ</value></Data>
        <Data name="area"><value>Khlong San</value></Data>
        <Data name="google_maps"><value>https://www.google.com/maps/place/?q=place_id:ChIJ-VzpB76Z4jAR4-J-cQtNoMM</value></Data>
      </ExtendedData>
      <Point><coordinates>100.50498689999999,13.7247351,0</coordinates></Point>
    </Placemark>
    <Placemark>
      <styleUrl>#cm4</styleUrl>
      <name>หมูกระทะ เฮง เฮง เฮง ตรอกจันทน์</name>
      <description>⭐ 4.3 (832 รีวิว) · BBQ · สาทร · ฿฿
442/10 ถนน จันทร์ Khwaeng Thung Wat Don, Khet Sathon, Krung Thep Maha Nakhon 10120, Thailand
https://www.google.com/maps/place/?q=place_id:ChIJ628iIL-Y4jARiSqIZmJ9Xig
ข้อมูลจาก ChefMinistry — chefministry.com</description>
      <ExtendedData>
        <Data name="rating"><value>4.3</value></Data>
        <Data name="reviews"><value>832</value></Data>
        <Data name="cuisine"><value>BBQ</value></Data>
        <Data name="area"><value>สาทร</value></Data>
        <Data name="google_maps"><value>https://www.google.com/maps/place/?q=place_id:ChIJ628iIL-Y4jARiSqIZmJ9Xig</value></Data>
      </ExtendedData>
      <Point><coordinates>100.51142209999999,13.7098391,0</coordinates></Point>
    </Placemark>
    <Placemark>
      <styleUrl>#cm4</styleUrl>
      <name>Yakin Yakiniku</name>
      <description>⭐ 4.8 (576 รีวิว) · Yakiniku · Pathumwan · ฿฿
428 Khwaeng Wang Mai, Pathum Wan, Krung Thep Maha Nakhon 10330, Thailand
https://www.google.com/maps/place/?q=place_id:ChIJWSEMOz2Z4jARf1hYxariXXc
ข้อมูลจาก ChefMinistry — chefministry.com</description>
      <ExtendedData>
        <Data name="rating"><value>4.8</value></Data>
        <Data name="reviews"><value>576</value></Data>
        <Data name="cuisine"><value>Yakiniku</value></Data>
        <Data name="area"><value>Pathumwan</value></Data>
        <Data name="google_maps"><value>https://www.google.com/maps/place/?q=place_id:ChIJWSEMOz2Z4jARf1hYxariXXc</value></Data>
      </ExtendedData>
      <Point><coordinates>100.5228946,13.7406936,0</coordinates></Point>
    </Placemark>
    <Placemark>
      <styleUrl>#cm4</styleUrl>
      <name>กินกันจังชาบู สาขาบางซ่อน (กรุงเทพ-นนท์ 36)</name>
      <description>⭐ 4.9 (536 รีวิว) · Hot Pot / Suki · Nonthaburi · ฿฿
1432 ถ. กรุงเทพ - นนทบุรี Khwaeng Bang Sue, Khet Bang Sue, Krung Thep Maha Nakhon 10800, Thailand
https://www.google.com/maps/place/?q=place_id:ChIJz_cpZQGd4jARXnVGG69QnFA
ข้อมูลจาก ChefMinistry — chefministry.com</description>
      <ExtendedData>
        <Data name="rating"><value>4.9</value></Data>
        <Data name="reviews"><value>536</value></Data>
        <Data name="cuisine"><value>Hot Pot / Suki</value></Data>
        <Data name="area"><value>Nonthaburi</value></Data>
        <Data name="google_maps"><value>https://www.google.com/maps/place/?q=place_id:ChIJz_cpZQGd4jARXnVGG69QnFA</value></Data>
      </ExtendedData>
      <Point><coordinates>100.5328004,13.8206549,0</coordinates></Point>
    </Placemark>
    <Placemark>
      <styleUrl>#cm4</styleUrl>
      <name>17 หมูกระทะ (รัชดา36)</name>
      <description>⭐ 4.9 (496 รีวิว) · BBQ · Chatuchak · ฿
243 Soi Ratchadaphisek 36, Lane 9-3, Khwaeng Chatuchak, Khet Chatuchak, Krung Thep Maha Nakhon 10900, Thailand
https://www.google.com/maps/place/?q=place_id:ChIJp6tQTNWd4jAREffrfTTQ9Uk
ข้อมูลจาก ChefMinistry — chefministry.com</description>
      <ExtendedData>
        <Data name="rating"><value>4.9</value></Data>
        <Data name="reviews"><value>496</value></Data>
        <Data name="cuisine"><value>BBQ</value></Data>
        <Data name="area"><value>Chatuchak</value></Data>
        <Data name="google_maps"><value>https://www.google.com/maps/place/?q=place_id:ChIJp6tQTNWd4jAREffrfTTQ9Uk</value></Data>
      </ExtendedData>
      <Point><coordinates>100.5819815,13.825461599999999,0</coordinates></Point>
    </Placemark>
    <Placemark>
      <styleUrl>#cm4</styleUrl>
      <name>Shabuku ชาบูกู - พรานนก ปิ่นเกล้า</name>
      <description>⭐ 4.7 (539 รีวิว) · Hot Pot / Suki · Bangkok Noi · ฿฿
2/9 กรมสวัสดิการทหารเรือ Thanon Itsaraphap, Khwaeng Ban Chang Lo, Khet Bangkok Noi, Krung Thep Maha Nakhon 10700, Thailand
https://www.google.com/maps/place/?q=place_id:ChIJjU0G06WZ4jAR1QawOBp8Ab8
ข้อมูลจาก ChefMinistry — chefministry.com</description>
      <ExtendedData>
        <Data name="rating"><value>4.7</value></Data>
        <Data name="reviews"><value>539</value></Data>
        <Data name="cuisine"><value>Hot Pot / Suki</value></Data>
        <Data name="area"><value>Bangkok Noi</value></Data>
        <Data name="google_maps"><value>https://www.google.com/maps/place/?q=place_id:ChIJjU0G06WZ4jAR1QawOBp8Ab8</value></Data>
      </ExtendedData>
      <Point><coordinates>100.4784895,13.751017,0</coordinates></Point>
    </Placemark>
    <Placemark>
      <styleUrl>#cm4</styleUrl>
      <name>Suki Masa</name>
      <description>⭐ 4.6 (569 รีวิว) · Hot Pot / Suki · Watthana · ฿฿
111, 1 Soi Thong Lo 5, Khwaeng Khlong Tan Nuea, Watthana, Krung Thep Maha Nakhon 10110, Thailand
https://www.google.com/maps/place/?q=place_id:ChIJB3JBiauf4jARcvqAEmwGkIM
ข้อมูลจาก ChefMinistry — chefministry.com</description>
      <ExtendedData>
        <Data name="rating"><value>4.6</value></Data>
        <Data name="reviews"><value>569</value></Data>
        <Data name="cuisine"><value>Hot Pot / Suki</value></Data>
        <Data name="area"><value>Watthana</value></Data>
        <Data name="google_maps"><value>https://www.google.com/maps/place/?q=place_id:ChIJB3JBiauf4jARcvqAEmwGkIM</value></Data>
      </ExtendedData>
      <Point><coordinates>100.5798099,13.728680500000001,0</coordinates></Point>
    </Placemark>
    <Placemark>
      <styleUrl>#cm4</styleUrl>
      <name>Saneh Mookrata เสน่ห์ หมูกระทะ</name>
      <description>⭐ 4.8 (477 รีวิว) · BBQ · Khlong Toei · ฿฿
38/9 Sukhumvit Soi 22, Klongtoey, Khet Khlong Toei, Krung Thep Maha Nakhon 10110, Thailand
https://www.google.com/maps/place/?q=place_id:ChIJ9fzYRfWf4jAR4QUKAwqlyZY
ข้อมูลจาก ChefMinistry — chefministry.com</description>
      <ExtendedData>
        <Data name="rating"><value>4.8</value></Data>
        <Data name="reviews"><value>477</value></Data>
        <Data name="cuisine"><value>BBQ</value></Data>
        <Data name="area"><value>Khlong Toei</value></Data>
        <Data name="google_maps"><value>https://www.google.com/maps/place/?q=place_id:ChIJ9fzYRfWf4jAR4QUKAwqlyZY</value></Data>
      </ExtendedData>
      <Point><coordinates>100.5650685,13.728829399999999,0</coordinates></Point>
    </Placemark>
    <Placemark>
      <styleUrl>#cm4</styleUrl>
      <name>IKKYU Yakinikudokoro</name>
      <description>⭐ 4.7 (499 รีวิว) · Yakiniku · คลองตัน · ฿฿
40 soi Thonglor 13 Sukhumvit 49 RD Klongton-Nua Wattana, แขวงคลองตัน เหนือ, กรุงเทพมหานคร 10110, Thailand
https://www.google.com/maps/place/?q=place_id:ChIJKXe8olSe4jARyrGWFNJD6Tk
ข้อมูลจาก ChefMinistry — chefministry.com</description>
      <ExtendedData>
        <Data name="rating"><value>4.7</value></Data>
        <Data name="reviews"><value>499</value></Data>
        <Data name="cuisine"><value>Yakiniku</value></Data>
        <Data name="area"><value>คลองตัน</value></Data>
        <Data name="google_maps"><value>https://www.google.com/maps/place/?q=place_id:ChIJKXe8olSe4jARyrGWFNJD6Tk</value></Data>
      </ExtendedData>
      <Point><coordinates>100.5796592,13.733961899999999,0</coordinates></Point>
    </Placemark>
    <Placemark>
      <styleUrl>#cm4</styleUrl>
      <name>ชาบูบ้านจันท์ สาขาเตาปูน</name>
      <description>⭐ 4.5 (559 รีวิว) · Hot Pot / Suki · Nonthaburi · ฿
351 ถ. กรุงเทพ - นนทบุรี Khwaeng Bang Sue, Khet Bang Sue, Krung Thep Maha Nakhon 10800, Thailand
https://www.google.com/maps/place/?q=place_id:ChIJdyk7QXac4jAR7okeAihKAdc
ข้อมูลจาก ChefMinistry — chefministry.com</description>
      <ExtendedData>
        <Data name="rating"><value>4.5</value></Data>
        <Data name="reviews"><value>559</value></Data>
        <Data name="cuisine"><value>Hot Pot / Suki</value></Data>
        <Data name="area"><value>Nonthaburi</value></Data>
        <Data name="google_maps"><value>https://www.google.com/maps/place/?q=place_id:ChIJdyk7QXac4jAR7okeAihKAdc</value></Data>
      </ExtendedData>
      <Point><coordinates>100.5311847,13.8106993,0</coordinates></Point>
    </Placemark>
    <Placemark>
      <styleUrl>#cm4</styleUrl>
      <name>SAN KYU YAKINIKU</name>
      <description>⭐ 4.3 (628 รีวิว) · Yakiniku · Watthana · ฿฿
28 Soi Sukhumvit 23, Khwaeng Khlong Toei Nuea, Watthana, Krung Thep Maha Nakhon 10110, Thailand
https://www.google.com/maps/place/?q=place_id:ChIJ8YNgTPue4jARJ68Q_BiQWAU
ข้อมูลจาก ChefMinistry — chefministry.com</description>
      <ExtendedData>
        <Data name="rating"><value>4.3</value></Data>
        <Data name="reviews"><value>628</value></Data>
        <Data name="cuisine"><value>Yakiniku</value></Data>
        <Data name="area"><value>Watthana</value></Data>
        <Data name="google_maps"><value>https://www.google.com/maps/place/?q=place_id:ChIJ8YNgTPue4jARJ68Q_BiQWAU</value></Data>
      </ExtendedData>
      <Point><coordinates>100.5635087,13.7399495,0</coordinates></Point>
    </Placemark>
    <Placemark>
      <styleUrl>#cm4</styleUrl>
      <name>OKE หมูกะทะ &amp; ชาบู</name>
      <description>⭐ 4.9 (382 รีวิว) · BBQ · Lat Phrao · ฿฿
244/3 ซอยลาดพร้าว122 พลับพลา Soi Ramkhamhaeng 65, Khwaeng Phlabphla, Khet Wang Thonglang, Krung Thep Maha Nakhon 10310, Thailand
https://www.google.com/maps/place/?q=place_id:ChIJp72usiRhHTEROblO0-fLNBk
ข้อมูลจาก ChefMinistry — chefministry.com</description>
      <ExtendedData>
        <Data name="rating"><value>4.9</value></Data>
        <Data name="reviews"><value>382</value></Data>
        <Data name="cuisine"><value>BBQ</value></Data>
        <Data name="area"><value>Lat Phrao</value></Data>
        <Data name="google_maps"><value>https://www.google.com/maps/place/?q=place_id:ChIJp72usiRhHTEROblO0-fLNBk</value></Data>
      </ExtendedData>
      <Point><coordinates>100.6219438,13.7702154,0</coordinates></Point>
    </Placemark>
    <Placemark>
      <styleUrl>#cm4</styleUrl>
      <name>บุญหนุน หมูกระทะ พุทธบูชา บางมด</name>
      <description>⭐ 4.9 (375 รีวิว) · BBQ · ทุ่งครุ · ฿฿
ซอย พุทธบูชา 39 บางมด, Khet Thung Khru, Krung Thep Maha Nakhon 10140, Thailand
https://www.google.com/maps/place/?q=place_id:ChIJJUjydhej4jARxCmjkZv5agY
ข้อมูลจาก ChefMinistry — chefministry.com</description>
      <ExtendedData>
        <Data name="rating"><value>4.9</value></Data>
        <Data name="reviews"><value>375</value></Data>
        <Data name="cuisine"><value>BBQ</value></Data>
        <Data name="area"><value>ทุ่งครุ</value></Data>
        <Data name="google_maps"><value>https://www.google.com/maps/place/?q=place_id:ChIJJUjydhej4jARxCmjkZv5agY</value></Data>
      </ExtendedData>
      <Point><coordinates>100.4829747,13.6528315,0</coordinates></Point>
    </Placemark>
    <Placemark>
      <styleUrl>#cm4</styleUrl>
      <name>เทรเชอร์ บีฟ ชาบู</name>
      <description>⭐ 4.4 (512 รีวิว) · Hot Pot / Suki · Huai Khwang · ฿฿
29 18-21 Rama IX Rd, Khwaeng Bang Kapi, Khet Huai Khwang, Krung Thep Maha Nakhon 10310, Thailand
https://www.google.com/maps/place/?q=place_id:ChIJvVcGfPWe4jARwLMaOHSMIEY
ข้อมูลจาก ChefMinistry — chefministry.com</description>
      <ExtendedData>
        <Data name="rating"><value>4.4</value></Data>
        <Data name="reviews"><value>512</value></Data>
        <Data name="cuisine"><value>Hot Pot / Suki</value></Data>
        <Data name="area"><value>Huai Khwang</value></Data>
        <Data name="google_maps"><value>https://www.google.com/maps/place/?q=place_id:ChIJvVcGfPWe4jARwLMaOHSMIEY</value></Data>
      </ExtendedData>
      <Point><coordinates>100.5741686,13.7532315,0</coordinates></Point>
    </Placemark>
    <Placemark>
      <styleUrl>#cm4</styleUrl>
      <name>SAN KYU PREMIUM YAKINIKU</name>
      <description>⭐ 4.3 (527 รีวิว) · Yakiniku · Watthana · ฿฿
5 3 Soi Sukhumvit 39, Khwaeng Khlong Toei Nuea, Watthana, Krung Thep Maha Nakhon 10110, Thailand
https://www.google.com/maps/place/?q=place_id:ChIJ0yRIaP-e4jAR1h-BJyI3TxQ
ข้อมูลจาก ChefMinistry — chefministry.com</description>
      <ExtendedData>
        <Data name="rating"><value>4.3</value></Data>
        <Data name="reviews"><value>527</value></Data>
        <Data name="cuisine"><value>Yakiniku</value></Data>
        <Data name="area"><value>Watthana</value></Data>
        <Data name="google_maps"><value>https://www.google.com/maps/place/?q=place_id:ChIJ0yRIaP-e4jAR1h-BJyI3TxQ</value></Data>
      </ExtendedData>
      <Point><coordinates>100.57374680000001,13.7370129,0</coordinates></Point>
    </Placemark>
    <Placemark>
      <styleUrl>#cm4</styleUrl>
      <name>หมูหมึกกุ้ง หมูกระทะ Rooftop</name>
      <description>⭐ 4.6 (418 รีวิว) · BBQ · พญาไท · ฿฿
466/32 ชั้น 5, โครงการ โครงการ เดอะฮับ, Phahon Yothin Road, Khwaeng Samsen Nai, Khet Phaya Thai, Krung Thep Maha Nakhon 10400, Thailand
https://www.google.com/maps/place/?q=place_id:ChIJG9Kc2JSd4jARcsyngJnkJpQ
ข้อมูลจาก ChefMinistry — chefministry.com</description>
      <ExtendedData>
        <Data name="rating"><value>4.6</value></Data>
        <Data name="reviews"><value>418</value></Data>
        <Data name="cuisine"><value>BBQ</value></Data>
        <Data name="area"><value>พญาไท</value></Data>
        <Data name="google_maps"><value>https://www.google.com/maps/place/?q=place_id:ChIJG9Kc2JSd4jARcsyngJnkJpQ</value></Data>
      </ExtendedData>
      <Point><coordinates>100.5481662,13.7874027,0</coordinates></Point>
    </Placemark>
    <Placemark>
      <styleUrl>#cm4</styleUrl>
      <name>นิคุโระ เนื้อย่างเตาถ่านสไตล์ญี่ปุ่น</name>
      <description>⭐ 4.7 (357 รีวิว) · Yakiniku · Phaya Thai · ฿฿
1639/5-6 Phahon Yothin Road, Phaya Thai, Khet Phaya Thai, Krung Thep Maha Nakhon 10400, Thailand
https://www.google.com/maps/place/?q=place_id:ChIJHU_xcByd4jARwY4CR60WJE0
ข้อมูลจาก ChefMinistry — chefministry.com</description>
      <ExtendedData>
        <Data name="rating"><value>4.7</value></Data>
        <Data name="reviews"><value>357</value></Data>
        <Data name="cuisine"><value>Yakiniku</value></Data>
        <Data name="area"><value>Phaya Thai</value></Data>
        <Data name="google_maps"><value>https://www.google.com/maps/place/?q=place_id:ChIJHU_xcByd4jARwY4CR60WJE0</value></Data>
      </ExtendedData>
      <Point><coordinates>100.55017169999999,13.7954954,0</coordinates></Point>
    </Placemark>
    <Placemark>
      <styleUrl>#cm4</styleUrl>
      <name>ชวนกินหมูกระทะ บรรทัดทอง</name>
      <description>⭐ 4.6 (367 รีวิว) · BBQ · Pathumwan · ฿฿
981 Banthat Thong Rd, Khwaeng Wang Mai, Pathum Wan, Krung Thep Maha Nakhon 10330, Thailand
https://www.google.com/maps/place/?q=place_id:ChIJxQCIniGZ4jARduevNHdAAxo
ข้อมูลจาก ChefMinistry — chefministry.com</description>
      <ExtendedData>
        <Data name="rating"><value>4.6</value></Data>
        <Data name="reviews"><value>367</value></Data>
        <Data name="cuisine"><value>BBQ</value></Data>
        <Data name="area"><value>Pathumwan</value></Data>
        <Data name="google_maps"><value>https://www.google.com/maps/place/?q=place_id:ChIJxQCIniGZ4jARduevNHdAAxo</value></Data>
      </ExtendedData>
      <Point><coordinates>100.5231982,13.7434449,0</coordinates></Point>
    </Placemark>
    <Placemark>
      <styleUrl>#cm4</styleUrl>
      <name>เปรมสุข หมูกระทะ</name>
      <description>⭐ 4.8 (304 รีวิว) · BBQ · Din Daeng · ฿
84 Soi Prem Sombat, Khwaeng Din Daeng, Khet Din Daeng, Krung Thep Maha Nakhon 10400, Thailand
https://www.google.com/maps/place/?q=place_id:ChIJjfHfCACf4jARcE0zoGlED-I
ข้อมูลจาก ChefMinistry — chefministry.com</description>
      <ExtendedData>
        <Data name="rating"><value>4.8</value></Data>
        <Data name="reviews"><value>304</value></Data>
        <Data name="cuisine"><value>BBQ</value></Data>
        <Data name="area"><value>Din Daeng</value></Data>
        <Data name="google_maps"><value>https://www.google.com/maps/place/?q=place_id:ChIJjfHfCACf4jARcE0zoGlED-I</value></Data>
      </ExtendedData>
      <Point><coordinates>100.5680503,13.7730497,0</coordinates></Point>
    </Placemark>
    <Placemark>
      <styleUrl>#cm4</styleUrl>
      <name>Areeya X PROUD Rooftop อารียา x พราว รูฟท็อป หมูกระทะ</name>
      <description>⭐ 4.5 (366 รีวิว) · BBQ · ดินแดง · ฿฿
อินทรามระ 26/2 ถ. รัชดาภิเษก Ratchadaphisek, Khet Din Daeng, Krung Thep Maha Nakhon 10400, Thailand
https://www.google.com/maps/place/?q=place_id:ChIJkeNDLrGd4jARxbCQac_M7Kw
ข้อมูลจาก ChefMinistry — chefministry.com</description>
      <ExtendedData>
        <Data name="rating"><value>4.5</value></Data>
        <Data name="reviews"><value>366</value></Data>
        <Data name="cuisine"><value>BBQ</value></Data>
        <Data name="area"><value>ดินแดง</value></Data>
        <Data name="google_maps"><value>https://www.google.com/maps/place/?q=place_id:ChIJkeNDLrGd4jARxbCQac_M7Kw</value></Data>
      </ExtendedData>
      <Point><coordinates>100.5683937,13.7888814,0</coordinates></Point>
    </Placemark>
    <Placemark>
      <styleUrl>#cm4</styleUrl>
      <name>Yakiniku Kemuri Japanese BBQ</name>
      <description>⭐ 4.9 (270 รีวิว) · Yakiniku · Watthana · ฿฿
155/8-9 Soi Sukhumvit 11/1, Khwaeng Khlong Toei Nuea, Watthana, Krung Thep Maha Nakhon 10110, Thailand
https://www.google.com/maps/place/?q=place_id:ChIJneucYqOf4jARDrhYqbfB5Mw
ข้อมูลจาก ChefMinistry — chefministry.com</description>
      <ExtendedData>
        <Data name="rating"><value>4.9</value></Data>
        <Data name="reviews"><value>270</value></Data>
        <Data name="cuisine"><value>Yakiniku</value></Data>
        <Data name="area"><value>Watthana</value></Data>
        <Data name="google_maps"><value>https://www.google.com/maps/place/?q=place_id:ChIJneucYqOf4jARDrhYqbfB5Mw</value></Data>
      </ExtendedData>
      <Point><coordinates>100.5567097,13.7402828,0</coordinates></Point>
    </Placemark>
    <Placemark>
      <styleUrl>#cm4</styleUrl>
      <name>Gyu-Ya Yakiniku The Street</name>
      <description>⭐ 4.5 (336 รีวิว) · Yakiniku · Din Daeng · ฿฿
139 Thanon Ratchadaphisek, Khwaeng Din Daeng, Khet Din Daeng, Krung Thep Maha Nakhon 10400, Thailand
https://www.google.com/maps/place/?q=place_id:ChIJE4YkvwCf4jARMO9wYCSzqvE
ข้อมูลจาก ChefMinistry — chefministry.com</description>
      <ExtendedData>
        <Data name="rating"><value>4.5</value></Data>
        <Data name="reviews"><value>336</value></Data>
        <Data name="cuisine"><value>Yakiniku</value></Data>
        <Data name="area"><value>Din Daeng</value></Data>
        <Data name="google_maps"><value>https://www.google.com/maps/place/?q=place_id:ChIJE4YkvwCf4jARMO9wYCSzqvE</value></Data>
      </ExtendedData>
      <Point><coordinates>100.57243229999999,13.7702753,0</coordinates></Point>
    </Placemark>
    <Placemark>
      <styleUrl>#cm4</styleUrl>
      <name>เอกมัยหมูกระทะ</name>
      <description>⭐ 4.6 (274 รีวิว) · BBQ · Watthana · ฿฿
392 Soi Om Sin Sena 3, Khwaeng Khlong Tan Nuea, Watthana, Krung Thep Maha Nakhon 10110, Thailand
https://www.google.com/maps/place/?q=place_id:ChIJ7_g6IWCf4jARCB15EZJY77A
ข้อมูลจาก ChefMinistry — chefministry.com</description>
      <ExtendedData>
        <Data name="rating"><value>4.6</value></Data>
        <Data name="reviews"><value>274</value></Data>
        <Data name="cuisine"><value>BBQ</value></Data>
        <Data name="area"><value>Watthana</value></Data>
        <Data name="google_maps"><value>https://www.google.com/maps/place/?q=place_id:ChIJ7_g6IWCf4jARCB15EZJY77A</value></Data>
      </ExtendedData>
      <Point><coordinates>100.5892865,13.7357654,0</coordinates></Point>
    </Placemark>
    <Placemark>
      <styleUrl>#cm4</styleUrl>
      <name>Lok Toi Hotpot and Gallery</name>
      <description>⭐ 5.0 (195 รีวิว) · Hot Pot / Suki · Bangkok · ฿฿
Lok Toi Hot Pot สโมสรหมู่บ้านธารารมณ์หัวหมาก Soi Ramkhamhaeng 43/1, Khwaeng Phlabphla, Khet Wang Thonglang, Krung Thep Maha Nakhon 10310, Thailand
https://www.google.com/maps/place/?q=place_id:ChIJ7x0R7NCf4jAR4V2TI4n_oCY
ข้อมูลจาก ChefMinistry — chefministry.com</description>
      <ExtendedData>
        <Data name="rating"><value>5.0</value></Data>
        <Data name="reviews"><value>195</value></Data>
        <Data name="cuisine"><value>Hot Pot / Suki</value></Data>
        <Data name="area"><value>Bangkok</value></Data>
        <Data name="google_maps"><value>https://www.google.com/maps/place/?q=place_id:ChIJ7x0R7NCf4jAR4V2TI4n_oCY</value></Data>
      </ExtendedData>
      <Point><coordinates>100.6142004,13.762586899999999,0</coordinates></Point>
    </Placemark>
    <Placemark>
      <styleUrl>#cm4</styleUrl>
      <name>SUKIISM</name>
      <description>⭐ 4.6 (92 รีวิว) · Hot Pot / Suki · Watthana · ฿฿
672 Sukhumvit Rd, Khwaeng Phra Khanong Nuea, Watthana, Krung Thep Maha Nakhon 10110, Thailand
https://www.google.com/maps/place/?q=place_id:ChIJyducUwCf4jARixAQsCygOiE
ข้อมูลจาก ChefMinistry — chefministry.com</description>
      <ExtendedData>
        <Data name="rating"><value>4.6</value></Data>
        <Data name="reviews"><value>92</value></Data>
        <Data name="cuisine"><value>Hot Pot / Suki</value></Data>
        <Data name="area"><value>Watthana</value></Data>
        <Data name="google_maps"><value>https://www.google.com/maps/place/?q=place_id:ChIJyducUwCf4jARixAQsCygOiE</value></Data>
      </ExtendedData>
      <Point><coordinates>100.5891996,13.725557499999999,0</coordinates></Point>
    </Placemark>
  </Folder>
  <Style id="cm5"><IconStyle><color>ffb37cff</color><Icon><href>http://maps.google.com/mapfiles/kml/shapes/dining.png</href></Icon></IconStyle></Style>
  <Folder>
    <name>🍣 ญี่ปุ่น</name>
    <Placemark>
      <styleUrl>#cm5</styleUrl>
      <name>ซูชินะ ฟอร์จูนทาวน์</name>
      <description>⭐ 4.9 (3,276 รีวิว) · Japanese · Rama 9 · ฿฿
ชั้น1, หน้าโรงแรม​ AVANI​ ตรงข้ามธนาคารกรุงศรี, ศูนย์การค้าฟอร์จูนทาวน์, 5 Thanon Ratchadaphisek, Khwaeng Din Daeng, Khet Din Daeng, Krung Thep Maha Nakhon 10400, Thailand
https://www.google.com/maps/place/?q=place_id:ChIJb7Wy5Qmf4jAReLw9TOEaY7g
ข้อมูลจาก ChefMinistry — chefministry.com</description>
      <ExtendedData>
        <Data name="rating"><value>4.9</value></Data>
        <Data name="reviews"><value>3276</value></Data>
        <Data name="cuisine"><value>Japanese</value></Data>
        <Data name="area"><value>Rama 9</value></Data>
        <Data name="google_maps"><value>https://www.google.com/maps/place/?q=place_id:ChIJb7Wy5Qmf4jAReLw9TOEaY7g</value></Data>
      </ExtendedData>
      <Point><coordinates>100.56486249999999,13.7570742,0</coordinates></Point>
    </Placemark>
    <Placemark>
      <styleUrl>#cm5</styleUrl>
      <name>505 HOUSE (5 O 5 ハウス)</name>
      <description>⭐ 5.0 (1,366 รีวิว) · Japanese · Lat Phrao · ฿฿
75 Thanon Prasert-Manukitch 29, Khwaeng Chorakhe Bua, Khet Lat Phrao, Krung Thep Maha Nakhon 10230, Thailand
https://www.google.com/maps/place/?q=place_id:ChIJ0TSZeQBjHTER3vTaELmQfHI
ข้อมูลจาก ChefMinistry — chefministry.com</description>
      <ExtendedData>
        <Data name="rating"><value>5.0</value></Data>
        <Data name="reviews"><value>1366</value></Data>
        <Data name="cuisine"><value>Japanese</value></Data>
        <Data name="area"><value>Lat Phrao</value></Data>
        <Data name="google_maps"><value>https://www.google.com/maps/place/?q=place_id:ChIJ0TSZeQBjHTER3vTaELmQfHI</value></Data>
      </ExtendedData>
      <Point><coordinates>100.6212161,13.844622699999999,0</coordinates></Point>
    </Placemark>
    <Placemark>
      <styleUrl>#cm5</styleUrl>
      <name>SUSHIRO THAILAND Central Plaza Grand Rama 9</name>
      <description>⭐ 4.4 (1,542 รีวิว) · Japanese · Rama 9 · ฿฿
เลขที่ห้อง 630, 631/2 ชั้นที่ 6, 9/9 Rama IX Rd, Khwaeng Huai Khwang, Khet Huai Khwang, Krung Thep Maha Nakhon 10320, Thailand
https://www.google.com/maps/place/?q=place_id:ChIJ1QSVleGf4jARvlb9zH6VzE4
ข้อมูลจาก ChefMinistry — chefministry.com</description>
      <ExtendedData>
        <Data name="rating"><value>4.4</value></Data>
        <Data name="reviews"><value>1542</value></Data>
        <Data name="cuisine"><value>Japanese</value></Data>
        <Data name="area"><value>Rama 9</value></Data>
        <Data name="google_maps"><value>https://www.google.com/maps/place/?q=place_id:ChIJ1QSVleGf4jARvlb9zH6VzE4</value></Data>
      </ExtendedData>
      <Point><coordinates>100.5664461,13.7594251,0</coordinates></Point>
    </Placemark>
    <Placemark>
      <styleUrl>#cm5</styleUrl>
      <name>Umeshuthai Sukhumvit 45 梅酒タイ スクンビット 和食堂・梅酒バー | Japanese Restaurant and Umeshu Bar</name>
      <description>⭐ 4.7 (1,194 รีวิว) · Japanese · Watthana · ฿
835 Sukhumvit Rd, Khwaeng Khlong Tan Nuea, Watthana, Krung Thep Maha Nakhon 10110, Thailand
https://www.google.com/maps/place/?q=place_id:ChIJN6RJi8Wf4jARIJvN-HeTQCY
ข้อมูลจาก ChefMinistry — chefministry.com</description>
      <ExtendedData>
        <Data name="rating"><value>4.7</value></Data>
        <Data name="reviews"><value>1194</value></Data>
        <Data name="cuisine"><value>Japanese</value></Data>
        <Data name="area"><value>Watthana</value></Data>
        <Data name="google_maps"><value>https://www.google.com/maps/place/?q=place_id:ChIJN6RJi8Wf4jARIJvN-HeTQCY</value></Data>
      </ExtendedData>
      <Point><coordinates>100.5736684,13.727841999999999,0</coordinates></Point>
    </Placemark>
    <Placemark>
      <styleUrl>#cm5</styleUrl>
      <name>Washoku Aji</name>
      <description>⭐ 4.5 (1,068 รีวิว) · Japanese · Sukhumvit · ฿฿
78/2 Soi Sukhumvit 63, Khwaeng Phra Khanong Nuea, Watthana, Krung Thep Maha Nakhon 10110, Thailand
https://www.google.com/maps/place/?q=place_id:ChIJ76Xr-K2f4jAR6gpk84MxrNM
ข้อมูลจาก ChefMinistry — chefministry.com</description>
      <ExtendedData>
        <Data name="rating"><value>4.5</value></Data>
        <Data name="reviews"><value>1068</value></Data>
        <Data name="cuisine"><value>Japanese</value></Data>
        <Data name="area"><value>Sukhumvit</value></Data>
        <Data name="google_maps"><value>https://www.google.com/maps/place/?q=place_id:ChIJ76Xr-K2f4jAR6gpk84MxrNM</value></Data>
      </ExtendedData>
      <Point><coordinates>100.58584909999999,13.7268025,0</coordinates></Point>
    </Placemark>
    <Placemark>
      <styleUrl>#cm5</styleUrl>
      <name>Washoku Aji</name>
      <description>⭐ 4.5 (1,068 รีวิว) · Japanese · Ekkamai · ฿฿
78/2 Soi Sukhumvit 63, Khwaeng Phra Khanong Nuea, Watthana, Krung Thep Maha Nakhon 10110, Thailand
https://www.google.com/maps/place/?q=place_id:ChIJ76Xr-K2f4jAR6gpk84MxrNM
ข้อมูลจาก ChefMinistry — chefministry.com</description>
      <ExtendedData>
        <Data name="rating"><value>4.5</value></Data>
        <Data name="reviews"><value>1068</value></Data>
        <Data name="cuisine"><value>Japanese</value></Data>
        <Data name="area"><value>Ekkamai</value></Data>
        <Data name="google_maps"><value>https://www.google.com/maps/place/?q=place_id:ChIJ76Xr-K2f4jAR6gpk84MxrNM</value></Data>
      </ExtendedData>
      <Point><coordinates>100.58584909999999,13.7268025,0</coordinates></Point>
    </Placemark>
    <Placemark>
      <styleUrl>#cm5</styleUrl>
      <name>Taishoken Ramen</name>
      <description>⭐ 4.5 (696 รีวิว) · Japanese · Thonglor · ฿฿
ชั้น 1, Fifty Fifth, 90 Soi Thong Lo, Khwaeng Khlong Tan Nuea, Watthana, Krung Thep Maha Nakhon 10110, Thailand
https://www.google.com/maps/place/?q=place_id:ChIJM-ixT62f4jARkSl5E-sZnh0
ข้อมูลจาก ChefMinistry — chefministry.com</description>
      <ExtendedData>
        <Data name="rating"><value>4.5</value></Data>
        <Data name="reviews"><value>696</value></Data>
        <Data name="cuisine"><value>Japanese</value></Data>
        <Data name="area"><value>Thonglor</value></Data>
        <Data name="google_maps"><value>https://www.google.com/maps/place/?q=place_id:ChIJM-ixT62f4jARkSl5E-sZnh0</value></Data>
      </ExtendedData>
      <Point><coordinates>100.5802216,13.7260943,0</coordinates></Point>
    </Placemark>
    <Placemark>
      <styleUrl>#cm5</styleUrl>
      <name>ISHII KATSU อิชิอิ คัตสึ</name>
      <description>⭐ 5.0 (433 รีวิว) · Japanese Katsu · Khan Na Yao · ฿฿
121, 40 Soi Rarm Intra 103/2, Khwaeng Khan Na Yao, Khet Khan Na Yao, Krung Thep Maha Nakhon 10230, Thailand
https://www.google.com/maps/place/?q=place_id:ChIJTcKzfcFjHTERFnoTefhRUKk
ข้อมูลจาก ChefMinistry — chefministry.com</description>
      <ExtendedData>
        <Data name="rating"><value>5.0</value></Data>
        <Data name="reviews"><value>433</value></Data>
        <Data name="cuisine"><value>Japanese Katsu</value></Data>
        <Data name="area"><value>Khan Na Yao</value></Data>
        <Data name="google_maps"><value>https://www.google.com/maps/place/?q=place_id:ChIJTcKzfcFjHTERFnoTefhRUKk</value></Data>
      </ExtendedData>
      <Point><coordinates>100.68697619999999,13.815904699999999,0</coordinates></Point>
    </Placemark>
    <Placemark>
      <styleUrl>#cm5</styleUrl>
      <name>Nen (念) Rama 9 - Modern Japanese Homecook</name>
      <description>⭐ 4.9 (372 รีวิว) · Japanese · Suan Luang · ฿฿
23 Rama 9 Soi 41 Suanluang Khet Suan Luang, Krung Thep Maha Nakhon 10250, Thailand
https://www.google.com/maps/place/?q=place_id:ChIJNbOjbhdhHTERusIOByPajHg
ข้อมูลจาก ChefMinistry — chefministry.com</description>
      <ExtendedData>
        <Data name="rating"><value>4.9</value></Data>
        <Data name="reviews"><value>372</value></Data>
        <Data name="cuisine"><value>Japanese</value></Data>
        <Data name="area"><value>Suan Luang</value></Data>
        <Data name="google_maps"><value>https://www.google.com/maps/place/?q=place_id:ChIJNbOjbhdhHTERusIOByPajHg</value></Data>
      </ExtendedData>
      <Point><coordinates>100.6245337,13.7441514,0</coordinates></Point>
    </Placemark>
    <Placemark>
      <styleUrl>#cm5</styleUrl>
      <name>Osaka Ohsho</name>
      <description>⭐ 4.4 (442 รีวิว) · Japanese · Thonglor · ฿฿
The Fifty Fifth Plaza 90 ซอยทองหล่อ 2 Soi Thong Lo, Khwaeng Khlong Tan Nuea, Watthana, Krung Thep Maha Nakhon 10110, Thailand
https://www.google.com/maps/place/?q=place_id:ChIJm3Uks66f4jARTVpWzf_BQJI
ข้อมูลจาก ChefMinistry — chefministry.com</description>
      <ExtendedData>
        <Data name="rating"><value>4.4</value></Data>
        <Data name="reviews"><value>442</value></Data>
        <Data name="cuisine"><value>Japanese</value></Data>
        <Data name="area"><value>Thonglor</value></Data>
        <Data name="google_maps"><value>https://www.google.com/maps/place/?q=place_id:ChIJm3Uks66f4jARTVpWzf_BQJI</value></Data>
      </ExtendedData>
      <Point><coordinates>100.58029259999999,13.7261138,0</coordinates></Point>
    </Placemark>
    <Placemark>
      <styleUrl>#cm5</styleUrl>
      <name>Noomjad.bkk</name>
      <description>⭐ 4.5 (332 รีวิว) · Japanese · Rama 9 · ฿฿
ชั้น G, อาคาร จี ทาวเวอร์ 309 Rama IX Rd, Khwaeng Huai Khwang, Khet Huai Khwang, Krung Thep Maha Nakhon 10310, Thailand
https://www.google.com/maps/place/?q=place_id:ChIJ9bfL-faf4jARgGCGo5x9CIs
ข้อมูลจาก ChefMinistry — chefministry.com</description>
      <ExtendedData>
        <Data name="rating"><value>4.5</value></Data>
        <Data name="reviews"><value>332</value></Data>
        <Data name="cuisine"><value>Japanese</value></Data>
        <Data name="area"><value>Rama 9</value></Data>
        <Data name="google_maps"><value>https://www.google.com/maps/place/?q=place_id:ChIJ9bfL-faf4jARgGCGo5x9CIs</value></Data>
      </ExtendedData>
      <Point><coordinates>100.5659539,13.757092,0</coordinates></Point>
    </Placemark>
    <Placemark>
      <styleUrl>#cm5</styleUrl>
      <name>Ippudo</name>
      <description>⭐ 4.3 (234 รีวิว) · Japanese · Rama 9 · ฿฿
อาคารศูนย์การค้า เซ็นทรัล, Rama IX Rd, Khwaeng Huai Khwang, Khet Huai Khwang, Krung Thep Maha Nakhon 10310, Thailand
https://www.google.com/maps/place/?q=place_id:ChIJK4TIpf6f4jARaZg1cUnursY
ข้อมูลจาก ChefMinistry — chefministry.com</description>
      <ExtendedData>
        <Data name="rating"><value>4.3</value></Data>
        <Data name="reviews"><value>234</value></Data>
        <Data name="cuisine"><value>Japanese</value></Data>
        <Data name="area"><value>Rama 9</value></Data>
        <Data name="google_maps"><value>https://www.google.com/maps/place/?q=place_id:ChIJK4TIpf6f4jARaZg1cUnursY</value></Data>
      </ExtendedData>
      <Point><coordinates>100.5663313,13.7585863,0</coordinates></Point>
    </Placemark>
    <Placemark>
      <styleUrl>#cm5</styleUrl>
      <name>SUMIKOYA YATAI izakaya</name>
      <description>⭐ 4.9 (120 รีวิว) · Japanese · Khan Na Yao · ฿฿
111 Ram Intra 62, Khwaeng Ram Inthra, Khet Khan Na Yao, Krung Thep Maha Nakhon 10230, Thailand
https://www.google.com/maps/place/?q=place_id:ChIJ3cvz9Y9jHTERiXzHpA1JK2I
ข้อมูลจาก ChefMinistry — chefministry.com</description>
      <ExtendedData>
        <Data name="rating"><value>4.9</value></Data>
        <Data name="reviews"><value>120</value></Data>
        <Data name="cuisine"><value>Japanese</value></Data>
        <Data name="area"><value>Khan Na Yao</value></Data>
        <Data name="google_maps"><value>https://www.google.com/maps/place/?q=place_id:ChIJ3cvz9Y9jHTERiXzHpA1JK2I</value></Data>
      </ExtendedData>
      <Point><coordinates>100.6617912,13.8215661,0</coordinates></Point>
    </Placemark>
    <Placemark>
      <styleUrl>#cm5</styleUrl>
      <name>Kinniku Gyudon พัฒนาการ</name>
      <description>⭐ 4.6 (82 รีวิว) · Japanese · Bangkok · ฿฿
207, 91 เมืองทองนิเวศน์, Khwaeng Prawet, Khet Prawet, Krung Thep Maha Nakhon 10250, Thailand
https://www.google.com/maps/place/?q=place_id:ChIJ10cdPABhHTERw5FMn88tHj4
ข้อมูลจาก ChefMinistry — chefministry.com</description>
      <ExtendedData>
        <Data name="rating"><value>4.6</value></Data>
        <Data name="reviews"><value>82</value></Data>
        <Data name="cuisine"><value>Japanese</value></Data>
        <Data name="area"><value>Bangkok</value></Data>
        <Data name="google_maps"><value>https://www.google.com/maps/place/?q=place_id:ChIJ10cdPABhHTERw5FMn88tHj4</value></Data>
      </ExtendedData>
      <Point><coordinates>100.65672389999999,13.727844999999999,0</coordinates></Point>
    </Placemark>
    <Placemark>
      <styleUrl>#cm5</styleUrl>
      <name>Shabubu Thonglor</name>
      <description>⭐ 4.6 (68 รีวิว) · Japanese · Watthana · ฿฿
125/1 Soi Sukhumvit 63, ถนน เอกมัย แขวงคลองตันเหนือ เขตวัฒนา กรุงเทพมหานคร 10110, Thailand
https://www.google.com/maps/place/?q=place_id:ChIJ_YXXNNuf4jAR2GLwNOWdCHE
ข้อมูลจาก ChefMinistry — chefministry.com</description>
      <ExtendedData>
        <Data name="rating"><value>4.6</value></Data>
        <Data name="reviews"><value>68</value></Data>
        <Data name="cuisine"><value>Japanese</value></Data>
        <Data name="area"><value>Watthana</value></Data>
        <Data name="google_maps"><value>https://www.google.com/maps/place/?q=place_id:ChIJ_YXXNNuf4jAR2GLwNOWdCHE</value></Data>
      </ExtendedData>
      <Point><coordinates>100.5844393,13.7313003,0</coordinates></Point>
    </Placemark>
  </Folder>
  <Style id="cm6"><IconStyle><color>ff7cc0ff</color><Icon><href>http://maps.google.com/mapfiles/kml/shapes/dining.png</href></Icon></IconStyle></Style>
  <Folder>
    <name>🇰🇷 เกาหลี</name>
    <Placemark>
      <styleUrl>#cm6</styleUrl>
      <name>ซัม กยอบ ซัล</name>
      <description>⭐ 4.9 (11,538 รีวิว) · Korean · Huai Khwang · ฿฿
410, 115-116 Soi Ratchadaphisek 22, Khwaeng Samsen Nok, Khet Huai Khwang, Krung Thep Maha Nakhon 10310, Thailand
https://www.google.com/maps/place/?q=place_id:ChIJB9aS3l2d4jARZXTLifLjZrQ
ข้อมูลจาก ChefMinistry — chefministry.com</description>
      <ExtendedData>
        <Data name="rating"><value>4.9</value></Data>
        <Data name="reviews"><value>11538</value></Data>
        <Data name="cuisine"><value>Korean</value></Data>
        <Data name="area"><value>Huai Khwang</value></Data>
        <Data name="google_maps"><value>https://www.google.com/maps/place/?q=place_id:ChIJB9aS3l2d4jARZXTLifLjZrQ</value></Data>
      </ExtendedData>
      <Point><coordinates>100.5752419,13.7971595,0</coordinates></Point>
    </Placemark>
    <Placemark>
      <styleUrl>#cm6</styleUrl>
      <name>Hongdae Buffet Siam Square One</name>
      <description>⭐ 4.8 (5,953 รีวิว) · Korean · Pathumwan · ฿฿
Unit SS 5018 - 19, 388 Rama I Rd, Khwaeng Pathum Wan, Pathum Wan, Krung Thep Maha Nakhon 10330, Thailand
https://www.google.com/maps/place/?q=place_id:ChIJkSRYFdKe4jARHuKV60eqRT4
ข้อมูลจาก ChefMinistry — chefministry.com</description>
      <ExtendedData>
        <Data name="rating"><value>4.8</value></Data>
        <Data name="reviews"><value>5953</value></Data>
        <Data name="cuisine"><value>Korean</value></Data>
        <Data name="area"><value>Pathumwan</value></Data>
        <Data name="google_maps"><value>https://www.google.com/maps/place/?q=place_id:ChIJkSRYFdKe4jARHuKV60eqRT4</value></Data>
      </ExtendedData>
      <Point><coordinates>100.53401079999999,13.7450867,0</coordinates></Point>
    </Placemark>
    <Placemark>
      <styleUrl>#cm6</styleUrl>
      <name>มันจอมเอ ปิ้งย่างเกาหลี</name>
      <description>⭐ 4.9 (5,469 รีวิว) · Korean · Phaya Thai · ฿฿
89/70 Room A6 CocoWalk Ratchathewi, ถ. พญาไท แขวงถนนเพชรบุรี Rajthawei, กรุงเทพมหานคร 10400, Thailand
https://www.google.com/maps/place/?q=place_id:ChIJRf8ELbOf4jARF2dtNc45Xyg
ข้อมูลจาก ChefMinistry — chefministry.com</description>
      <ExtendedData>
        <Data name="rating"><value>4.9</value></Data>
        <Data name="reviews"><value>5469</value></Data>
        <Data name="cuisine"><value>Korean</value></Data>
        <Data name="area"><value>Phaya Thai</value></Data>
        <Data name="google_maps"><value>https://www.google.com/maps/place/?q=place_id:ChIJRf8ELbOf4jARF2dtNc45Xyg</value></Data>
      </ExtendedData>
      <Point><coordinates>100.53232899999999,13.751441799999998,0</coordinates></Point>
    </Placemark>
    <Placemark>
      <styleUrl>#cm6</styleUrl>
      <name>กังนัมบาร์บีคิว ลาดกระบัง</name>
      <description>⭐ 4.8 (5,530 รีวิว) · Korean · Lat Krabang · ฿฿
1529 Soi Khum Lamphai, Khwaeng Lat Krabang, Khet Lat Krabang, Krung Thep Maha Nakhon 10520, Thailand
https://www.google.com/maps/place/?q=place_id:ChIJ-y1HTrRnHTERJ2y9ZPgPXwg
ข้อมูลจาก ChefMinistry — chefministry.com</description>
      <ExtendedData>
        <Data name="rating"><value>4.8</value></Data>
        <Data name="reviews"><value>5530</value></Data>
        <Data name="cuisine"><value>Korean</value></Data>
        <Data name="area"><value>Lat Krabang</value></Data>
        <Data name="google_maps"><value>https://www.google.com/maps/place/?q=place_id:ChIJ-y1HTrRnHTERJ2y9ZPgPXwg</value></Data>
      </ExtendedData>
      <Point><coordinates>100.76427969999999,13.7227632,0</coordinates></Point>
    </Placemark>
    <Placemark>
      <styleUrl>#cm6</styleUrl>
      <name>โกกิเนมเซ สามย่าน</name>
      <description>⭐ 4.9 (4,223 รีวิว) · Korean · Pathumwan · ฿฿
280 Soi Chulalongkorn 11, Khwaeng Wang Mai, Pathum Wan, Krung Thep Maha Nakhon 10330, Thailand
https://www.google.com/maps/place/?q=place_id:ChIJNWyyyluZ4jAR8xE_xu7adaw
ข้อมูลจาก ChefMinistry — chefministry.com</description>
      <ExtendedData>
        <Data name="rating"><value>4.9</value></Data>
        <Data name="reviews"><value>4223</value></Data>
        <Data name="cuisine"><value>Korean</value></Data>
        <Data name="area"><value>Pathumwan</value></Data>
        <Data name="google_maps"><value>https://www.google.com/maps/place/?q=place_id:ChIJNWyyyluZ4jAR8xE_xu7adaw</value></Data>
      </ExtendedData>
      <Point><coordinates>100.52595679999999,13.7344808,0</coordinates></Point>
    </Placemark>
    <Placemark>
      <styleUrl>#cm6</styleUrl>
      <name>Bornga Thailand</name>
      <description>⭐ 4.8 (4,149 รีวิว) · Korean · วัฒนา · ฿฿
ชั้น 2, บูเลอวาร์ด ทาวเวอร์, Soi Sukhumvit 39, Khwaeng Khlong Tan Nuea, Watthana, Krung Thep Maha Nakhon 10110, Thailand
https://www.google.com/maps/place/?q=place_id:ChIJbY7gF8Of4jARFyzLUFoqsuQ
ข้อมูลจาก ChefMinistry — chefministry.com</description>
      <ExtendedData>
        <Data name="rating"><value>4.8</value></Data>
        <Data name="reviews"><value>4149</value></Data>
        <Data name="cuisine"><value>Korean</value></Data>
        <Data name="area"><value>วัฒนา</value></Data>
        <Data name="google_maps"><value>https://www.google.com/maps/place/?q=place_id:ChIJbY7gF8Of4jARFyzLUFoqsuQ</value></Data>
      </ExtendedData>
      <Point><coordinates>100.5698488,13.7375583,0</coordinates></Point>
    </Placemark>
    <Placemark>
      <styleUrl>#cm6</styleUrl>
      <name>โดง อี</name>
      <description>⭐ 4.9 (2,786 รีวิว) · Korean · Khlong Toei · ฿฿
212/20, 1st Floor, Sukhumvit Plaza Soi 12 (Korean Town, ถ. สุขุมวิท แขวงคลองเตย เขตคลองเตย กรุงเทพมหานคร 10110, Thailand
https://www.google.com/maps/place/?q=place_id:ChIJox7O4eOe4jARMNBT7vmIDzY
ข้อมูลจาก ChefMinistry — chefministry.com</description>
      <ExtendedData>
        <Data name="rating"><value>4.9</value></Data>
        <Data name="reviews"><value>2786</value></Data>
        <Data name="cuisine"><value>Korean</value></Data>
        <Data name="area"><value>Khlong Toei</value></Data>
        <Data name="google_maps"><value>https://www.google.com/maps/place/?q=place_id:ChIJox7O4eOe4jARMNBT7vmIDzY</value></Data>
      </ExtendedData>
      <Point><coordinates>100.5578788,13.7381993,0</coordinates></Point>
    </Placemark>
    <Placemark>
      <styleUrl>#cm6</styleUrl>
      <name>เมียงคา</name>
      <description>⭐ 4.8 (2,805 รีวิว) · Korean · คลองเตย · ฿฿
21216 สุขุมวิทพลาซ่า ซอย อาคารสุขุมวิทพลาซ่า ชั้น 3 Sukhumvit 12, Khwaeng Khlong Toei, Khet Khlong Toei, Krung Thep Maha Nakhon 10110, Thailand
https://www.google.com/maps/place/?q=place_id:ChIJkTWS3eOe4jARauzDiBy263Y
ข้อมูลจาก ChefMinistry — chefministry.com</description>
      <ExtendedData>
        <Data name="rating"><value>4.8</value></Data>
        <Data name="reviews"><value>2805</value></Data>
        <Data name="cuisine"><value>Korean</value></Data>
        <Data name="area"><value>คลองเตย</value></Data>
        <Data name="google_maps"><value>https://www.google.com/maps/place/?q=place_id:ChIJkTWS3eOe4jARauzDiBy263Y</value></Data>
      </ExtendedData>
      <Point><coordinates>100.5578943,13.738279299999999,0</coordinates></Point>
    </Placemark>
    <Placemark>
      <styleUrl>#cm6</styleUrl>
      <name>il mi jung</name>
      <description>⭐ 4.8 (2,341 รีวิว) · Korean · Khlong Toei · ฿฿
212 Sukhumvit 12, Khwaeng Khlong Toei, Khet Khlong Toei, Krung Thep Maha Nakhon 10110, Thailand
https://www.google.com/maps/place/?q=place_id:ChIJyxdA4OOe4jARyObK8PFbn4Y
ข้อมูลจาก ChefMinistry — chefministry.com</description>
      <ExtendedData>
        <Data name="rating"><value>4.8</value></Data>
        <Data name="reviews"><value>2341</value></Data>
        <Data name="cuisine"><value>Korean</value></Data>
        <Data name="area"><value>Khlong Toei</value></Data>
        <Data name="google_maps"><value>https://www.google.com/maps/place/?q=place_id:ChIJyxdA4OOe4jARyObK8PFbn4Y</value></Data>
      </ExtendedData>
      <Point><coordinates>100.5579066,13.7377857,0</coordinates></Point>
    </Placemark>
    <Placemark>
      <styleUrl>#cm6</styleUrl>
      <name>อาจุมม่าGrill บุฟเฟ่ต์ปิ้งย่างเกาหลี พระราม2</name>
      <description>⭐ 4.7 (2,443 รีวิว) · Korean · Chom Thong · ฿฿
57 14 Rama 2 Soi 43, Khwaeng Bang Mot, Khet Chom Thong, Krung Thep Maha Nakhon 10150, Thailand
https://www.google.com/maps/place/?q=place_id:ChIJccECRmmj4jARmu7aJDkX-qs
ข้อมูลจาก ChefMinistry — chefministry.com</description>
      <ExtendedData>
        <Data name="rating"><value>4.7</value></Data>
        <Data name="reviews"><value>2443</value></Data>
        <Data name="cuisine"><value>Korean</value></Data>
        <Data name="area"><value>Chom Thong</value></Data>
        <Data name="google_maps"><value>https://www.google.com/maps/place/?q=place_id:ChIJccECRmmj4jARmu7aJDkX-qs</value></Data>
      </ExtendedData>
      <Point><coordinates>100.45708529999999,13.6722238,0</coordinates></Point>
    </Placemark>
    <Placemark>
      <styleUrl>#cm6</styleUrl>
      <name>โกกิเนมเซ บางนา</name>
      <description>⭐ 4.8 (2,151 รีวิว) · Korean · Bangna · ฿฿
เลขที่ 58 อาคาร BIZZO, ชั้น 1 ห้อง B 101 - B 102, ซอยบางนา-ตราด 23 ถนนบางนา-ตราด, บางนา, เขตบางนา กรุงเทพมหานคร 10260, Thailand
https://www.google.com/maps/place/?q=place_id:ChIJQV_wLu9fHTERrMTl0acoo1s
ข้อมูลจาก ChefMinistry — chefministry.com</description>
      <ExtendedData>
        <Data name="rating"><value>4.8</value></Data>
        <Data name="reviews"><value>2151</value></Data>
        <Data name="cuisine"><value>Korean</value></Data>
        <Data name="area"><value>Bangna</value></Data>
        <Data name="google_maps"><value>https://www.google.com/maps/place/?q=place_id:ChIJQV_wLu9fHTERrMTl0acoo1s</value></Data>
      </ExtendedData>
      <Point><coordinates>100.6360473,13.670771499999999,0</coordinates></Point>
    </Placemark>
    <Placemark>
      <styleUrl>#cm6</styleUrl>
      <name>Kosirae</name>
      <description>⭐ 4.4 (2,758 รีวิว) · Korean · Thonglor · ฿฿
97 99 Soi Thong Lo, Khwaeng Khlong Tan Nuea, Watthana, Krung Thep Maha Nakhon 10110, Thailand
https://www.google.com/maps/place/?q=place_id:ChIJmVWZ2aif4jARgARENVJv07g
ข้อมูลจาก ChefMinistry — chefministry.com</description>
      <ExtendedData>
        <Data name="rating"><value>4.4</value></Data>
        <Data name="reviews"><value>2758</value></Data>
        <Data name="cuisine"><value>Korean</value></Data>
        <Data name="area"><value>Thonglor</value></Data>
        <Data name="google_maps"><value>https://www.google.com/maps/place/?q=place_id:ChIJmVWZ2aif4jARgARENVJv07g</value></Data>
      </ExtendedData>
      <Point><coordinates>100.57973439999999,13.7249409,0</coordinates></Point>
    </Placemark>
    <Placemark>
      <styleUrl>#cm6</styleUrl>
      <name>SURA Korean BBQ_by Korean Chef</name>
      <description>⭐ 4.7 (2,206 รีวิว) · Korean · Watthana · ฿฿
32/1 Soi Sukhumvit 39, Khwaeng Khlong Tan Nuea, Watthana, Krung Thep Maha Nakhon 10110, Thailand
https://www.google.com/maps/place/?q=place_id:ChIJcQq1s_-e4jARN4ySRHpTidY
ข้อมูลจาก ChefMinistry — chefministry.com</description>
      <ExtendedData>
        <Data name="rating"><value>4.7</value></Data>
        <Data name="reviews"><value>2206</value></Data>
        <Data name="cuisine"><value>Korean</value></Data>
        <Data name="area"><value>Watthana</value></Data>
        <Data name="google_maps"><value>https://www.google.com/maps/place/?q=place_id:ChIJcQq1s_-e4jARN4ySRHpTidY</value></Data>
      </ExtendedData>
      <Point><coordinates>100.5720937,13.734647700000002,0</coordinates></Point>
    </Placemark>
    <Placemark>
      <styleUrl>#cm6</styleUrl>
      <name>korean Kitchen ปิ้งย่างเกาหลี</name>
      <description>⭐ 4.9 (1,887 รีวิว) · Korean · Prawet · ฿฿
160, 3 Thanon Sukhaphiban 2, Khwaeng Dok Mai, Khet Prawet, Krung Thep Maha Nakhon 10250, Thailand
https://www.google.com/maps/place/?q=place_id:ChIJlbG-pR5hHTERF6TEdzMmua8
ข้อมูลจาก ChefMinistry — chefministry.com</description>
      <ExtendedData>
        <Data name="rating"><value>4.9</value></Data>
        <Data name="reviews"><value>1887</value></Data>
        <Data name="cuisine"><value>Korean</value></Data>
        <Data name="area"><value>Prawet</value></Data>
        <Data name="google_maps"><value>https://www.google.com/maps/place/?q=place_id:ChIJlbG-pR5hHTERF6TEdzMmua8</value></Data>
      </ExtendedData>
      <Point><coordinates>100.7045205,13.6991182,0</coordinates></Point>
    </Placemark>
    <Placemark>
      <styleUrl>#cm6</styleUrl>
      <name>ซุกดัล ปิ้งย่างเกาหลีพรีเมียม (บรรทัดทอง)</name>
      <description>⭐ 4.8 (1,937 รีวิว) · Korean · Pathumwan · ฿฿
92/1-3 94 Rama I Rd, Khwaeng Wang Mai, Pathum Wan, Krung Thep Maha Nakhon 10330, Thailand
https://www.google.com/maps/place/?q=place_id:ChIJjcniOPWZ4jARcH3EvgCD-M8
ข้อมูลจาก ChefMinistry — chefministry.com</description>
      <ExtendedData>
        <Data name="rating"><value>4.8</value></Data>
        <Data name="reviews"><value>1937</value></Data>
        <Data name="cuisine"><value>Korean</value></Data>
        <Data name="area"><value>Pathumwan</value></Data>
        <Data name="google_maps"><value>https://www.google.com/maps/place/?q=place_id:ChIJjcniOPWZ4jARcH3EvgCD-M8</value></Data>
      </ExtendedData>
      <Point><coordinates>100.5240678,13.7472069,0</coordinates></Point>
    </Placemark>
    <Placemark>
      <styleUrl>#cm6</styleUrl>
      <name>Yuk-Do ยุกโด สยามสเคป</name>
      <description>⭐ 4.8 (1,652 รีวิว) · Korean · Pathumwan · ฿฿
SIAMSCAPE, 215 ชั้น 3, Khwaeng Pathum Wan, Pathum Wan, Krung Thep Maha Nakhon 10330, Thailand
https://www.google.com/maps/place/?q=place_id:ChIJwzNiPRef4jARMK6xrzcWA9Y
ข้อมูลจาก ChefMinistry — chefministry.com</description>
      <ExtendedData>
        <Data name="rating"><value>4.8</value></Data>
        <Data name="reviews"><value>1652</value></Data>
        <Data name="cuisine"><value>Korean</value></Data>
        <Data name="area"><value>Pathumwan</value></Data>
        <Data name="google_maps"><value>https://www.google.com/maps/place/?q=place_id:ChIJwzNiPRef4jARMK6xrzcWA9Y</value></Data>
      </ExtendedData>
      <Point><coordinates>100.5308531,13.744524,0</coordinates></Point>
    </Placemark>
    <Placemark>
      <styleUrl>#cm6</styleUrl>
      <name>เคบีบีคิว สุขุมวิท</name>
      <description>⭐ 4.7 (1,706 รีวิว) · Korean · Watthana · ฿฿
เรสซิเดนเซส ชั้น 2 ถ. 12/497 อาคาร 15 สุขุมวิท Soi Sukhumvit 13, Khwaeng Khlong Toei Nuea, Watthana, Krung Thep Maha Nakhon 10110, Thailand
https://www.google.com/maps/place/?q=place_id:ChIJbykHRfSf4jARn2JYKm5ZdFM
ข้อมูลจาก ChefMinistry — chefministry.com</description>
      <ExtendedData>
        <Data name="rating"><value>4.7</value></Data>
        <Data name="reviews"><value>1706</value></Data>
        <Data name="cuisine"><value>Korean</value></Data>
        <Data name="area"><value>Watthana</value></Data>
        <Data name="google_maps"><value>https://www.google.com/maps/place/?q=place_id:ChIJbykHRfSf4jARn2JYKm5ZdFM</value></Data>
      </ExtendedData>
      <Point><coordinates>100.5581905,13.7420055,0</coordinates></Point>
    </Placemark>
    <Placemark>
      <styleUrl>#cm6</styleUrl>
      <name>ดูเร</name>
      <description>⭐ 4.6 (1,797 รีวิว) · Korean · Khlong Toei · ฿฿
212 15 Sukhumvit Rd, Khwaeng Khlong Toei, Khet Khlong Toei, Krung Thep Maha Nakhon 10110, Thailand
https://www.google.com/maps/place/?q=place_id:ChIJt-itk-Oe4jAR-7mgbaBJzlg
ข้อมูลจาก ChefMinistry — chefministry.com</description>
      <ExtendedData>
        <Data name="rating"><value>4.6</value></Data>
        <Data name="reviews"><value>1797</value></Data>
        <Data name="cuisine"><value>Korean</value></Data>
        <Data name="area"><value>Khlong Toei</value></Data>
        <Data name="google_maps"><value>https://www.google.com/maps/place/?q=place_id:ChIJt-itk-Oe4jAR-7mgbaBJzlg</value></Data>
      </ExtendedData>
      <Point><coordinates>100.55793589999999,13.738284,0</coordinates></Point>
    </Placemark>
    <Placemark>
      <styleUrl>#cm6</styleUrl>
      <name>Kiani ทองหล่อ</name>
      <description>⭐ 4.8 (1,286 รีวิว) · Korean · Thonglor · ฿฿
90 Fifty fifth Thonglor Building Soi Thong Lo, Khwaeng Khlong Tan Nuea, Watthana, Krung Thep Maha Nakhon 10110, Thailand
https://www.google.com/maps/place/?q=place_id:ChIJx6JXUqmf4jAR6tmg4xV65_A
ข้อมูลจาก ChefMinistry — chefministry.com</description>
      <ExtendedData>
        <Data name="rating"><value>4.8</value></Data>
        <Data name="reviews"><value>1286</value></Data>
        <Data name="cuisine"><value>Korean</value></Data>
        <Data name="area"><value>Thonglor</value></Data>
        <Data name="google_maps"><value>https://www.google.com/maps/place/?q=place_id:ChIJx6JXUqmf4jAR6tmg4xV65_A</value></Data>
      </ExtendedData>
      <Point><coordinates>100.580468,13.7260034,0</coordinates></Point>
    </Placemark>
    <Placemark>
      <styleUrl>#cm6</styleUrl>
      <name>KABORAE</name>
      <description>⭐ 4.9 (1,054 รีวิว) · Korean · คลองเตย · ฿฿
Sukhumvit 12, แขวง คลองเตย Khet Khlong Toei, Krung Thep Maha Nakhon 10110, Thailand
https://www.google.com/maps/place/?q=place_id:ChIJ5QN0YOGe4jARE-Y03sxqpmY
ข้อมูลจาก ChefMinistry — chefministry.com</description>
      <ExtendedData>
        <Data name="rating"><value>4.9</value></Data>
        <Data name="reviews"><value>1054</value></Data>
        <Data name="cuisine"><value>Korean</value></Data>
        <Data name="area"><value>คลองเตย</value></Data>
        <Data name="google_maps"><value>https://www.google.com/maps/place/?q=place_id:ChIJ5QN0YOGe4jARE-Y03sxqpmY</value></Data>
      </ExtendedData>
      <Point><coordinates>100.5579448,13.738301199999999,0</coordinates></Point>
    </Placemark>
    <Placemark>
      <styleUrl>#cm6</styleUrl>
      <name>แนแน บาร์บีคิว บุฟเฟต์อาหารเกาหลี (รัชดา)</name>
      <description>⭐ 4.3 (1,291 รีวิว) · Korean · Din Daeng · ฿฿
332, 85 Soi Ratchadaphisek 3, Intersection 4, Khwaeng Din Daeng, Khet Din Daeng, Krung Thep Maha Nakhon 10400, Thailand
https://www.google.com/maps/place/?q=place_id:ChIJK4ukaY6e4jARlcxTABJW-qw
ข้อมูลจาก ChefMinistry — chefministry.com</description>
      <ExtendedData>
        <Data name="rating"><value>4.3</value></Data>
        <Data name="reviews"><value>1291</value></Data>
        <Data name="cuisine"><value>Korean</value></Data>
        <Data name="area"><value>Din Daeng</value></Data>
        <Data name="google_maps"><value>https://www.google.com/maps/place/?q=place_id:ChIJK4ukaY6e4jARlcxTABJW-qw</value></Data>
      </ExtendedData>
      <Point><coordinates>100.5653114,13.7630774,0</coordinates></Point>
    </Placemark>
    <Placemark>
      <styleUrl>#cm6</styleUrl>
      <name>Apgujeong Grill Korean BBQ (APG grill)</name>
      <description>⭐ 4.9 (801 รีวิว) · Korean · Phaya Thai · ฿฿
Unit B01 (B floor, Vanit Village Aree, 304/1 Phahon Yothin Road, Khwaeng Samsen Nai, Khet Phaya Thai, Krung Thep Maha Nakhon 10400, Thailand
https://www.google.com/maps/place/?q=place_id:ChIJXcGDoKOf4jAR7YTBguTrXcw
ข้อมูลจาก ChefMinistry — chefministry.com</description>
      <ExtendedData>
        <Data name="rating"><value>4.9</value></Data>
        <Data name="reviews"><value>801</value></Data>
        <Data name="cuisine"><value>Korean</value></Data>
        <Data name="area"><value>Phaya Thai</value></Data>
        <Data name="google_maps"><value>https://www.google.com/maps/place/?q=place_id:ChIJXcGDoKOf4jAR7YTBguTrXcw</value></Data>
      </ExtendedData>
      <Point><coordinates>100.5438803,13.7768488,0</coordinates></Point>
    </Placemark>
    <Placemark>
      <styleUrl>#cm6</styleUrl>
      <name>Bangkok Banjom</name>
      <description>⭐ 4.7 (895 รีวิว) · Korean · Ekkamai · ฿฿
Thailand, Krung Thep Maha Nakhon, Watthana, Krung Thep Maha Nakhon, Soi Sukhumvit 63, Horizon Eakkamai
https://www.google.com/maps/place/?q=place_id:ChIJtYKT3m-f4jAR1tc1CViUmZ8
ข้อมูลจาก ChefMinistry — chefministry.com</description>
      <ExtendedData>
        <Data name="rating"><value>4.7</value></Data>
        <Data name="reviews"><value>895</value></Data>
        <Data name="cuisine"><value>Korean</value></Data>
        <Data name="area"><value>Ekkamai</value></Data>
        <Data name="google_maps"><value>https://www.google.com/maps/place/?q=place_id:ChIJtYKT3m-f4jAR1tc1CViUmZ8</value></Data>
      </ExtendedData>
      <Point><coordinates>100.5848237,13.721420199999999,0</coordinates></Point>
    </Placemark>
    <Placemark>
      <styleUrl>#cm6</styleUrl>
      <name>ไวกิ้ง บุฟเฟต์บาร์บีคิวเกาหลี</name>
      <description>⭐ 4.3 (965 รีวิว) · Korean · Khlong Toei · ฿฿
korean town 5 Sukhumvit Rd, Khwaeng Khlong Toei, Khet Khlong Toei, Krung Thep Maha Nakhon 10110, Thailand
https://www.google.com/maps/place/?q=place_id:ChIJCdSqGbmf4jAR0Hemw9xhTlM
ข้อมูลจาก ChefMinistry — chefministry.com</description>
      <ExtendedData>
        <Data name="rating"><value>4.3</value></Data>
        <Data name="reviews"><value>965</value></Data>
        <Data name="cuisine"><value>Korean</value></Data>
        <Data name="area"><value>Khlong Toei</value></Data>
        <Data name="google_maps"><value>https://www.google.com/maps/place/?q=place_id:ChIJCdSqGbmf4jAR0Hemw9xhTlM</value></Data>
      </ExtendedData>
      <Point><coordinates>100.5576488,13.7378615,0</coordinates></Point>
    </Placemark>
    <Placemark>
      <styleUrl>#cm6</styleUrl>
      <name>BANGABANGA Korean BBQ Buffet บุฟเฟต์ปิ้งย่างและอาหารเกาหลีเกรดพรีเมี่ยม</name>
      <description>⭐ 4.7 (582 รีวิว) · Korean · Chatuchak · ฿฿
126, 16 Thanon Sena Nikhom 1, Khwaeng Sena Nikhom, Khet Chatuchak, Krung Thep Maha Nakhon 10900, Thailand
https://www.google.com/maps/place/?q=place_id:ChIJNybSaNed4jARnp2Ysmn4Ljc
ข้อมูลจาก ChefMinistry — chefministry.com</description>
      <ExtendedData>
        <Data name="rating"><value>4.7</value></Data>
        <Data name="reviews"><value>582</value></Data>
        <Data name="cuisine"><value>Korean</value></Data>
        <Data name="area"><value>Chatuchak</value></Data>
        <Data name="google_maps"><value>https://www.google.com/maps/place/?q=place_id:ChIJNybSaNed4jARnp2Ysmn4Ljc</value></Data>
      </ExtendedData>
      <Point><coordinates>100.58166659999999,13.8347714,0</coordinates></Point>
    </Placemark>
    <Placemark>
      <styleUrl>#cm6</styleUrl>
      <name>Bookmagol</name>
      <description>⭐ 4.4 (685 รีวิว) · Korean · Ekkamai · ฿฿
994 996 Sukhumvit Rd, Khwaeng Phra Khanong, พระโขนง Krung Thep Maha Nakhon 10110, Thailand
https://www.google.com/maps/place/?q=place_id:ChIJv5I3yqqf4jARgHnnwRPaUAE
ข้อมูลจาก ChefMinistry — chefministry.com</description>
      <ExtendedData>
        <Data name="rating"><value>4.4</value></Data>
        <Data name="reviews"><value>685</value></Data>
        <Data name="cuisine"><value>Korean</value></Data>
        <Data name="area"><value>Ekkamai</value></Data>
        <Data name="google_maps"><value>https://www.google.com/maps/place/?q=place_id:ChIJv5I3yqqf4jARgHnnwRPaUAE</value></Data>
      </ExtendedData>
      <Point><coordinates>100.58674549999999,13.7181017,0</coordinates></Point>
    </Placemark>
    <Placemark>
      <styleUrl>#cm6</styleUrl>
      <name>Dal Dal Korean Restaurant</name>
      <description>⭐ 4.7 (542 รีวิว) · Korean · Rama 9 · ฿฿
เลขที่9​ อาคารจี​ ทาวเวอร์​ ชั้นจี​ ถนนพระราม9​ Khwaeng Huai Khwang, Khet Huai Khwang, Krung Thep Maha Nakhon 10310, Thailand
https://www.google.com/maps/place/?q=place_id:ChIJw8_MJI2e4jARi0ILjyOKWxs
ข้อมูลจาก ChefMinistry — chefministry.com</description>
      <ExtendedData>
        <Data name="rating"><value>4.7</value></Data>
        <Data name="reviews"><value>542</value></Data>
        <Data name="cuisine"><value>Korean</value></Data>
        <Data name="area"><value>Rama 9</value></Data>
        <Data name="google_maps"><value>https://www.google.com/maps/place/?q=place_id:ChIJw8_MJI2e4jARi0ILjyOKWxs</value></Data>
      </ExtendedData>
      <Point><coordinates>100.5656834,13.756740899999999,0</coordinates></Point>
    </Placemark>
    <Placemark>
      <styleUrl>#cm6</styleUrl>
      <name>Nanalee korean BBQ</name>
      <description>⭐ 4.5 (509 รีวิว) · Korean · Lat Phrao · ฿฿
55 Thanon Sena Nikhom 1, Khwaeng Lat Phrao, Khet Lat Phrao, Krung Thep Maha Nakhon 10230, Thailand
https://www.google.com/maps/place/?q=place_id:ChIJ0-WHKwyd4jARJ-wPyWEHmh8
ข้อมูลจาก ChefMinistry — chefministry.com</description>
      <ExtendedData>
        <Data name="rating"><value>4.5</value></Data>
        <Data name="reviews"><value>509</value></Data>
        <Data name="cuisine"><value>Korean</value></Data>
        <Data name="area"><value>Lat Phrao</value></Data>
        <Data name="google_maps"><value>https://www.google.com/maps/place/?q=place_id:ChIJ0-WHKwyd4jARJ-wPyWEHmh8</value></Data>
      </ExtendedData>
      <Point><coordinates>100.5919735,13.8317237,0</coordinates></Point>
    </Placemark>
    <Placemark>
      <styleUrl>#cm6</styleUrl>
      <name>Saemaeul (แซมาอึล) เซ็นทรัลพระราม9</name>
      <description>⭐ 4.5 (187 รีวิว) · Korean · Huai Khwang · ฿฿
Floor, Room no Central 629 Rama IX 6, Khwaeng Huai Khwang, Khet Huai Khwang, Krung Thep Maha Nakhon 10310, Thailand
https://www.google.com/maps/place/?q=place_id:ChIJQ_1sNWCf4jAR-s1Mk1Ra0nM
ข้อมูลจาก ChefMinistry — chefministry.com</description>
      <ExtendedData>
        <Data name="rating"><value>4.5</value></Data>
        <Data name="reviews"><value>187</value></Data>
        <Data name="cuisine"><value>Korean</value></Data>
        <Data name="area"><value>Huai Khwang</value></Data>
        <Data name="google_maps"><value>https://www.google.com/maps/place/?q=place_id:ChIJQ_1sNWCf4jAR-s1Mk1Ra0nM</value></Data>
      </ExtendedData>
      <Point><coordinates>100.5661981,13.7592587,0</coordinates></Point>
    </Placemark>
  </Folder>
  <Style id="cm7"><IconStyle><color>ff3ba7e8</color><Icon><href>http://maps.google.com/mapfiles/kml/shapes/dining.png</href></Icon></IconStyle></Style>
  <Folder>
    <name>🇨🇳 จีน &amp; ติ่มซำ</name>
    <Placemark>
      <styleUrl>#cm7</styleUrl>
      <name>ฮัวหม่าล่า</name>
      <description>⭐ 4.9 (5,034 รีวิว) · Chinese · Lat Phrao · ฿฿
79 Pradit Manutham Rd, Khwaeng Lat Phrao, Khet Lat Phrao, Krung Thep Maha Nakhon 10230, Thailand
https://www.google.com/maps/place/?q=place_id:ChIJBVjCBACd4jARoVRvuegvF_Y
ข้อมูลจาก ChefMinistry — chefministry.com</description>
      <ExtendedData>
        <Data name="rating"><value>4.9</value></Data>
        <Data name="reviews"><value>5034</value></Data>
        <Data name="cuisine"><value>Chinese</value></Data>
        <Data name="area"><value>Lat Phrao</value></Data>
        <Data name="google_maps"><value>https://www.google.com/maps/place/?q=place_id:ChIJBVjCBACd4jARoVRvuegvF_Y</value></Data>
      </ExtendedData>
      <Point><coordinates>100.6159016,13.803443,0</coordinates></Point>
    </Placemark>
    <Placemark>
      <styleUrl>#cm7</styleUrl>
      <name>ฮะเก๋า เยาวราช</name>
      <description>⭐ 4.7 (3,183 รีวิว) · Chinese · Yaowarat · ฿฿
387 Yaowarat Rd, Khwaeng Samphanthawong, Khet Samphanthawong, Krung Thep Maha Nakhon 10100, Thailand
https://www.google.com/maps/place/?q=place_id:ChIJg_OawsSZ4jARhar1F01_csQ
ข้อมูลจาก ChefMinistry — chefministry.com</description>
      <ExtendedData>
        <Data name="rating"><value>4.7</value></Data>
        <Data name="reviews"><value>3183</value></Data>
        <Data name="cuisine"><value>Chinese</value></Data>
        <Data name="area"><value>Yaowarat</value></Data>
        <Data name="google_maps"><value>https://www.google.com/maps/place/?q=place_id:ChIJg_OawsSZ4jARhar1F01_csQ</value></Data>
      </ExtendedData>
      <Point><coordinates>100.5093962,13.7407445,0</coordinates></Point>
    </Placemark>
    <Placemark>
      <styleUrl>#cm7</styleUrl>
      <name>ประจักษ์ (เป็ดย่าง)</name>
      <description>⭐ 4.3 (4,181 รีวิว) · Chinese · บางรัก · ฿
1415 ถ. เจริญกรุง Si Lom, Khet Bang Rak, Krung Thep Maha Nakhon 10500, Thailand
https://www.google.com/maps/place/?q=place_id:ChIJVR1_rsWY4jAR0BqRhCK_sbM
ข้อมูลจาก ChefMinistry — chefministry.com</description>
      <ExtendedData>
        <Data name="rating"><value>4.3</value></Data>
        <Data name="reviews"><value>4181</value></Data>
        <Data name="cuisine"><value>Chinese</value></Data>
        <Data name="area"><value>บางรัก</value></Data>
        <Data name="google_maps"><value>https://www.google.com/maps/place/?q=place_id:ChIJVR1_rsWY4jAR0BqRhCK_sbM</value></Data>
      </ExtendedData>
      <Point><coordinates>100.5160568,13.7203757,0</coordinates></Point>
    </Placemark>
    <Placemark>
      <styleUrl>#cm7</styleUrl>
      <name>ตวง ติ่มซำ</name>
      <description>⭐ 4.3 (3,827 รีวิว) · Chinese · Bang Kho Laem · ฿฿
2329 Soi Charoen Krung 89, Khwaeng Wat Phraya Krai, Khet Bang Kho Laem, Krung Thep Maha Nakhon 10120, Thailand
https://www.google.com/maps/place/?q=place_id:ChIJHxU3Z76Y4jARFusSCmswJqc
ข้อมูลจาก ChefMinistry — chefministry.com</description>
      <ExtendedData>
        <Data name="rating"><value>4.3</value></Data>
        <Data name="reviews"><value>3827</value></Data>
        <Data name="cuisine"><value>Chinese</value></Data>
        <Data name="area"><value>Bang Kho Laem</value></Data>
        <Data name="google_maps"><value>https://www.google.com/maps/place/?q=place_id:ChIJHxU3Z76Y4jARFusSCmswJqc</value></Data>
      </ExtendedData>
      <Point><coordinates>100.5059022,13.705070599999999,0</coordinates></Point>
    </Placemark>
    <Placemark>
      <styleUrl>#cm7</styleUrl>
      <name>เหล่าเต๊ง</name>
      <description>⭐ 4.6 (2,701 รีวิว) · Chinese · Yaowarat · ฿฿
Floor, 2, 438 ถ. เยาวราช แขวงสัมพันธวงศ์ เขตสัมพันธวงศ์ กรุงเทพมหานคร 10100, Thailand
https://www.google.com/maps/place/?q=place_id:ChIJJ03QjGOZ4jARdUW-bCQ2u2s
ข้อมูลจาก ChefMinistry — chefministry.com</description>
      <ExtendedData>
        <Data name="rating"><value>4.6</value></Data>
        <Data name="reviews"><value>2701</value></Data>
        <Data name="cuisine"><value>Chinese</value></Data>
        <Data name="area"><value>Yaowarat</value></Data>
        <Data name="google_maps"><value>https://www.google.com/maps/place/?q=place_id:ChIJJ03QjGOZ4jARdUW-bCQ2u2s</value></Data>
      </ExtendedData>
      <Point><coordinates>100.5099084,13.7402038,0</coordinates></Point>
    </Placemark>
    <Placemark>
      <styleUrl>#cm7</styleUrl>
      <name>แกรนด์แสนยอด</name>
      <description>⭐ 4.3 (2,316 รีวิว) · Chinese · Bang Rak · ฿฿
89 Charat Wiang Rd, Si Lom, Khet Bang Rak, Krung Thep Maha Nakhon 10500, Thailand
https://www.google.com/maps/place/?q=place_id:ChIJi8XyU9Oe4jARrOjDdixXim0
ข้อมูลจาก ChefMinistry — chefministry.com</description>
      <ExtendedData>
        <Data name="rating"><value>4.3</value></Data>
        <Data name="reviews"><value>2316</value></Data>
        <Data name="cuisine"><value>Chinese</value></Data>
        <Data name="area"><value>Bang Rak</value></Data>
        <Data name="google_maps"><value>https://www.google.com/maps/place/?q=place_id:ChIJi8XyU9Oe4jARrOjDdixXim0</value></Data>
      </ExtendedData>
      <Point><coordinates>100.5176718,13.718838499999999,0</coordinates></Point>
    </Placemark>
    <Placemark>
      <styleUrl>#cm7</styleUrl>
      <name>กงฟูติ่มซำ</name>
      <description>⭐ 4.8 (1,189 รีวิว) · Chinese · Huai Khwang · ฿฿
2040 New Petchaburi Rd, Khwaeng Bang Kapi, Khet Huai Khwang, Krung Thep Maha Nakhon 10310, Thailand
https://www.google.com/maps/place/?q=place_id:ChIJMffmMACf4jARuL6oF923Pgs
ข้อมูลจาก ChefMinistry — chefministry.com</description>
      <ExtendedData>
        <Data name="rating"><value>4.8</value></Data>
        <Data name="reviews"><value>1189</value></Data>
        <Data name="cuisine"><value>Chinese</value></Data>
        <Data name="area"><value>Huai Khwang</value></Data>
        <Data name="google_maps"><value>https://www.google.com/maps/place/?q=place_id:ChIJMffmMACf4jARuL6oF923Pgs</value></Data>
      </ExtendedData>
      <Point><coordinates>100.57455879999999,13.7468911,0</coordinates></Point>
    </Placemark>
    <Placemark>
      <styleUrl>#cm7</styleUrl>
      <name>คูณสินเป็ดย่าง</name>
      <description>⭐ 4.4 (1,333 รีวิว) · Chinese · Lat Krabang · ฿
3 Lat Krabang 7, Khwaeng Lat Krabang, Khet Lat Krabang, Krung Thep Maha Nakhon 10520, Thailand
https://www.google.com/maps/place/?q=place_id:ChIJr6SgUABnHTERPpcbPGAlhdA
ข้อมูลจาก ChefMinistry — chefministry.com</description>
      <ExtendedData>
        <Data name="rating"><value>4.4</value></Data>
        <Data name="reviews"><value>1333</value></Data>
        <Data name="cuisine"><value>Chinese</value></Data>
        <Data name="area"><value>Lat Krabang</value></Data>
        <Data name="google_maps"><value>https://www.google.com/maps/place/?q=place_id:ChIJr6SgUABnHTERPpcbPGAlhdA</value></Data>
      </ExtendedData>
      <Point><coordinates>100.7528694,13.7224764,0</coordinates></Point>
    </Placemark>
    <Placemark>
      <styleUrl>#cm7</styleUrl>
      <name>อาฟู​ เป็ดย่าง</name>
      <description>⭐ 4.6 (1,094 รีวิว) · Chinese · พลับพลา · ฿฿
1889 D2-D5, Thanon Siwara, Khwaeng Phlabphla, เขต งทองหลาง, Krung Thep Maha Nakhon 10312, Thailand
https://www.google.com/maps/place/?q=place_id:ChIJT99KUA-e4jARfqZrvLcMn4c
ข้อมูลจาก ChefMinistry — chefministry.com</description>
      <ExtendedData>
        <Data name="rating"><value>4.6</value></Data>
        <Data name="reviews"><value>1094</value></Data>
        <Data name="cuisine"><value>Chinese</value></Data>
        <Data name="area"><value>พลับพลา</value></Data>
        <Data name="google_maps"><value>https://www.google.com/maps/place/?q=place_id:ChIJT99KUA-e4jARfqZrvLcMn4c</value></Data>
      </ExtendedData>
      <Point><coordinates>100.60708729999999,13.769792899999999,0</coordinates></Point>
    </Placemark>
    <Placemark>
      <styleUrl>#cm7</styleUrl>
      <name>โชคดีติ่มซำ สาขาบรรทัดทอง</name>
      <description>⭐ 4.3 (1,248 รีวิว) · Chinese · ปทุมวัน · ฿฿
42 46 ซอย จุฬาลงกรณ์ 7 Khwaeng Wang Mai, Pathum Wan, Krung Thep Maha Nakhon 10330, Thailand
https://www.google.com/maps/place/?q=place_id:ChIJSWhxfi6Z4jARhGQPscLf85g
ข้อมูลจาก ChefMinistry — chefministry.com</description>
      <ExtendedData>
        <Data name="rating"><value>4.3</value></Data>
        <Data name="reviews"><value>1248</value></Data>
        <Data name="cuisine"><value>Chinese</value></Data>
        <Data name="area"><value>ปทุมวัน</value></Data>
        <Data name="google_maps"><value>https://www.google.com/maps/place/?q=place_id:ChIJSWhxfi6Z4jARhGQPscLf85g</value></Data>
      </ExtendedData>
      <Point><coordinates>100.5253805,13.743529599999999,0</coordinates></Point>
    </Placemark>
    <Placemark>
      <styleUrl>#cm7</styleUrl>
      <name>จงติ่มซำ</name>
      <description>⭐ 4.4 (1,107 รีวิว) · Chinese · Phaya Thai · ฿
524, 4 Phahon Yothin Road, Khwaeng Samsen Nai, Khet Phaya Thai, Krung Thep Maha Nakhon 10400, Thailand
https://www.google.com/maps/place/?q=place_id:ChIJK8Yrohmc4jAR7FqVpG-wwrw
ข้อมูลจาก ChefMinistry — chefministry.com</description>
      <ExtendedData>
        <Data name="rating"><value>4.4</value></Data>
        <Data name="reviews"><value>1107</value></Data>
        <Data name="cuisine"><value>Chinese</value></Data>
        <Data name="area"><value>Phaya Thai</value></Data>
        <Data name="google_maps"><value>https://www.google.com/maps/place/?q=place_id:ChIJK8Yrohmc4jAR7FqVpG-wwrw</value></Data>
      </ExtendedData>
      <Point><coordinates>100.5482364,13.7892582,0</coordinates></Point>
    </Placemark>
    <Placemark>
      <styleUrl>#cm7</styleUrl>
      <name>Lhong Men</name>
      <description>⭐ 4.8 (679 รีวิว) · Chinese · Yaowarat · ฿฿
อยู่ก่อนถึงวัดไตรมิตร เลยแยกหมอมี 611 ถ. เจริญกรุง แขวงตลาดน้อย เขตสัมพันธวงศ์ Krung Thep Maha Nakhon 10100, Thailand
https://www.google.com/maps/place/?q=place_id:ChIJ5XHnLY6Z4jARMrEZ7AScL9M
ข้อมูลจาก ChefMinistry — chefministry.com</description>
      <ExtendedData>
        <Data name="rating"><value>4.8</value></Data>
        <Data name="reviews"><value>679</value></Data>
        <Data name="cuisine"><value>Chinese</value></Data>
        <Data name="area"><value>Yaowarat</value></Data>
        <Data name="google_maps"><value>https://www.google.com/maps/place/?q=place_id:ChIJ5XHnLY6Z4jARMrEZ7AScL9M</value></Data>
      </ExtendedData>
      <Point><coordinates>100.5126406,13.739408099999999,0</coordinates></Point>
    </Placemark>
    <Placemark>
      <styleUrl>#cm7</styleUrl>
      <name>ข้าวต้มเป็ด เป็ดอ้วน เจ้าเก่า(ประตูผี)</name>
      <description>⭐ 4.5 (716 รีวิว) · Chinese · พระนคร · ฿
เลขที่ 112 Soi Samran Rat, Khwaeng Samran Rat, Khet Phra Nakhon, Krung Thep Maha Nakhon 10200, Thailand
https://www.google.com/maps/place/?q=place_id:ChIJ97RhgBaZ4jAR_ZOFaDAOZws
ข้อมูลจาก ChefMinistry — chefministry.com</description>
      <ExtendedData>
        <Data name="rating"><value>4.5</value></Data>
        <Data name="reviews"><value>716</value></Data>
        <Data name="cuisine"><value>Chinese</value></Data>
        <Data name="area"><value>พระนคร</value></Data>
        <Data name="google_maps"><value>https://www.google.com/maps/place/?q=place_id:ChIJ97RhgBaZ4jAR_ZOFaDAOZws</value></Data>
      </ExtendedData>
      <Point><coordinates>100.5037394,13.7528461,0</coordinates></Point>
    </Placemark>
    <Placemark>
      <styleUrl>#cm7</styleUrl>
      <name>Laoteng</name>
      <description>⭐ 4.7 (589 รีวิว) · Chinese · Pathumwan · ฿฿
โรงแรมอโนมา ชั้นที่ 2 เลขที่ 99 Thanon Ratchadamri, ลุมพินี Pathum Wan, Krung Thep Maha Nakhon 10330, Thailand
https://www.google.com/maps/place/?q=place_id:ChIJxZck1Saf4jARmu-2U6gOqws
ข้อมูลจาก ChefMinistry — chefministry.com</description>
      <ExtendedData>
        <Data name="rating"><value>4.7</value></Data>
        <Data name="reviews"><value>589</value></Data>
        <Data name="cuisine"><value>Chinese</value></Data>
        <Data name="area"><value>Pathumwan</value></Data>
        <Data name="google_maps"><value>https://www.google.com/maps/place/?q=place_id:ChIJxZck1Saf4jARmu-2U6gOqws</value></Data>
      </ExtendedData>
      <Point><coordinates>100.54100609999999,13.7465415,0</coordinates></Point>
    </Placemark>
    <Placemark>
      <styleUrl>#cm7</styleUrl>
      <name>Laoteng 楼顶 - Banthat Thong ติ่มซำ เป็ดปักกิ่ง</name>
      <description>⭐ 4.7 (548 รีวิว) · Chinese · Pathumwan · ฿฿
1525 Khwaeng Wang Mai, Pathum Wan, Krung Thep Maha Nakhon 10330, Thailand
https://www.google.com/maps/place/?q=place_id:ChIJhydlPe2Z4jARyJL9inrBSaE
ข้อมูลจาก ChefMinistry — chefministry.com</description>
      <ExtendedData>
        <Data name="rating"><value>4.7</value></Data>
        <Data name="reviews"><value>548</value></Data>
        <Data name="cuisine"><value>Chinese</value></Data>
        <Data name="area"><value>Pathumwan</value></Data>
        <Data name="google_maps"><value>https://www.google.com/maps/place/?q=place_id:ChIJhydlPe2Z4jARyJL9inrBSaE</value></Data>
      </ExtendedData>
      <Point><coordinates>100.5227,13.741039599999999,0</coordinates></Point>
    </Placemark>
    <Placemark>
      <styleUrl>#cm7</styleUrl>
      <name>ก๋วยเตี๋ยวเป็ด เต้นระบำ</name>
      <description>⭐ 4.3 (712 รีวิว) · Chinese · Khlong Toei · ฿
1212, 4 Thanon Rama IV, Khwaeng Khlong Toei, Khet Khlong Toei, Krung Thep Maha Nakhon 10110, Thailand
https://www.google.com/maps/place/?q=place_id:ChIJ8wbkaxef4jAR-2ND2eIGgy4
ข้อมูลจาก ChefMinistry — chefministry.com</description>
      <ExtendedData>
        <Data name="rating"><value>4.3</value></Data>
        <Data name="reviews"><value>712</value></Data>
        <Data name="cuisine"><value>Chinese</value></Data>
        <Data name="area"><value>Khlong Toei</value></Data>
        <Data name="google_maps"><value>https://www.google.com/maps/place/?q=place_id:ChIJ8wbkaxef4jAR-2ND2eIGgy4</value></Data>
      </ExtendedData>
      <Point><coordinates>100.55614279999999,13.720331799999999,0</coordinates></Point>
    </Placemark>
    <Placemark>
      <styleUrl>#cm7</styleUrl>
      <name>เป็ดตุ๋น เจ้าท่า</name>
      <description>⭐ 4.4 (621 รีวิว) · Chinese · Yaowarat · ฿
945 Soi Wanit 2, Khwaeng Talat Noi, Khet Samphanthawong, Krung Thep Maha Nakhon 10100, Thailand
https://www.google.com/maps/place/?q=place_id:ChIJRcDs0diY4jAR7JBCSsjopXE
ข้อมูลจาก ChefMinistry — chefministry.com</description>
      <ExtendedData>
        <Data name="rating"><value>4.4</value></Data>
        <Data name="reviews"><value>621</value></Data>
        <Data name="cuisine"><value>Chinese</value></Data>
        <Data name="area"><value>Yaowarat</value></Data>
        <Data name="google_maps"><value>https://www.google.com/maps/place/?q=place_id:ChIJRcDs0diY4jAR7JBCSsjopXE</value></Data>
      </ExtendedData>
      <Point><coordinates>100.5131923,13.7330348,0</coordinates></Point>
    </Placemark>
    <Placemark>
      <styleUrl>#cm7</styleUrl>
      <name>หอฝัน</name>
      <description>⭐ 4.8 (439 รีวิว) · Chinese · Yaowarat · ฿฿
74 Thanon Phat Sai, Khwaeng Samphanthawong, Khet Samphanthawong, Krung Thep Maha Nakhon 10100, Thailand
https://www.google.com/maps/place/?q=place_id:ChIJubjvFuiZ4jARnzjKNQw9Q9k
ข้อมูลจาก ChefMinistry — chefministry.com</description>
      <ExtendedData>
        <Data name="rating"><value>4.8</value></Data>
        <Data name="reviews"><value>439</value></Data>
        <Data name="cuisine"><value>Chinese</value></Data>
        <Data name="area"><value>Yaowarat</value></Data>
        <Data name="google_maps"><value>https://www.google.com/maps/place/?q=place_id:ChIJubjvFuiZ4jARnzjKNQw9Q9k</value></Data>
      </ExtendedData>
      <Point><coordinates>100.51025519999999,13.739285299999999,0</coordinates></Point>
    </Placemark>
    <Placemark>
      <styleUrl>#cm7</styleUrl>
      <name>เป็ดย่างพัฒนาการ 50</name>
      <description>⭐ 4.3 (585 รีวิว) · Chinese · Suan Luang · ฿
588 38 Phatthanakan Rd, Khwaeng Suan Luang, Khet Suan Luang, Krung Thep Maha Nakhon 10250, Thailand
https://www.google.com/maps/place/?q=place_id:ChIJjeh7g85hHTER2KzycSr1P7g
ข้อมูลจาก ChefMinistry — chefministry.com</description>
      <ExtendedData>
        <Data name="rating"><value>4.3</value></Data>
        <Data name="reviews"><value>585</value></Data>
        <Data name="cuisine"><value>Chinese</value></Data>
        <Data name="area"><value>Suan Luang</value></Data>
        <Data name="google_maps"><value>https://www.google.com/maps/place/?q=place_id:ChIJjeh7g85hHTER2KzycSr1P7g</value></Data>
      </ExtendedData>
      <Point><coordinates>100.6342567,13.7362652,0</coordinates></Point>
    </Placemark>
    <Placemark>
      <styleUrl>#cm7</styleUrl>
      <name>โตเป็ดย่าง</name>
      <description>⭐ 4.5 (425 รีวิว) · Chinese · Bang Sue · ฿
Pracha Rat Sai 1 Soi 20, Khwaeng Bang Sue, Khet Bang Sue, Krung Thep Maha Nakhon 10800, Thailand
https://www.google.com/maps/place/?q=place_id:ChIJxya9RYyb4jARKrIqfI_hDes
ข้อมูลจาก ChefMinistry — chefministry.com</description>
      <ExtendedData>
        <Data name="rating"><value>4.5</value></Data>
        <Data name="reviews"><value>425</value></Data>
        <Data name="cuisine"><value>Chinese</value></Data>
        <Data name="area"><value>Bang Sue</value></Data>
        <Data name="google_maps"><value>https://www.google.com/maps/place/?q=place_id:ChIJxya9RYyb4jARKrIqfI_hDes</value></Data>
      </ExtendedData>
      <Point><coordinates>100.52200099999999,13.8074373,0</coordinates></Point>
    </Placemark>
    <Placemark>
      <styleUrl>#cm7</styleUrl>
      <name>ติ่มซำไจ๋</name>
      <description>⭐ 4.8 (328 รีวิว) · Chinese · Pom Prap · ฿฿
195/8-9, Boriphat Rd, Khwaeng Pom Prap, Khet Pom Prap Sattru Phai, Krung Thep Maha Nakhon 10100, Thailand
https://www.google.com/maps/place/?q=place_id:ChIJ4bKx4ymZ4jARDJgMkAYFKGw
ข้อมูลจาก ChefMinistry — chefministry.com</description>
      <ExtendedData>
        <Data name="rating"><value>4.8</value></Data>
        <Data name="reviews"><value>328</value></Data>
        <Data name="cuisine"><value>Chinese</value></Data>
        <Data name="area"><value>Pom Prap</value></Data>
        <Data name="google_maps"><value>https://www.google.com/maps/place/?q=place_id:ChIJ4bKx4ymZ4jARDJgMkAYFKGw</value></Data>
      </ExtendedData>
      <Point><coordinates>100.50498220000001,13.7499174,0</coordinates></Point>
    </Placemark>
    <Placemark>
      <styleUrl>#cm7</styleUrl>
      <name>เหอ เฉิน ฟง</name>
      <description>⭐ 4.3 (446 รีวิว) · Chinese · สัมพันธวงศ์ · ฿฿
464 ถ. เจริญกรุง Khwaeng Samphanthawong, Khet Samphanthawong, Krung Thep Maha Nakhon 10100, Thailand
https://www.google.com/maps/place/?q=place_id:ChIJ0zW2RyKZ4jARGEFNs2z1XY0
ข้อมูลจาก ChefMinistry — chefministry.com</description>
      <ExtendedData>
        <Data name="rating"><value>4.3</value></Data>
        <Data name="reviews"><value>446</value></Data>
        <Data name="cuisine"><value>Chinese</value></Data>
        <Data name="area"><value>สัมพันธวงศ์</value></Data>
        <Data name="google_maps"><value>https://www.google.com/maps/place/?q=place_id:ChIJ0zW2RyKZ4jARGEFNs2z1XY0</value></Data>
      </ExtendedData>
      <Point><coordinates>100.5090053,13.742792999999999,0</coordinates></Point>
    </Placemark>
    <Placemark>
      <styleUrl>#cm7</styleUrl>
      <name>จิ๊บกี่ 洽記</name>
      <description>⭐ 4.4 (393 รีวิว) · Chinese · Pom Prap · ฿
335 359 Soi Nakhon Sawan 7, Khwaeng Wat Sommanat, Khet Pom Prap Sattru Phai, Krung Thep Maha Nakhon 10100, Thailand
https://www.google.com/maps/place/?q=place_id:ChIJ2WCHx0CZ4jARX0m0HyqZyTM
ข้อมูลจาก ChefMinistry — chefministry.com</description>
      <ExtendedData>
        <Data name="rating"><value>4.4</value></Data>
        <Data name="reviews"><value>393</value></Data>
        <Data name="cuisine"><value>Chinese</value></Data>
        <Data name="area"><value>Pom Prap</value></Data>
        <Data name="google_maps"><value>https://www.google.com/maps/place/?q=place_id:ChIJ2WCHx0CZ4jARX0m0HyqZyTM</value></Data>
      </ExtendedData>
      <Point><coordinates>100.5118907,13.7597132,0</coordinates></Point>
    </Placemark>
    <Placemark>
      <styleUrl>#cm7</styleUrl>
      <name>ภัตตาคารเซียง ปิง เหลา 香賓樓</name>
      <description>⭐ 4.3 (420 รีวิว) · Chinese · Yaowarat · ฿฿
8th Floor Grand China Bangkok Yaowarat Rd, Khwaeng Samphanthawong, Khet Samphanthawong, Krung Thep Maha Nakhon 10100, Thailand
https://www.google.com/maps/place/?q=place_id:ChIJaf_D9yGZ4jARMX51rNIHrNE
ข้อมูลจาก ChefMinistry — chefministry.com</description>
      <ExtendedData>
        <Data name="rating"><value>4.3</value></Data>
        <Data name="reviews"><value>420</value></Data>
        <Data name="cuisine"><value>Chinese</value></Data>
        <Data name="area"><value>Yaowarat</value></Data>
        <Data name="google_maps"><value>https://www.google.com/maps/place/?q=place_id:ChIJaf_D9yGZ4jARMX51rNIHrNE</value></Data>
      </ExtendedData>
      <Point><coordinates>100.507042,13.742870799999999,0</coordinates></Point>
    </Placemark>
    <Placemark>
      <styleUrl>#cm7</styleUrl>
      <name>แมนดารินเป็ดย่าง ภัตตาคาร</name>
      <description>⭐ 4.4 (383 รีวิว) · Chinese · Watthana · ฿฿
729 729/2 Soi Thong Lo, Khwaeng Phra Khanong Nuea, Watthana, Krung Thep Maha Nakhon 10110, Thailand
https://www.google.com/maps/place/?q=place_id:ChIJw-rVT1Ke4jAR8vyAhe_0c00
ข้อมูลจาก ChefMinistry — chefministry.com</description>
      <ExtendedData>
        <Data name="rating"><value>4.4</value></Data>
        <Data name="reviews"><value>383</value></Data>
        <Data name="cuisine"><value>Chinese</value></Data>
        <Data name="area"><value>Watthana</value></Data>
        <Data name="google_maps"><value>https://www.google.com/maps/place/?q=place_id:ChIJw-rVT1Ke4jAR8vyAhe_0c00</value></Data>
      </ExtendedData>
      <Point><coordinates>100.5847708,13.740759299999999,0</coordinates></Point>
    </Placemark>
    <Placemark>
      <styleUrl>#cm7</styleUrl>
      <name>ง้วนติ่มซำ</name>
      <description>⭐ 4.3 (397 รีวิว) · Chinese · Khlong San · ฿฿
274/1 Lat Ya Rd, Khwaeng Khlong San, Khet Khlong San, Krung Thep Maha Nakhon 10600, Thailand
https://www.google.com/maps/place/?q=place_id:ChIJgSZatf-Z4jARzS2VMwlMseI
ข้อมูลจาก ChefMinistry — chefministry.com</description>
      <ExtendedData>
        <Data name="rating"><value>4.3</value></Data>
        <Data name="reviews"><value>397</value></Data>
        <Data name="cuisine"><value>Chinese</value></Data>
        <Data name="area"><value>Khlong San</value></Data>
        <Data name="google_maps"><value>https://www.google.com/maps/place/?q=place_id:ChIJgSZatf-Z4jARzS2VMwlMseI</value></Data>
      </ExtendedData>
      <Point><coordinates>100.4974392,13.7271688,0</coordinates></Point>
    </Placemark>
    <Placemark>
      <styleUrl>#cm7</styleUrl>
      <name>ฮะเซ้ง โภชนา • ราชาเป็ดย่าง อ่อนนุช</name>
      <description>⭐ 4.6 (313 รีวิว) · Chinese · สวนหลวง · ฿
2033 On Nut Rd, แขวง อ่อนนุช Khet Suan Luang, Krung Thep Maha Nakhon 10250, Thailand
https://www.google.com/maps/place/?q=place_id:ChIJGRIs2T5gHTER_YP9-GsMpt4
ข้อมูลจาก ChefMinistry — chefministry.com</description>
      <ExtendedData>
        <Data name="rating"><value>4.6</value></Data>
        <Data name="reviews"><value>313</value></Data>
        <Data name="cuisine"><value>Chinese</value></Data>
        <Data name="area"><value>สวนหลวง</value></Data>
        <Data name="google_maps"><value>https://www.google.com/maps/place/?q=place_id:ChIJGRIs2T5gHTER_YP9-GsMpt4</value></Data>
      </ExtendedData>
      <Point><coordinates>100.6391488,13.711662899999999,0</coordinates></Point>
    </Placemark>
    <Placemark>
      <styleUrl>#cm7</styleUrl>
      <name>Lhong Ma Lhao</name>
      <description>⭐ 4.7 (287 รีวิว) · Chinese · Yaowarat · ฿
118 Phadung Dao Rd, สัมพันธวงศ์ Khet Samphanthawong, Krung Thep Maha Nakhon 10100, Thailand
https://www.google.com/maps/place/?q=place_id:ChIJC1U0FIuZ4jARIROEG3wN_ZQ
ข้อมูลจาก ChefMinistry — chefministry.com</description>
      <ExtendedData>
        <Data name="rating"><value>4.7</value></Data>
        <Data name="reviews"><value>287</value></Data>
        <Data name="cuisine"><value>Chinese</value></Data>
        <Data name="area"><value>Yaowarat</value></Data>
        <Data name="google_maps"><value>https://www.google.com/maps/place/?q=place_id:ChIJC1U0FIuZ4jARIROEG3wN_ZQ</value></Data>
      </ExtendedData>
      <Point><coordinates>100.5101021,13.739680799999999,0</coordinates></Point>
    </Placemark>
    <Placemark>
      <styleUrl>#cm7</styleUrl>
      <name>Tinn feng</name>
      <description>⭐ 4.4 (233 รีวิว) · Chinese · Phra Nakhon · ฿
51 Thanon Mahannop, Khwaeng Sao Chingcha, Khet Phra Nakhon, Krung Thep Maha Nakhon 10200, Thailand
https://www.google.com/maps/place/?q=place_id:ChIJuXuaKmmZ4jARBjQskgg7sjU
ข้อมูลจาก ChefMinistry — chefministry.com</description>
      <ExtendedData>
        <Data name="rating"><value>4.4</value></Data>
        <Data name="reviews"><value>233</value></Data>
        <Data name="cuisine"><value>Chinese</value></Data>
        <Data name="area"><value>Phra Nakhon</value></Data>
        <Data name="google_maps"><value>https://www.google.com/maps/place/?q=place_id:ChIJuXuaKmmZ4jARBjQskgg7sjU</value></Data>
      </ExtendedData>
      <Point><coordinates>100.5001231,13.753670099999999,0</coordinates></Point>
    </Placemark>
    <Placemark>
      <styleUrl>#cm7</styleUrl>
      <name>เป็ดย่างคลังเชลล์</name>
      <description>⭐ 4.4 (212 รีวิว) · Chinese · Khlong Toei · ฿
177 Na Ranong Rd, Khwaeng Khlong Toei, Khet Khlong Toei, Krung Thep Maha Nakhon 10110, Thailand
https://www.google.com/maps/place/?q=place_id:ChIJh7kAOROf4jARIO-uCg69FLU
ข้อมูลจาก ChefMinistry — chefministry.com</description>
      <ExtendedData>
        <Data name="rating"><value>4.4</value></Data>
        <Data name="reviews"><value>212</value></Data>
        <Data name="cuisine"><value>Chinese</value></Data>
        <Data name="area"><value>Khlong Toei</value></Data>
        <Data name="google_maps"><value>https://www.google.com/maps/place/?q=place_id:ChIJh7kAOROf4jARIO-uCg69FLU</value></Data>
      </ExtendedData>
      <Point><coordinates>100.55933449999999,13.711451499999999,0</coordinates></Point>
    </Placemark>
    <Placemark>
      <styleUrl>#cm7</styleUrl>
      <name>นันฟ้าเป็ดย่าง สูตรฮ่องกง</name>
      <description>⭐ 4.4 (209 รีวิว) · Chinese · Phra Nakhon · ฿
164 Dinso Rd, Khwaeng Sao Chingcha, Khet Phra Nakhon, Krung Thep Maha Nakhon 10200, Thailand
https://www.google.com/maps/place/?q=place_id:ChIJVTI38ROZ4jAR7MQAb0T9HiE
ข้อมูลจาก ChefMinistry — chefministry.com</description>
      <ExtendedData>
        <Data name="rating"><value>4.4</value></Data>
        <Data name="reviews"><value>209</value></Data>
        <Data name="cuisine"><value>Chinese</value></Data>
        <Data name="area"><value>Phra Nakhon</value></Data>
        <Data name="google_maps"><value>https://www.google.com/maps/place/?q=place_id:ChIJVTI38ROZ4jAR7MQAb0T9HiE</value></Data>
      </ExtendedData>
      <Point><coordinates>100.5010956,13.7540144,0</coordinates></Point>
    </Placemark>
    <Placemark>
      <styleUrl>#cm7</styleUrl>
      <name>เป็ดย่างประตูทอง</name>
      <description>⭐ 4.3 (212 รีวิว) · Chinese · คลองจั่น · ฿
102 ซอย Thanon Happy Land Sai 2, Khwaeng Khlong Chan, Khet Bang Kapi, Krung Thep Maha Nakhon 10240, Thailand
https://www.google.com/maps/place/?q=place_id:ChIJy1ejpYxhHTER2AYf1rKX-WM
ข้อมูลจาก ChefMinistry — chefministry.com</description>
      <ExtendedData>
        <Data name="rating"><value>4.3</value></Data>
        <Data name="reviews"><value>212</value></Data>
        <Data name="cuisine"><value>Chinese</value></Data>
        <Data name="area"><value>คลองจั่น</value></Data>
        <Data name="google_maps"><value>https://www.google.com/maps/place/?q=place_id:ChIJy1ejpYxhHTER2AYf1rKX-WM</value></Data>
      </ExtendedData>
      <Point><coordinates>100.6429983,13.7693329,0</coordinates></Point>
    </Placemark>
    <Placemark>
      <styleUrl>#cm7</styleUrl>
      <name>สุชิน เป็ดย่าง</name>
      <description>⭐ 4.3 (204 รีวิว) · Chinese · Huai Khwang · ฿
520 Soi Pracha Rat Bamphen 24, Lane 2, Khwaeng Samsen Nok, Khet Huai Khwang, Krung Thep Maha Nakhon 10310, Thailand
https://www.google.com/maps/place/?q=place_id:ChIJVVXF4Ned4jAROZoIbogygLI
ข้อมูลจาก ChefMinistry — chefministry.com</description>
      <ExtendedData>
        <Data name="rating"><value>4.3</value></Data>
        <Data name="reviews"><value>204</value></Data>
        <Data name="cuisine"><value>Chinese</value></Data>
        <Data name="area"><value>Huai Khwang</value></Data>
        <Data name="google_maps"><value>https://www.google.com/maps/place/?q=place_id:ChIJVVXF4Ned4jAROZoIbogygLI</value></Data>
      </ExtendedData>
      <Point><coordinates>100.58462709999999,13.7783654,0</coordinates></Point>
    </Placemark>
  </Folder>
  <Style id="cm8"><IconStyle><color>ff8fd14f</color><Icon><href>http://maps.google.com/mapfiles/kml/shapes/dining.png</href></Icon></IconStyle></Style>
  <Folder>
    <name>🍕 ตะวันตก</name>
    <Placemark>
      <styleUrl>#cm8</styleUrl>
      <name>The Gardens of Dinsor Palace</name>
      <description>⭐ 4.4 (1,819 รีวิว) · Italian · Ekkamai · ฿฿
1217/2 ซอย ชุมพล Khwaeng Khlong Tan Nuea, Watthana, Krung Thep Maha Nakhon 10110, Thailand
https://www.google.com/maps/place/?q=place_id:ChIJ947tbq-f4jARmqxnBY9oxv4
ข้อมูลจาก ChefMinistry — chefministry.com</description>
      <ExtendedData>
        <Data name="rating"><value>4.4</value></Data>
        <Data name="reviews"><value>1819</value></Data>
        <Data name="cuisine"><value>Italian</value></Data>
        <Data name="area"><value>Ekkamai</value></Data>
        <Data name="google_maps"><value>https://www.google.com/maps/place/?q=place_id:ChIJ947tbq-f4jARmqxnBY9oxv4</value></Data>
      </ExtendedData>
      <Point><coordinates>100.58228220000001,13.722617399999999,0</coordinates></Point>
    </Placemark>
    <Placemark>
      <styleUrl>#cm8</styleUrl>
      <name>คาซ่า พาสต้า</name>
      <description>⭐ 4.7 (1,358 รีวิว) · Italian · Ram Khamhaeng · ฿฿
101/1 ถนน สุขุมวิท 101/1 Khwaeng Bang Chak, Khet Phra Khanong, Krung Thep Maha Nakhon 10260, Thailand
https://www.google.com/maps/place/?q=place_id:ChIJQYkgJQCg4jARcf79HUg352w
ข้อมูลจาก ChefMinistry — chefministry.com</description>
      <ExtendedData>
        <Data name="rating"><value>4.7</value></Data>
        <Data name="reviews"><value>1358</value></Data>
        <Data name="cuisine"><value>Italian</value></Data>
        <Data name="area"><value>Ram Khamhaeng</value></Data>
        <Data name="google_maps"><value>https://www.google.com/maps/place/?q=place_id:ChIJQYkgJQCg4jARcf79HUg352w</value></Data>
      </ExtendedData>
      <Point><coordinates>100.6142246,13.6844813,0</coordinates></Point>
    </Placemark>
    <Placemark>
      <styleUrl>#cm8</styleUrl>
      <name>Featherstone</name>
      <description>⭐ 4.6 (977 รีวิว) · Italian · Sukhumvit · ฿฿
60 Soi Ekkamai 12, Khwaeng Khlong Tan Nuea, Watthana, Krung Thep Maha Nakhon 10110, Thailand
https://www.google.com/maps/place/?q=place_id:ChIJyZMyxEie4jARAxudnxGQbTA
ข้อมูลจาก ChefMinistry — chefministry.com</description>
      <ExtendedData>
        <Data name="rating"><value>4.6</value></Data>
        <Data name="reviews"><value>977</value></Data>
        <Data name="cuisine"><value>Italian</value></Data>
        <Data name="area"><value>Sukhumvit</value></Data>
        <Data name="google_maps"><value>https://www.google.com/maps/place/?q=place_id:ChIJyZMyxEie4jARAxudnxGQbTA</value></Data>
      </ExtendedData>
      <Point><coordinates>100.59303059999999,13.7297797,0</coordinates></Point>
    </Placemark>
    <Placemark>
      <styleUrl>#cm8</styleUrl>
      <name>DDC PIZZA ( Délices de Capoue )</name>
      <description>⭐ 4.7 (487 รีวิว) · Italian · Ekkamai · ฿฿
359/7 Ekamai Complex, ซ. สุขุมวิท 63 Klongtan Nua, เขตวัฒนา กรุงเทพมหานคร 10110, Thailand
https://www.google.com/maps/place/?q=place_id:ChIJ95N6uE2e4jARK7OM6zQB5LI
ข้อมูลจาก ChefMinistry — chefministry.com</description>
      <ExtendedData>
        <Data name="rating"><value>4.7</value></Data>
        <Data name="reviews"><value>487</value></Data>
        <Data name="cuisine"><value>Italian</value></Data>
        <Data name="area"><value>Ekkamai</value></Data>
        <Data name="google_maps"><value>https://www.google.com/maps/place/?q=place_id:ChIJ95N6uE2e4jARK7OM6zQB5LI</value></Data>
      </ExtendedData>
      <Point><coordinates>100.58775109999999,13.736444899999999,0</coordinates></Point>
    </Placemark>
    <Placemark>
      <styleUrl>#cm8</styleUrl>
      <name>MARU MARU PIZZA</name>
      <description>⭐ 4.7 (425 รีวิว) · Italian · Watthana · ฿฿
14 Soi Sukhumvit 67, Khwaeng Phra Khanong Nuea, Watthana, Krung Thep Maha Nakhon 10110, Thailand
https://www.google.com/maps/place/?q=place_id:ChIJad4_faGf4jARQ10zyW3P1N0
ข้อมูลจาก ChefMinistry — chefministry.com</description>
      <ExtendedData>
        <Data name="rating"><value>4.7</value></Data>
        <Data name="reviews"><value>425</value></Data>
        <Data name="cuisine"><value>Italian</value></Data>
        <Data name="area"><value>Watthana</value></Data>
        <Data name="google_maps"><value>https://www.google.com/maps/place/?q=place_id:ChIJad4_faGf4jARQ10zyW3P1N0</value></Data>
      </ExtendedData>
      <Point><coordinates>100.590795,13.717673399999999,0</coordinates></Point>
    </Placemark>
    <Placemark>
      <styleUrl>#cm8</styleUrl>
      <name>the sparrow</name>
      <description>⭐ 4.5 (478 รีวิว) · Italian · Ekkamai · ฿฿
28/12 Sukhumvit 61, Khwaeng Phra Khanong Nuea, Watthana, Krung Thep Maha Nakhon 10110, Thailand
https://www.google.com/maps/place/?q=place_id:ChIJQa58lluf4jARyHcBKr_HOY0
ข้อมูลจาก ChefMinistry — chefministry.com</description>
      <ExtendedData>
        <Data name="rating"><value>4.5</value></Data>
        <Data name="reviews"><value>478</value></Data>
        <Data name="cuisine"><value>Italian</value></Data>
        <Data name="area"><value>Ekkamai</value></Data>
        <Data name="google_maps"><value>https://www.google.com/maps/place/?q=place_id:ChIJQa58lluf4jARyHcBKr_HOY0</value></Data>
      </ExtendedData>
      <Point><coordinates>100.58340749999999,13.724198999999999,0</coordinates></Point>
    </Placemark>
    <Placemark>
      <styleUrl>#cm8</styleUrl>
      <name>Daniel Thaiger Burger &amp; STAX Burger</name>
      <description>⭐ 4.6 (379 รีวิว) · Thai-American Burger · Huai Khwang · ฿฿
419, 1 Soi Phetchaburi 47, Lane 3-4, Khwaeng Bang Kapi, Khet Huai Khwang, Krung Thep Maha Nakhon 10310, Thailand
https://www.google.com/maps/place/?q=place_id:ChIJPfsvjFue4jARRyUO6wg0dNQ
ข้อมูลจาก ChefMinistry — chefministry.com</description>
      <ExtendedData>
        <Data name="rating"><value>4.6</value></Data>
        <Data name="reviews"><value>379</value></Data>
        <Data name="cuisine"><value>Thai-American Burger</value></Data>
        <Data name="area"><value>Huai Khwang</value></Data>
        <Data name="google_maps"><value>https://www.google.com/maps/place/?q=place_id:ChIJPfsvjFue4jARRyUO6wg0dNQ</value></Data>
      </ExtendedData>
      <Point><coordinates>100.5819635,13.7490382,0</coordinates></Point>
    </Placemark>
    <Placemark>
      <styleUrl>#cm8</styleUrl>
      <name>Armenio's Modern Grandma</name>
      <description>⭐ 4.8 (304 รีวิว) · Italian · Sathorn · ฿฿
48 Soi Saphan Khu, Khwaeng Thung Maha Mek, Khet Sathon, Krung Thep Maha Nakhon 10120, Thailand
https://www.google.com/maps/place/?q=place_id:ChIJ29JGW2if4jARCjVU6F91zDc
ข้อมูลจาก ChefMinistry — chefministry.com</description>
      <ExtendedData>
        <Data name="rating"><value>4.8</value></Data>
        <Data name="reviews"><value>304</value></Data>
        <Data name="cuisine"><value>Italian</value></Data>
        <Data name="area"><value>Sathorn</value></Data>
        <Data name="google_maps"><value>https://www.google.com/maps/place/?q=place_id:ChIJ29JGW2if4jARCjVU6F91zDc</value></Data>
      </ExtendedData>
      <Point><coordinates>100.5479364,13.7219907,0</coordinates></Point>
    </Placemark>
    <Placemark>
      <styleUrl>#cm8</styleUrl>
      <name>Joe and Manoach Pizza</name>
      <description>⭐ 4.9 (190 รีวิว) · Italian · Yan Nawa · ฿฿
267 45 Thanon Naradhiwat Rajanagarindra, Khwaeng Yan Nawa, Khet Sathon, Krung Thep Maha Nakhon 10120, Thailand
https://www.google.com/maps/place/?q=place_id:ChIJTTtGzqSZ4jAR_aKz2hFi7bQ
ข้อมูลจาก ChefMinistry — chefministry.com</description>
      <ExtendedData>
        <Data name="rating"><value>4.9</value></Data>
        <Data name="reviews"><value>190</value></Data>
        <Data name="cuisine"><value>Italian</value></Data>
        <Data name="area"><value>Yan Nawa</value></Data>
        <Data name="google_maps"><value>https://www.google.com/maps/place/?q=place_id:ChIJTTtGzqSZ4jAR_aKz2hFi7bQ</value></Data>
      </ExtendedData>
      <Point><coordinates>100.5318171,13.7169373,0</coordinates></Point>
    </Placemark>
  </Folder>
  <Style id="cm9"><IconStyle><color>ff9e9e9e</color><Icon><href>http://maps.google.com/mapfiles/kml/shapes/dining.png</href></Icon></IconStyle></Style>
  <Folder>
    <name>✨ ร้านน่าสนใจอื่นๆ</name>
    <Placemark>
      <styleUrl>#cm9</styleUrl>
      <name>ซ้งเป็ดพะโล้ วังหิน</name>
      <description>⭐ 4.4 (6,802 รีวิว) · Other · Lat Phrao · ฿฿
82 Thanon Lat Phrao Wanghin, Khwaeng Lat Phrao, Khet Lat Phrao, Krung Thep Maha Nakhon 10230, Thailand
https://www.google.com/maps/place/?q=place_id:ChIJtcrdOAyd4jARyl0SWdLVfic
ข้อมูลจาก ChefMinistry — chefministry.com</description>
      <ExtendedData>
        <Data name="rating"><value>4.4</value></Data>
        <Data name="reviews"><value>6802</value></Data>
        <Data name="cuisine"><value>Other</value></Data>
        <Data name="area"><value>Lat Phrao</value></Data>
        <Data name="google_maps"><value>https://www.google.com/maps/place/?q=place_id:ChIJtcrdOAyd4jARyl0SWdLVfic</value></Data>
      </ExtendedData>
      <Point><coordinates>100.5919361,13.830842899999999,0</coordinates></Point>
    </Placemark>
    <Placemark>
      <styleUrl>#cm9</styleUrl>
      <name>ขาหมูเจริญแสงสีลม สีลม</name>
      <description>⭐ 4.4 (4,580 รีวิว) · Other · Silom · ฿
492/6 ถ.สีลม ติด Soi Charoen Krung 49, Khwaeng Suriya Wong, Khet Bang Rak, Krung Thep Maha Nakhon 10500, Thailand
https://www.google.com/maps/place/?q=place_id:ChIJN7WtOMWY4jAR871Dy2U8mbA
ข้อมูลจาก ChefMinistry — chefministry.com</description>
      <ExtendedData>
        <Data name="rating"><value>4.4</value></Data>
        <Data name="reviews"><value>4580</value></Data>
        <Data name="cuisine"><value>Other</value></Data>
        <Data name="area"><value>Silom</value></Data>
        <Data name="google_maps"><value>https://www.google.com/maps/place/?q=place_id:ChIJN7WtOMWY4jAR871Dy2U8mbA</value></Data>
      </ExtendedData>
      <Point><coordinates>100.5168825,13.7228017,0</coordinates></Point>
    </Placemark>
    <Placemark>
      <styleUrl>#cm9</styleUrl>
      <name>เฮียให้ HERE HAI เอกมัย</name>
      <description>⭐ 4.4 (3,907 รีวิว) · Other · Ekkamai · ฿฿
112, 1 Thanon Ekkamai, Khwaeng Khlong Tan Nuea, Watthana, Krung Thep Maha Nakhon 10110, Thailand
https://www.google.com/maps/place/?q=place_id:ChIJTUsNVjOf4jARkGF5xIeIJCY
ข้อมูลจาก ChefMinistry — chefministry.com</description>
      <ExtendedData>
        <Data name="rating"><value>4.4</value></Data>
        <Data name="reviews"><value>3907</value></Data>
        <Data name="cuisine"><value>Other</value></Data>
        <Data name="area"><value>Ekkamai</value></Data>
        <Data name="google_maps"><value>https://www.google.com/maps/place/?q=place_id:ChIJTUsNVjOf4jARkGF5xIeIJCY</value></Data>
      </ExtendedData>
      <Point><coordinates>100.586342,13.7302655,0</coordinates></Point>
    </Placemark>
    <Placemark>
      <styleUrl>#cm9</styleUrl>
      <name>ฮั่วเซ่งฮง เซ็นทรัล พระราม 9</name>
      <description>⭐ 4.7 (2,497 รีวิว) · Other · Huai Khwang · ฿฿
Rama IX Rd, ห้วยขวาง Khet Huai Khwang, Krung Thep Maha Nakhon 10310, Thailand
https://www.google.com/maps/place/?q=place_id:ChIJuZ6-Ho2e4jARHEBaAYreb7M
ข้อมูลจาก ChefMinistry — chefministry.com</description>
      <ExtendedData>
        <Data name="rating"><value>4.7</value></Data>
        <Data name="reviews"><value>2497</value></Data>
        <Data name="cuisine"><value>Other</value></Data>
        <Data name="area"><value>Huai Khwang</value></Data>
        <Data name="google_maps"><value>https://www.google.com/maps/place/?q=place_id:ChIJuZ6-Ho2e4jARHEBaAYreb7M</value></Data>
      </ExtendedData>
      <Point><coordinates>100.5660382,13.758655699999998,0</coordinates></Point>
    </Placemark>
    <Placemark>
      <styleUrl>#cm9</styleUrl>
      <name>via emilia restaurant สาทร sathorn</name>
      <description>⭐ 4.7 (1,941 รีวิว) · Other · Sathorn · ฿฿
1040 Soi Naradhiwas Rajanagarindra 17, Lane 5, Khwaeng Thung Maha Mek, Khet Sathon, Krung Thep Maha Nakhon 10120, Thailand
https://www.google.com/maps/place/?q=place_id:ChIJ3-sH4Taf4jARSnkHsIuLKa4
ข้อมูลจาก ChefMinistry — chefministry.com</description>
      <ExtendedData>
        <Data name="rating"><value>4.7</value></Data>
        <Data name="reviews"><value>1941</value></Data>
        <Data name="cuisine"><value>Other</value></Data>
        <Data name="area"><value>Sathorn</value></Data>
        <Data name="google_maps"><value>https://www.google.com/maps/place/?q=place_id:ChIJ3-sH4Taf4jARSnkHsIuLKa4</value></Data>
      </ExtendedData>
      <Point><coordinates>100.5364041,13.7156627,0</coordinates></Point>
    </Placemark>
    <Placemark>
      <styleUrl>#cm9</styleUrl>
      <name>คลั่งเนื้อ อารีย์ซอย 5 klang nuea</name>
      <description>⭐ 4.9 (1,359 รีวิว) · Other · Ari · ฿฿
55 ซอย พหลโยธิน 7 Phaya Thai, Khet Phaya Thai, Krung Thep Maha Nakhon 10400, Thailand
https://www.google.com/maps/place/?q=place_id:ChIJ5-NrNQCf4jARbXm38NO3_G0
ข้อมูลจาก ChefMinistry — chefministry.com</description>
      <ExtendedData>
        <Data name="rating"><value>4.9</value></Data>
        <Data name="reviews"><value>1359</value></Data>
        <Data name="cuisine"><value>Other</value></Data>
        <Data name="area"><value>Ari</value></Data>
        <Data name="google_maps"><value>https://www.google.com/maps/place/?q=place_id:ChIJ5-NrNQCf4jARbXm38NO3_G0</value></Data>
      </ExtendedData>
      <Point><coordinates>100.5384938,13.7790964,0</coordinates></Point>
    </Placemark>
    <Placemark>
      <styleUrl>#cm9</styleUrl>
      <name>lucky s hungry อารีย์</name>
      <description>⭐ 4.7 (1,542 รีวิว) · Other · Ari · ฿฿
9 1 Soi Ari 3, Phaya Thai, Khet Phaya Thai, Krung Thep Maha Nakhon 10400, Thailand
https://www.google.com/maps/place/?q=place_id:ChIJc6nvAmGd4jAREp6SCD85N_Q
ข้อมูลจาก ChefMinistry — chefministry.com</description>
      <ExtendedData>
        <Data name="rating"><value>4.7</value></Data>
        <Data name="reviews"><value>1542</value></Data>
        <Data name="cuisine"><value>Other</value></Data>
        <Data name="area"><value>Ari</value></Data>
        <Data name="google_maps"><value>https://www.google.com/maps/place/?q=place_id:ChIJc6nvAmGd4jAREp6SCD85N_Q</value></Data>
      </ExtendedData>
      <Point><coordinates>100.5427625,13.781774100000002,0</coordinates></Point>
    </Placemark>
    <Placemark>
      <styleUrl>#cm9</styleUrl>
      <name>อรุณวรรณ เอกมัย</name>
      <description>⭐ 4.6 (1,524 รีวิว) · Other · Ekkamai · ฿
295 อาคาร, PARK X ปาก, Soi Ekkamai 15, Khwaeng Khlong Tan Nuea, Watthana, Krung Thep Maha Nakhon 10110, Thailand
https://www.google.com/maps/place/?q=place_id:ChIJUfuTC02e4jARzgdD-i0Tbr0
ข้อมูลจาก ChefMinistry — chefministry.com</description>
      <ExtendedData>
        <Data name="rating"><value>4.6</value></Data>
        <Data name="reviews"><value>1524</value></Data>
        <Data name="cuisine"><value>Other</value></Data>
        <Data name="area"><value>Ekkamai</value></Data>
        <Data name="google_maps"><value>https://www.google.com/maps/place/?q=place_id:ChIJUfuTC02e4jARzgdD-i0Tbr0</value></Data>
      </ExtendedData>
      <Point><coordinates>100.5877088,13.7350288,0</coordinates></Point>
    </Placemark>
    <Placemark>
      <styleUrl>#cm9</styleUrl>
      <name>Escape Bangkok</name>
      <description>⭐ 4.5 (1,531 รีวิว) · Other · Sukhumvit · ฿฿
693-695 5th Floor, Building B, EmQuartier Khwaeng Khlong Tan Nuea, Watthana, Krung Thep Maha Nakhon 10110, Thailand
https://www.google.com/maps/place/?q=place_id:ChIJEZrYkQGf4jARGGfodkPJnEE
ข้อมูลจาก ChefMinistry — chefministry.com</description>
      <ExtendedData>
        <Data name="rating"><value>4.5</value></Data>
        <Data name="reviews"><value>1531</value></Data>
        <Data name="cuisine"><value>Other</value></Data>
        <Data name="area"><value>Sukhumvit</value></Data>
        <Data name="google_maps"><value>https://www.google.com/maps/place/?q=place_id:ChIJEZrYkQGf4jARGGfodkPJnEE</value></Data>
      </ExtendedData>
      <Point><coordinates>100.5698092,13.731144299999999,0</coordinates></Point>
    </Placemark>
    <Placemark>
      <styleUrl>#cm9</styleUrl>
      <name>Brewski Rooftop Bar</name>
      <description>⭐ 4.3 (1,774 รีวิว) · Other · Sukhumvit · ฿฿
489 Sukhumvit Rd, Khlong Toei Nuea Watthana, Krung Thep Maha Nakhon 10110, Thailand
https://www.google.com/maps/place/?q=place_id:ChIJZ5sHSP2e4jARKY8-F-aVpcg
ข้อมูลจาก ChefMinistry — chefministry.com</description>
      <ExtendedData>
        <Data name="rating"><value>4.3</value></Data>
        <Data name="reviews"><value>1774</value></Data>
        <Data name="cuisine"><value>Other</value></Data>
        <Data name="area"><value>Sukhumvit</value></Data>
        <Data name="google_maps"><value>https://www.google.com/maps/place/?q=place_id:ChIJZ5sHSP2e4jARKY8-F-aVpcg</value></Data>
      </ExtendedData>
      <Point><coordinates>100.5640981,13.735310799999999,0</coordinates></Point>
    </Placemark>
    <Placemark>
      <styleUrl>#cm9</styleUrl>
      <name>Gokfayuen</name>
      <description>⭐ 4.7 (1,219 รีวิว) · Other · Thonglor · ฿฿
161/7 Soi Thong Lo 9, Khwaeng Khlong Tan Nuea, Watthana, Krung Thep Maha Nakhon 10110, Thailand
https://www.google.com/maps/place/?q=place_id:ChIJsXo-R1Oe4jAR0uX1KhmJSbI
ข้อมูลจาก ChefMinistry — chefministry.com</description>
      <ExtendedData>
        <Data name="rating"><value>4.7</value></Data>
        <Data name="reviews"><value>1219</value></Data>
        <Data name="cuisine"><value>Other</value></Data>
        <Data name="area"><value>Thonglor</value></Data>
        <Data name="google_maps"><value>https://www.google.com/maps/place/?q=place_id:ChIJsXo-R1Oe4jAR0uX1KhmJSbI</value></Data>
      </ExtendedData>
      <Point><coordinates>100.58100230000001,13.731363,0</coordinates></Point>
    </Placemark>
    <Placemark>
      <styleUrl>#cm9</styleUrl>
      <name>หอมด่วน เอกมัย</name>
      <description>⭐ 4.5 (1,299 รีวิว) · Other · Ekkamai · ฿
klongtannuea (BTS, ถนน เอกมัย แขวงพระโขนงเหนือ เขตวัฒนา กรุงเทพมหานคร 10110, Thailand
https://www.google.com/maps/place/?q=place_id:ChIJJ6tPN66f4jARrTIOV6CN50E
ข้อมูลจาก ChefMinistry — chefministry.com</description>
      <ExtendedData>
        <Data name="rating"><value>4.5</value></Data>
        <Data name="reviews"><value>1299</value></Data>
        <Data name="cuisine"><value>Other</value></Data>
        <Data name="area"><value>Ekkamai</value></Data>
        <Data name="google_maps"><value>https://www.google.com/maps/place/?q=place_id:ChIJJ6tPN66f4jARrTIOV6CN50E</value></Data>
      </ExtendedData>
      <Point><coordinates>100.58505889999999,13.7236921,0</coordinates></Point>
    </Placemark>
    <Placemark>
      <styleUrl>#cm9</styleUrl>
      <name>Beast &amp;amp; Butter</name>
      <description>⭐ 4.6 (960 รีวิว) · Other · Thonglor · ฿฿
270 Soi Thong Lo, Khwaeng Khlong Tan Nuea, Watthana, Krung Thep Maha Nakhon 10110, Thailand
https://www.google.com/maps/place/?q=place_id:ChIJFftycf2f4jARwnxIgkl4Kn4
ข้อมูลจาก ChefMinistry — chefministry.com</description>
      <ExtendedData>
        <Data name="rating"><value>4.6</value></Data>
        <Data name="reviews"><value>960</value></Data>
        <Data name="cuisine"><value>Other</value></Data>
        <Data name="area"><value>Thonglor</value></Data>
        <Data name="google_maps"><value>https://www.google.com/maps/place/?q=place_id:ChIJFftycf2f4jARwnxIgkl4Kn4</value></Data>
      </ExtendedData>
      <Point><coordinates>100.5828512,13.7320906,0</coordinates></Point>
    </Placemark>
    <Placemark>
      <styleUrl>#cm9</styleUrl>
      <name>fishmonger อารีย์ ari</name>
      <description>⭐ 4.4 (1,062 รีวิว) · Other · Ari · ฿฿
10, 6 Soi Ari 4, Phaya Thai, Khet Phaya Thai, Krung Thep Maha Nakhon 10400, Thailand
https://www.google.com/maps/place/?q=place_id:ChIJi9oe0BSd4jARrjC1zDGgfb4
ข้อมูลจาก ChefMinistry — chefministry.com</description>
      <ExtendedData>
        <Data name="rating"><value>4.4</value></Data>
        <Data name="reviews"><value>1062</value></Data>
        <Data name="cuisine"><value>Other</value></Data>
        <Data name="area"><value>Ari</value></Data>
        <Data name="google_maps"><value>https://www.google.com/maps/place/?q=place_id:ChIJi9oe0BSd4jARrjC1zDGgfb4</value></Data>
      </ExtendedData>
      <Point><coordinates>100.54345599999999,13.784777799999999,0</coordinates></Point>
    </Placemark>
    <Placemark>
      <styleUrl>#cm9</styleUrl>
      <name>69 Rock Men ทองหล่อ</name>
      <description>⭐ 4.6 (864 รีวิว) · Other · Thonglor · ฿฿
44 11 Soi Akapat Sukhumvit 55 Rd, Khwaeng Khlong Tan Nuea, Watthana, Krung Thep Maha Nakhon 10110, Thailand
https://www.google.com/maps/place/?q=place_id:ChIJyxHkUZKf4jAROJ5gk1aHKXU
ข้อมูลจาก ChefMinistry — chefministry.com</description>
      <ExtendedData>
        <Data name="rating"><value>4.6</value></Data>
        <Data name="reviews"><value>864</value></Data>
        <Data name="cuisine"><value>Other</value></Data>
        <Data name="area"><value>Thonglor</value></Data>
        <Data name="google_maps"><value>https://www.google.com/maps/place/?q=place_id:ChIJyxHkUZKf4jAROJ5gk1aHKXU</value></Data>
      </ExtendedData>
      <Point><coordinates>100.58008439999999,13.733638,0</coordinates></Point>
    </Placemark>
    <Placemark>
      <styleUrl>#cm9</styleUrl>
      <name>เฝอ 54  ลาดพร้าววังหิน</name>
      <description>⭐ 4.5 (929 รีวิว) · Other · Lat Phrao · ฿฿
688 Soi Lat Phrao Wang Hin 60, Khwaeng Lat Phrao, Khet Lat Phrao, Krung Thep Maha Nakhon 10230, Thailand
https://www.google.com/maps/place/?q=place_id:ChIJ5Yx9yqCd4jARN6YtUbqT5Kg
ข้อมูลจาก ChefMinistry — chefministry.com</description>
      <ExtendedData>
        <Data name="rating"><value>4.5</value></Data>
        <Data name="reviews"><value>929</value></Data>
        <Data name="cuisine"><value>Other</value></Data>
        <Data name="area"><value>Lat Phrao</value></Data>
        <Data name="google_maps"><value>https://www.google.com/maps/place/?q=place_id:ChIJ5Yx9yqCd4jARN6YtUbqT5Kg</value></Data>
      </ExtendedData>
      <Point><coordinates>100.59180029999999,13.822072299999999,0</coordinates></Point>
    </Placemark>
    <Placemark>
      <styleUrl>#cm9</styleUrl>
      <name>ร้าน สมศักดิ์</name>
      <description>⭐ 4.8 (719 รีวิว) · Other · Sukhumvit · ฿฿
1319 Sukhumvit Rd, Khwaeng Phra Khanong Nuea, Watthana, Krung Thep Maha Nakhon 10110, Thailand
https://www.google.com/maps/place/?q=place_id:ChIJz5JqTwCf4jARL41kMcrveK4
ข้อมูลจาก ChefMinistry — chefministry.com</description>
      <ExtendedData>
        <Data name="rating"><value>4.8</value></Data>
        <Data name="reviews"><value>719</value></Data>
        <Data name="cuisine"><value>Other</value></Data>
        <Data name="area"><value>Sukhumvit</value></Data>
        <Data name="google_maps"><value>https://www.google.com/maps/place/?q=place_id:ChIJz5JqTwCf4jARL41kMcrveK4</value></Data>
      </ExtendedData>
      <Point><coordinates>100.58495409999999,13.7202108,0</coordinates></Point>
    </Placemark>
    <Placemark>
      <styleUrl>#cm9</styleUrl>
      <name>อาหารใต้ บ้านฉลอง Baan Chalong</name>
      <description>⭐ 4.5 (792 รีวิว) · Other · Lat Phrao · ฿฿
เลขที่ 100 Lat Pla Khao Rd, Khwaeng Chorakhe Bua, Khet Lat Phrao, Krung Thep Maha Nakhon 10230, Thailand
https://www.google.com/maps/place/?q=place_id:ChIJOV4PX72d4jARnM3B7eq7Y3M
ข้อมูลจาก ChefMinistry — chefministry.com</description>
      <ExtendedData>
        <Data name="rating"><value>4.5</value></Data>
        <Data name="reviews"><value>792</value></Data>
        <Data name="cuisine"><value>Other</value></Data>
        <Data name="area"><value>Lat Phrao</value></Data>
        <Data name="google_maps"><value>https://www.google.com/maps/place/?q=place_id:ChIJOV4PX72d4jARnM3B7eq7Y3M</value></Data>
      </ExtendedData>
      <Point><coordinates>100.5922842,13.8415068,0</coordinates></Point>
    </Placemark>
    <Placemark>
      <styleUrl>#cm9</styleUrl>
      <name>On the Table เซ็นทรัลพลาซ่า พระราม 9</name>
      <description>⭐ 4.6 (700 รีวิว) · Other · Rama 9 · ฿฿
ซอย รัชดาภิเษก 6 Khwaeng Huai Khwang, Khet Huai Khwang, Krung Thep Maha Nakhon 10310, Thailand
https://www.google.com/maps/place/?q=place_id:ChIJLzfyHY2e4jARllVQnYrjFYQ
ข้อมูลจาก ChefMinistry — chefministry.com</description>
      <ExtendedData>
        <Data name="rating"><value>4.6</value></Data>
        <Data name="reviews"><value>700</value></Data>
        <Data name="cuisine"><value>Other</value></Data>
        <Data name="area"><value>Rama 9</value></Data>
        <Data name="google_maps"><value>https://www.google.com/maps/place/?q=place_id:ChIJLzfyHY2e4jARllVQnYrjFYQ</value></Data>
      </ExtendedData>
      <Point><coordinates>100.56625679999999,13.758610299999999,0</coordinates></Point>
    </Placemark>
    <Placemark>
      <styleUrl>#cm9</styleUrl>
      <name>Kha Bangkok Food</name>
      <description>⭐ 4.7 (646 รีวิว) · Other · Sathorn · ฿฿
460, 1 Thanon Suan Phlu, Khwaeng Thung Maha Mek, Khet Sathon, Krung Thep Maha Nakhon 10120, Thailand
https://www.google.com/maps/place/?q=place_id:ChIJZ_SlWTaf4jARCqruJiHLZUA
ข้อมูลจาก ChefMinistry — chefministry.com</description>
      <ExtendedData>
        <Data name="rating"><value>4.7</value></Data>
        <Data name="reviews"><value>646</value></Data>
        <Data name="cuisine"><value>Other</value></Data>
        <Data name="area"><value>Sathorn</value></Data>
        <Data name="google_maps"><value>https://www.google.com/maps/place/?q=place_id:ChIJZ_SlWTaf4jARCqruJiHLZUA</value></Data>
      </ExtendedData>
      <Point><coordinates>100.5378678,13.7201811,0</coordinates></Point>
    </Placemark>
    <Placemark>
      <styleUrl>#cm9</styleUrl>
      <name>zoom sky bar 2 2</name>
      <description>⭐ 4.3 (824 รีวิว) · Other · Sathorn · ฿฿
40th Floor JC Kevin Sathorn Bangkok Hotel 36 Thanon Naradhiwat Rajanagarindra, Khwaeng Yan Nawa, Khet Sathon, Krung Thep Maha Nakhon 10120, Thailand
https://www.google.com/maps/place/?q=place_id:ChIJ-6S_kzSf4jARqIsHuSX1HAQ
ข้อมูลจาก ChefMinistry — chefministry.com</description>
      <ExtendedData>
        <Data name="rating"><value>4.3</value></Data>
        <Data name="reviews"><value>824</value></Data>
        <Data name="cuisine"><value>Other</value></Data>
        <Data name="area"><value>Sathorn</value></Data>
        <Data name="google_maps"><value>https://www.google.com/maps/place/?q=place_id:ChIJ-6S_kzSf4jARqIsHuSX1HAQ</value></Data>
      </ExtendedData>
      <Point><coordinates>100.5314439,13.716429900000001,0</coordinates></Point>
    </Placemark>
    <Placemark>
      <styleUrl>#cm9</styleUrl>
      <name>Hanazen</name>
      <description>⭐ 4.6 (630 รีวิว) · Other · Ari · ฿฿
42 Soi Ari 5, Phaya Thai, Khet Phaya Thai, Krung Thep Maha Nakhon 10400, Thailand
https://www.google.com/maps/place/?q=place_id:ChIJIwTfLqie4jARJBhb2gaWe8c
ข้อมูลจาก ChefMinistry — chefministry.com</description>
      <ExtendedData>
        <Data name="rating"><value>4.6</value></Data>
        <Data name="reviews"><value>630</value></Data>
        <Data name="cuisine"><value>Other</value></Data>
        <Data name="area"><value>Ari</value></Data>
        <Data name="google_maps"><value>https://www.google.com/maps/place/?q=place_id:ChIJIwTfLqie4jARJBhb2gaWe8c</value></Data>
      </ExtendedData>
      <Point><coordinates>100.5385587,13.7796556,0</coordinates></Point>
    </Placemark>
    <Placemark>
      <styleUrl>#cm9</styleUrl>
      <name>ครัวคุณอิ้น ซอยประดิษฐมนูธรรม 23</name>
      <description>⭐ 4.3 (769 รีวิว) · Other · Bueng Kum · ฿฿
23 Pradit Manutham Rd, Khwaeng Nawamin, Khet Bueng Kum, Krung Thep Maha Nakhon 10230, Thailand
https://www.google.com/maps/place/?q=place_id:ChIJrbqTiX5iHTERHwc96Whq9fg
ข้อมูลจาก ChefMinistry — chefministry.com</description>
      <ExtendedData>
        <Data name="rating"><value>4.3</value></Data>
        <Data name="reviews"><value>769</value></Data>
        <Data name="cuisine"><value>Other</value></Data>
        <Data name="area"><value>Bueng Kum</value></Data>
        <Data name="google_maps"><value>https://www.google.com/maps/place/?q=place_id:ChIJrbqTiX5iHTERHwc96Whq9fg</value></Data>
      </ExtendedData>
      <Point><coordinates>100.6240257,13.8190254,0</coordinates></Point>
    </Placemark>
    <Placemark>
      <styleUrl>#cm9</styleUrl>
      <name>Mellow Restaurant &amp;amp; Bar Penny&amp;apos;s Balcony ทองหล่อ 16</name>
      <description>⭐ 4.4 (594 รีวิว) · Other · Sukhumvit · ฿฿
16 Soi Thong Lo, Khwaeng Khlong Tan Nuea, Watthana, Krung Thep Maha Nakhon 10110, Thailand
https://www.google.com/maps/place/?q=place_id:ChIJkxPaAlOe4jARSq4RQholm-I
ข้อมูลจาก ChefMinistry — chefministry.com</description>
      <ExtendedData>
        <Data name="rating"><value>4.4</value></Data>
        <Data name="reviews"><value>594</value></Data>
        <Data name="cuisine"><value>Other</value></Data>
        <Data name="area"><value>Sukhumvit</value></Data>
        <Data name="google_maps"><value>https://www.google.com/maps/place/?q=place_id:ChIJkxPaAlOe4jARSq4RQholm-I</value></Data>
      </ExtendedData>
      <Point><coordinates>100.58294599999999,13.734555199999999,0</coordinates></Point>
    </Placemark>
    <Placemark>
      <styleUrl>#cm9</styleUrl>
      <name>เครป พรพิมล (เครปป้าเฉื่อย/เครปชาติหน้า)</name>
      <description>⭐ 4.5 (531 รีวิว) · Other · Lat Phrao · ฿฿
33, 311 Thanon Chok Chai 4, Khwaeng Lat Phrao, Khet Lat Phrao, Krung Thep Maha Nakhon 10230, Thailand
https://www.google.com/maps/place/?q=place_id:ChIJj7kUbqKd4jARgpX-Ob9VRuk
ข้อมูลจาก ChefMinistry — chefministry.com</description>
      <ExtendedData>
        <Data name="rating"><value>4.5</value></Data>
        <Data name="reviews"><value>531</value></Data>
        <Data name="cuisine"><value>Other</value></Data>
        <Data name="area"><value>Lat Phrao</value></Data>
        <Data name="google_maps"><value>https://www.google.com/maps/place/?q=place_id:ChIJj7kUbqKd4jARgpX-Ob9VRuk</value></Data>
      </ExtendedData>
      <Point><coordinates>100.59213530000001,13.8192676,0</coordinates></Point>
    </Placemark>
    <Placemark>
      <styleUrl>#cm9</styleUrl>
      <name>ร้านโกวใหญ่</name>
      <description>⭐ 4.4 (563 รีวิว) · Other · Lat Phrao · ฿
Soi Lat Phrao Wang Hin 36, Khwaeng Lat Phrao, Khet Lat Phrao, Krung Thep Maha Nakhon 10230, Thailand
https://www.google.com/maps/place/?q=place_id:ChIJQ4vOg6Sd4jARNjjX_FEOfi4
ข้อมูลจาก ChefMinistry — chefministry.com</description>
      <ExtendedData>
        <Data name="rating"><value>4.4</value></Data>
        <Data name="reviews"><value>563</value></Data>
        <Data name="cuisine"><value>Other</value></Data>
        <Data name="area"><value>Lat Phrao</value></Data>
        <Data name="google_maps"><value>https://www.google.com/maps/place/?q=place_id:ChIJQ4vOg6Sd4jARNjjX_FEOfi4</value></Data>
      </ExtendedData>
      <Point><coordinates>100.5913231,13.81449,0</coordinates></Point>
    </Placemark>
    <Placemark>
      <styleUrl>#cm9</styleUrl>
      <name>กุ้งหวาน ซีฟู้ด รามอินทรา3 Krua Kung Wan Seafood Restaurant 甜虾厨房海鲜餐厅</name>
      <description>⭐ 4.8 (419 รีวิว) · Seafood · Ram Khamhaeng · ฿฿
43/718 ถนนรามอินทรา ซอยรามอินทรา3 Central Department Store, ข้าง อนุสาวรีย์ Khet Bang Khen, Krung Thep Maha Nakhon 10220, Thailand
https://www.google.com/maps/place/?q=place_id:ChIJr7QlzimD4jARDOr8wNFfIPs
ข้อมูลจาก ChefMinistry — chefministry.com</description>
      <ExtendedData>
        <Data name="rating"><value>4.8</value></Data>
        <Data name="reviews"><value>419</value></Data>
        <Data name="cuisine"><value>Seafood</value></Data>
        <Data name="area"><value>Ram Khamhaeng</value></Data>
        <Data name="google_maps"><value>https://www.google.com/maps/place/?q=place_id:ChIJr7QlzimD4jARDOr8wNFfIPs</value></Data>
      </ExtendedData>
      <Point><coordinates>100.60267909999999,13.8726544,0</coordinates></Point>
    </Placemark>
    <Placemark>
      <styleUrl>#cm9</styleUrl>
      <name>ร้านไม่น่าอร่อย</name>
      <description>⭐ 4.4 (527 รีวิว) · Other · Sukhumvit · ฿
4, 9 Soi Sukhumvit 23, Khwaeng Khlong Toei Nuea, Watthana, Krung Thep Maha Nakhon 10110, Thailand
https://www.google.com/maps/place/?q=place_id:ChIJWR0YKeOe4jARmQW6C_nq4GI
ข้อมูลจาก ChefMinistry — chefministry.com</description>
      <ExtendedData>
        <Data name="rating"><value>4.4</value></Data>
        <Data name="reviews"><value>527</value></Data>
        <Data name="cuisine"><value>Other</value></Data>
        <Data name="area"><value>Sukhumvit</value></Data>
        <Data name="google_maps"><value>https://www.google.com/maps/place/?q=place_id:ChIJWR0YKeOe4jARmQW6C_nq4GI</value></Data>
      </ExtendedData>
      <Point><coordinates>100.5627959,13.7364109,0</coordinates></Point>
    </Placemark>
    <Placemark>
      <styleUrl>#cm9</styleUrl>
      <name>Jones&amp;apos; Salad central พระราม9</name>
      <description>⭐ 4.7 (415 รีวิว) · Other · Rama 9 · ฿฿
9/9, ร้าน โจนส์สลัด ชั้น B ศูนย์การค้าเซ็นทรัลพระราม 9 อยู่ติดร้าน Matsumoto Kiyoshi, Khwaeng Huai Khwang, Khet Huai Khwang, Krung Thep Maha Nakhon 10310, Thailand
https://www.google.com/maps/place/?q=place_id:ChIJwyABvaGf4jARdjq6QDFRUYI
ข้อมูลจาก ChefMinistry — chefministry.com</description>
      <ExtendedData>
        <Data name="rating"><value>4.7</value></Data>
        <Data name="reviews"><value>415</value></Data>
        <Data name="cuisine"><value>Other</value></Data>
        <Data name="area"><value>Rama 9</value></Data>
        <Data name="google_maps"><value>https://www.google.com/maps/place/?q=place_id:ChIJwyABvaGf4jARdjq6QDFRUYI</value></Data>
      </ExtendedData>
      <Point><coordinates>100.56617790000001,13.758242,0</coordinates></Point>
    </Placemark>
    <Placemark>
      <styleUrl>#cm9</styleUrl>
      <name>ร้านผลา PHALA (Thai Esan Gathering) Rama9 พระรามเก้า</name>
      <description>⭐ 4.9 (335 รีวิว) · Other · Sukhumvit · ฿฿
43 ซอย Rama IX Soi 45, Phatthanakan, Khet Suan Luang, Krung Thep Maha Nakhon 10250, Thailand
https://www.google.com/maps/place/?q=place_id:ChIJDTHIsVJhHTERwQe7nEMd0n8
ข้อมูลจาก ChefMinistry — chefministry.com</description>
      <ExtendedData>
        <Data name="rating"><value>4.9</value></Data>
        <Data name="reviews"><value>335</value></Data>
        <Data name="cuisine"><value>Other</value></Data>
        <Data name="area"><value>Sukhumvit</value></Data>
        <Data name="google_maps"><value>https://www.google.com/maps/place/?q=place_id:ChIJDTHIsVJhHTERwQe7nEMd0n8</value></Data>
      </ExtendedData>
      <Point><coordinates>100.630794,13.7426765,0</coordinates></Point>
    </Placemark>
    <Placemark>
      <styleUrl>#cm9</styleUrl>
      <name>CHUNN</name>
      <description>⭐ 4.4 (459 รีวิว) · Casual Dining · Ekkamai · ฿฿
1221/25 Sukhumvit 61, Khwaeng Khlong Tan Nuea, Watthana, Krung Thep Maha Nakhon 10110, Thailand
https://www.google.com/maps/place/?q=place_id:ChIJBTONSWKf4jARbIN1-dP4t7Q
ข้อมูลจาก ChefMinistry — chefministry.com</description>
      <ExtendedData>
        <Data name="rating"><value>4.4</value></Data>
        <Data name="reviews"><value>459</value></Data>
        <Data name="cuisine"><value>Casual Dining</value></Data>
        <Data name="area"><value>Ekkamai</value></Data>
        <Data name="google_maps"><value>https://www.google.com/maps/place/?q=place_id:ChIJBTONSWKf4jARbIN1-dP4t7Q</value></Data>
      </ExtendedData>
      <Point><coordinates>100.5830166,13.7218308,0</coordinates></Point>
    </Placemark>
    <Placemark>
      <styleUrl>#cm9</styleUrl>
      <name>อากาเว่ (ฟูมุ่ยกี่ 2)</name>
      <description>⭐ 4.3 (491 รีวิว) · Other · Huai Khwang · ฿฿
61 127 Rama IX Soi 7, Khwaeng Huai Khwang, Khet Huai Khwang, Krung Thep Maha Nakhon 10310, Thailand
https://www.google.com/maps/place/?q=place_id:ChIJnWrrRoue4jARK40lzu55iGk
ข้อมูลจาก ChefMinistry — chefministry.com</description>
      <ExtendedData>
        <Data name="rating"><value>4.3</value></Data>
        <Data name="reviews"><value>491</value></Data>
        <Data name="cuisine"><value>Other</value></Data>
        <Data name="area"><value>Huai Khwang</value></Data>
        <Data name="google_maps"><value>https://www.google.com/maps/place/?q=place_id:ChIJnWrrRoue4jARK40lzu55iGk</value></Data>
      </ExtendedData>
      <Point><coordinates>100.57006709999999,13.756751099999999,0</coordinates></Point>
    </Placemark>
    <Placemark>
      <styleUrl>#cm9</styleUrl>
      <name>brekky s brunch healthy lunch สาทร</name>
      <description>⭐ 4.8 (333 รีวิว) · Other · Sathorn · ฿฿
44/6 Convent Rd, Si Lom, Khet Bang Rak, Krung Thep Maha Nakhon 10550, Thailand
https://www.google.com/maps/place/?q=place_id:ChIJc0ks94Wf4jARWbfr-hIPRNs
ข้อมูลจาก ChefMinistry — chefministry.com</description>
      <ExtendedData>
        <Data name="rating"><value>4.8</value></Data>
        <Data name="reviews"><value>333</value></Data>
        <Data name="cuisine"><value>Other</value></Data>
        <Data name="area"><value>Sathorn</value></Data>
        <Data name="google_maps"><value>https://www.google.com/maps/place/?q=place_id:ChIJc0ks94Wf4jARWbfr-hIPRNs</value></Data>
      </ExtendedData>
      <Point><coordinates>100.5344011,13.724084699999999,0</coordinates></Point>
    </Placemark>
    <Placemark>
      <styleUrl>#cm9</styleUrl>
      <name>ข้าวหมกไก่ ลุงบ่าว</name>
      <description>⭐ 4.5 (394 รีวิว) · Other · Bueng Kum · ฿
92 Thanon Ratchada-Ram Intra, Khwaeng Nuanchan, Khet Bueng Kum, Krung Thep Maha Nakhon 10230, Thailand
https://www.google.com/maps/place/?q=place_id:ChIJP5ZXJk5jHTER1TyeUL9CIlI
ข้อมูลจาก ChefMinistry — chefministry.com</description>
      <ExtendedData>
        <Data name="rating"><value>4.5</value></Data>
        <Data name="reviews"><value>394</value></Data>
        <Data name="cuisine"><value>Other</value></Data>
        <Data name="area"><value>Bueng Kum</value></Data>
        <Data name="google_maps"><value>https://www.google.com/maps/place/?q=place_id:ChIJP5ZXJk5jHTER1TyeUL9CIlI</value></Data>
      </ExtendedData>
      <Point><coordinates>100.6496593,13.8182583,0</coordinates></Point>
    </Placemark>
    <Placemark>
      <styleUrl>#cm9</styleUrl>
      <name>ginprik กินพริก พุทธมณฑล สาย3</name>
      <description>⭐ 4.3 (415 รีวิว) · Other · Bang Khae · ฿฿
117, 1 Thanon Phutta Monthon Sai 3, Khwaeng Bang Phai, Khet Bang Khae, Krung Thep Maha Nakhon 10160, Thailand
https://www.google.com/maps/place/?q=place_id:ChIJrd6nhFKX4jARCFZNXcKUe-c
ข้อมูลจาก ChefMinistry — chefministry.com</description>
      <ExtendedData>
        <Data name="rating"><value>4.3</value></Data>
        <Data name="reviews"><value>415</value></Data>
        <Data name="cuisine"><value>Other</value></Data>
        <Data name="area"><value>Bang Khae</value></Data>
        <Data name="google_maps"><value>https://www.google.com/maps/place/?q=place_id:ChIJrd6nhFKX4jARCFZNXcKUe-c</value></Data>
      </ExtendedData>
      <Point><coordinates>100.3635376,13.7368907,0</coordinates></Point>
    </Placemark>
    <Placemark>
      <styleUrl>#cm9</styleUrl>
      <name>peter s pan kitchen บางแค</name>
      <description>⭐ 4.7 (300 รีวิว) · Other · On Nut · ฿฿
169 5 ถ. ราชมนตรี Khwaeng Bang Phai, Khet Bang Khae, Krung Thep Maha Nakhon 10160, Thailand
https://www.google.com/maps/place/?q=place_id:ChIJzxqJM2mX4jARlljbyyv1AUY
ข้อมูลจาก ChefMinistry — chefministry.com</description>
      <ExtendedData>
        <Data name="rating"><value>4.7</value></Data>
        <Data name="reviews"><value>300</value></Data>
        <Data name="cuisine"><value>Other</value></Data>
        <Data name="area"><value>On Nut</value></Data>
        <Data name="google_maps"><value>https://www.google.com/maps/place/?q=place_id:ChIJzxqJM2mX4jARlljbyyv1AUY</value></Data>
      </ExtendedData>
      <Point><coordinates>100.4132771,13.7327447,0</coordinates></Point>
    </Placemark>
    <Placemark>
      <styleUrl>#cm9</styleUrl>
      <name>nais</name>
      <description>⭐ 4.5 (307 รีวิว) · Other · Khlong Toei · ฿฿
1, 2 Sukhumvit 26, Khwaeng Khlong Tan, Khet Khlong Toei, Krung Thep Maha Nakhon 10110, Thailand
https://www.google.com/maps/place/?q=place_id:ChIJwZjJiUef4jARsYFMDSgfvoY
ข้อมูลจาก ChefMinistry — chefministry.com</description>
      <ExtendedData>
        <Data name="rating"><value>4.5</value></Data>
        <Data name="reviews"><value>307</value></Data>
        <Data name="cuisine"><value>Other</value></Data>
        <Data name="area"><value>Khlong Toei</value></Data>
        <Data name="google_maps"><value>https://www.google.com/maps/place/?q=place_id:ChIJwZjJiUef4jARsYFMDSgfvoY</value></Data>
      </ExtendedData>
      <Point><coordinates>100.5692653,13.721606699999999,0</coordinates></Point>
    </Placemark>
    <Placemark>
      <styleUrl>#cm9</styleUrl>
      <name>Loong Foong สวิสโฮเต็ล กรุงเทพฯ รัชดา</name>
      <description>⭐ 4.3 (351 รีวิว) · Other · Ratchada · ฿฿
204 Thanon Ratchadaphisek, Khwaeng Huai Khwang, Khet Huai Khwang, Krung Thep Maha Nakhon 10310, Thailand
https://www.google.com/maps/place/?q=place_id:ChIJJZupfICe4jARH0QZoDAXIXU
ข้อมูลจาก ChefMinistry — chefministry.com</description>
      <ExtendedData>
        <Data name="rating"><value>4.3</value></Data>
        <Data name="reviews"><value>351</value></Data>
        <Data name="cuisine"><value>Other</value></Data>
        <Data name="area"><value>Ratchada</value></Data>
        <Data name="google_maps"><value>https://www.google.com/maps/place/?q=place_id:ChIJJZupfICe4jARH0QZoDAXIXU</value></Data>
      </ExtendedData>
      <Point><coordinates>100.5739862,13.7762117,0</coordinates></Point>
    </Placemark>
    <Placemark>
      <styleUrl>#cm9</styleUrl>
      <name>กิมง้วนลูกชิ้นปลา สาขาพระราม5 - นครอินทร์</name>
      <description>⭐ 4.7 (247 รีวิว) · Other · Nonthaburi · ฿
22 Nakhon In Rd, Tambon Bang Khun Kong, Amphoe Bang Kruai, Chang Wat Nonthaburi 11130, Thailand
https://www.google.com/maps/place/?q=place_id:ChIJ5ZGgMQCR4jARrxnMRLjR2mA
ข้อมูลจาก ChefMinistry — chefministry.com</description>
      <ExtendedData>
        <Data name="rating"><value>4.7</value></Data>
        <Data name="reviews"><value>247</value></Data>
        <Data name="cuisine"><value>Other</value></Data>
        <Data name="area"><value>Nonthaburi</value></Data>
        <Data name="google_maps"><value>https://www.google.com/maps/place/?q=place_id:ChIJ5ZGgMQCR4jARrxnMRLjR2mA</value></Data>
      </ExtendedData>
      <Point><coordinates>100.43841689999999,13.8236972,0</coordinates></Point>
    </Placemark>
    <Placemark>
      <styleUrl>#cm9</styleUrl>
      <name>Saladburi</name>
      <description>⭐ 4.8 (222 รีวิว) · Other · Din Daeng · ฿
670 52 Soi Trakun Suk, Khwaeng Din Daeng, Khet Din Daeng, Krung Thep Maha Nakhon 10400, Thailand
https://www.google.com/maps/place/?q=place_id:ChIJAZq1aI6e4jARAehMxgvyuqw
ข้อมูลจาก ChefMinistry — chefministry.com</description>
      <ExtendedData>
        <Data name="rating"><value>4.8</value></Data>
        <Data name="reviews"><value>222</value></Data>
        <Data name="cuisine"><value>Other</value></Data>
        <Data name="area"><value>Din Daeng</value></Data>
        <Data name="google_maps"><value>https://www.google.com/maps/place/?q=place_id:ChIJAZq1aI6e4jARAehMxgvyuqw</value></Data>
      </ExtendedData>
      <Point><coordinates>100.55952909999999,13.7589443,0</coordinates></Point>
    </Placemark>
    <Placemark>
      <styleUrl>#cm9</styleUrl>
      <name>ร้านทะเลทอด ศาลาแดง</name>
      <description>⭐ 4.3 (300 รีวิว) · Seafood · Silom · ฿
PGHP+H76, Thanon Sala Daeng, Si Lom, Khet Bang Rak, Krung Thep Maha Nakhon 10500, Thailand
https://www.google.com/maps/place/?q=place_id:ChIJ--mYUymf4jAReIcTN03NlA4
ข้อมูลจาก ChefMinistry — chefministry.com</description>
      <ExtendedData>
        <Data name="rating"><value>4.3</value></Data>
        <Data name="reviews"><value>300</value></Data>
        <Data name="cuisine"><value>Seafood</value></Data>
        <Data name="area"><value>Silom</value></Data>
        <Data name="google_maps"><value>https://www.google.com/maps/place/?q=place_id:ChIJ--mYUymf4jAReIcTN03NlA4</value></Data>
      </ExtendedData>
      <Point><coordinates>100.5356462,13.728922899999999,0</coordinates></Point>
    </Placemark>
    <Placemark>
      <styleUrl>#cm9</styleUrl>
      <name>Queen Chicken</name>
      <description>⭐ 4.7 (205 รีวิว) · Other · Saphan Sung · ฿฿
10 Soi Ramkhamhaeng 118, Khwaeng Saphan Sung, Khet Saphan Sung, Krung Thep Maha Nakhon 10240, Thailand
https://www.google.com/maps/place/?q=place_id:ChIJuRV-nIhhHTERDKC6dAcv8jI
ข้อมูลจาก ChefMinistry — chefministry.com</description>
      <ExtendedData>
        <Data name="rating"><value>4.7</value></Data>
        <Data name="reviews"><value>205</value></Data>
        <Data name="cuisine"><value>Other</value></Data>
        <Data name="area"><value>Saphan Sung</value></Data>
        <Data name="google_maps"><value>https://www.google.com/maps/place/?q=place_id:ChIJuRV-nIhhHTERDKC6dAcv8jI</value></Data>
      </ExtendedData>
      <Point><coordinates>100.68176989999999,13.775579,0</coordinates></Point>
    </Placemark>
    <Placemark>
      <styleUrl>#cm9</styleUrl>
      <name>ริว เป็ดย่าง</name>
      <description>⭐ 4.7 (200 รีวิว) · Other · Khan Na Yao · ฿
54 Thanon Nawamin, Khwaeng Ram Inthra, Khet Khan Na Yao, Krung Thep Maha Nakhon 10230, Thailand
https://www.google.com/maps/place/?q=place_id:ChIJFWcWgOFiHTERaKLgmLOWrb4
ข้อมูลจาก ChefMinistry — chefministry.com</description>
      <ExtendedData>
        <Data name="rating"><value>4.7</value></Data>
        <Data name="reviews"><value>200</value></Data>
        <Data name="cuisine"><value>Other</value></Data>
        <Data name="area"><value>Khan Na Yao</value></Data>
        <Data name="google_maps"><value>https://www.google.com/maps/place/?q=place_id:ChIJFWcWgOFiHTERaKLgmLOWrb4</value></Data>
      </ExtendedData>
      <Point><coordinates>100.66188609999999,13.837688,0</coordinates></Point>
    </Placemark>
    <Placemark>
      <styleUrl>#cm9</styleUrl>
      <name>P'Mee Craft Beer</name>
      <description>⭐ 4.8 (179 รีวิว) · Bar · Bang Khen · ฿฿
รามอินทรา กม. 5 ซอย 34 แยก 8, แขวงท่าแร้ง เขตบางเขน กรุงเทพมหานคร 10220, Thailand
https://www.google.com/maps/place/?q=place_id:ChIJ9XDPADFjHTER1iKb8D2T7Dk
ข้อมูลจาก ChefMinistry — chefministry.com</description>
      <ExtendedData>
        <Data name="rating"><value>4.8</value></Data>
        <Data name="reviews"><value>179</value></Data>
        <Data name="cuisine"><value>Bar</value></Data>
        <Data name="area"><value>Bang Khen</value></Data>
        <Data name="google_maps"><value>https://www.google.com/maps/place/?q=place_id:ChIJ9XDPADFjHTER1iKb8D2T7Dk</value></Data>
      </ExtendedData>
      <Point><coordinates>100.636641,13.8489554,0</coordinates></Point>
    </Placemark>
    <Placemark>
      <styleUrl>#cm9</styleUrl>
      <name>Sea down PLZ restaurant</name>
      <description>⭐ 4.8 (167 รีวิว) · Other · Prawet · ฿฿
เลขที่46พัฒนาการ ( อยู่ระหว่าง ร้านอยู่ติดถนนใหญ่เลยไม่ต้องเข้า 66 ซอย พัฒนาการ 64 ประเวศ Khet Prawet, Krung Thep Maha Nakhon 10250, Thailand
https://www.google.com/maps/place/?q=place_id:ChIJITUQMABhHTERxoxVn1W1tOM
ข้อมูลจาก ChefMinistry — chefministry.com</description>
      <ExtendedData>
        <Data name="rating"><value>4.8</value></Data>
        <Data name="reviews"><value>167</value></Data>
        <Data name="cuisine"><value>Other</value></Data>
        <Data name="area"><value>Prawet</value></Data>
        <Data name="google_maps"><value>https://www.google.com/maps/place/?q=place_id:ChIJITUQMABhHTERxoxVn1W1tOM</value></Data>
      </ExtendedData>
      <Point><coordinates>100.652919,13.7303625,0</coordinates></Point>
    </Placemark>
    <Placemark>
      <styleUrl>#cm9</styleUrl>
      <name>อาเล็กโภชนา พุทธมณฑลสาย3</name>
      <description>⭐ 4.5 (206 รีวิว) · Other · Bang Khae · ฿
P9P7+FCW, Bang Phai, Bang Khae, Bangkok 10160, Thailand
https://www.google.com/maps/place/?q=place_id:ChIJ6xoUWYKX4jARZqIx5LVuGxM
ข้อมูลจาก ChefMinistry — chefministry.com</description>
      <ExtendedData>
        <Data name="rating"><value>4.5</value></Data>
        <Data name="reviews"><value>206</value></Data>
        <Data name="cuisine"><value>Other</value></Data>
        <Data name="area"><value>Bang Khae</value></Data>
        <Data name="google_maps"><value>https://www.google.com/maps/place/?q=place_id:ChIJ6xoUWYKX4jARZqIx5LVuGxM</value></Data>
      </ExtendedData>
      <Point><coordinates>100.3635489,13.736187,0</coordinates></Point>
    </Placemark>
    <Placemark>
      <styleUrl>#cm9</styleUrl>
      <name>the key room 72</name>
      <description>⭐ 4.5 (184 รีวิว) · Other · Ari · ฿฿
19/2 Soi Ari 4 Nua, Phaya Thai, Khet Phaya Thai, Krung Thep Maha Nakhon 10400, Thailand
https://www.google.com/maps/place/?q=place_id:ChIJKaTJ_CSd4jARzDiRwxuKuu0
ข้อมูลจาก ChefMinistry — chefministry.com</description>
      <ExtendedData>
        <Data name="rating"><value>4.5</value></Data>
        <Data name="reviews"><value>184</value></Data>
        <Data name="cuisine"><value>Other</value></Data>
        <Data name="area"><value>Ari</value></Data>
        <Data name="google_maps"><value>https://www.google.com/maps/place/?q=place_id:ChIJKaTJ_CSd4jARzDiRwxuKuu0</value></Data>
      </ExtendedData>
      <Point><coordinates>100.5441207,13.7836389,0</coordinates></Point>
    </Placemark>
    <Placemark>
      <styleUrl>#cm9</styleUrl>
      <name>Ciao Tutti</name>
      <description>⭐ 4.8 (130 รีวิว) · Other · Bangkapi · ฿฿
Chic Republic, 90 Pradit Manutham Rd, Khwaeng Khlong Chan, Khet Bang Kapi, Krung Thep Maha Nakhon 10240, Thailand
https://www.google.com/maps/place/?q=place_id:ChIJ0cUXf8ZjHTER2_zf0dO5i4A
ข้อมูลจาก ChefMinistry — chefministry.com</description>
      <ExtendedData>
        <Data name="rating"><value>4.8</value></Data>
        <Data name="reviews"><value>130</value></Data>
        <Data name="cuisine"><value>Other</value></Data>
        <Data name="area"><value>Bangkapi</value></Data>
        <Data name="google_maps"><value>https://www.google.com/maps/place/?q=place_id:ChIJ0cUXf8ZjHTER2_zf0dO5i4A</value></Data>
      </ExtendedData>
      <Point><coordinates>100.6197945,13.8091867,0</coordinates></Point>
    </Placemark>
    <Placemark>
      <styleUrl>#cm9</styleUrl>
      <name>Kaomangkorn</name>
      <description>⭐ 4.5 (150 รีวิว) · Other · Bangna · ฿฿
1328 Thanon Bang Na-Trat Frontage, Khwaeng Bang Na, Khet Bang Na, Krung Thep Maha Nakhon 10260, Thailand
https://www.google.com/maps/place/?q=place_id:ChIJhUU93TlfHTER5aD9SurnSL0
ข้อมูลจาก ChefMinistry — chefministry.com</description>
      <ExtendedData>
        <Data name="rating"><value>4.5</value></Data>
        <Data name="reviews"><value>150</value></Data>
        <Data name="cuisine"><value>Other</value></Data>
        <Data name="area"><value>Bangna</value></Data>
        <Data name="google_maps"><value>https://www.google.com/maps/place/?q=place_id:ChIJhUU93TlfHTER5aD9SurnSL0</value></Data>
      </ExtendedData>
      <Point><coordinates>100.63645190000001,13.666919499999999,0</coordinates></Point>
    </Placemark>
    <Placemark>
      <styleUrl>#cm9</styleUrl>
      <name>หอมด่วน สีลม</name>
      <description>⭐ 4.3 (172 รีวิว) · Other · Bang Rak · ฿
177 Si Lom Rd, Si Lom, Khet Bang Rak, Krung Thep Maha Nakhon 10500, Thailand
https://www.google.com/maps/place/?q=place_id:ChIJu6T5b3Kf4jARoDjdwa19BPA
ข้อมูลจาก ChefMinistry — chefministry.com</description>
      <ExtendedData>
        <Data name="rating"><value>4.3</value></Data>
        <Data name="reviews"><value>172</value></Data>
        <Data name="cuisine"><value>Other</value></Data>
        <Data name="area"><value>Bang Rak</value></Data>
        <Data name="google_maps"><value>https://www.google.com/maps/place/?q=place_id:ChIJu6T5b3Kf4jARoDjdwa19BPA</value></Data>
      </ExtendedData>
      <Point><coordinates>100.53520499999999,13.728656899999999,0</coordinates></Point>
    </Placemark>
    <Placemark>
      <styleUrl>#cm9</styleUrl>
      <name>อังกี่</name>
      <description>⭐ 4.7 (110 รีวิว) · Other · Sathorn · ฿฿
457 Thanon Somdet Chao Phraya, Klongsan, Krung Thep Maha Nakhon 10600, Thailand
https://www.google.com/maps/place/?q=place_id:ChIJXVRDDqqZ4jARdqaGRBUACvo
ข้อมูลจาก ChefMinistry — chefministry.com</description>
      <ExtendedData>
        <Data name="rating"><value>4.7</value></Data>
        <Data name="reviews"><value>110</value></Data>
        <Data name="cuisine"><value>Other</value></Data>
        <Data name="area"><value>Sathorn</value></Data>
        <Data name="google_maps"><value>https://www.google.com/maps/place/?q=place_id:ChIJXVRDDqqZ4jARdqaGRBUACvo</value></Data>
      </ExtendedData>
      <Point><coordinates>100.50571699999999,13.7311921,0</coordinates></Point>
    </Placemark>
    <Placemark>
      <styleUrl>#cm9</styleUrl>
      <name>ร้านเพ็ญ ศรีนครินทร์</name>
      <description>⭐ 4.5 (118 รีวิว) · Other · Sukhumvit · ฿฿
2122/53 ถนนศรีนครินทร์ ต.เทพารักษ์ อ.เมือง เทพารักษ์ Tambon Thepharak, เมือง Chang Wat Samut Prakan 10270, Thailand
https://www.google.com/maps/place/?q=place_id:ChIJzVZxPKeg4jAR552hgKsVGcg
ข้อมูลจาก ChefMinistry — chefministry.com</description>
      <ExtendedData>
        <Data name="rating"><value>4.5</value></Data>
        <Data name="reviews"><value>118</value></Data>
        <Data name="cuisine"><value>Other</value></Data>
        <Data name="area"><value>Sukhumvit</value></Data>
        <Data name="google_maps"><value>https://www.google.com/maps/place/?q=place_id:ChIJzVZxPKeg4jAR552hgKsVGcg</value></Data>
      </ExtendedData>
      <Point><coordinates>100.6242201,13.620712399999999,0</coordinates></Point>
    </Placemark>
    <Placemark>
      <styleUrl>#cm9</styleUrl>
      <name>ปัญญาไก่มะระ สีลม</name>
      <description>⭐ 4.6 (95 รีวิว) · Street Food · Silom · ฿
PGHP+H83, Thanon Sala Daeng, Si Lom, Khet Bang Rak, Krung Thep Maha Nakhon 10500, Thailand
https://www.google.com/maps/place/?q=place_id:ChIJ-80YvSqf4jARlz0Pmju0NIA
ข้อมูลจาก ChefMinistry — chefministry.com</description>
      <ExtendedData>
        <Data name="rating"><value>4.6</value></Data>
        <Data name="reviews"><value>95</value></Data>
        <Data name="cuisine"><value>Street Food</value></Data>
        <Data name="area"><value>Silom</value></Data>
        <Data name="google_maps"><value>https://www.google.com/maps/place/?q=place_id:ChIJ-80YvSqf4jARlz0Pmju0NIA</value></Data>
      </ExtendedData>
      <Point><coordinates>100.53578209999999,13.728879599999999,0</coordinates></Point>
    </Placemark>
    <Placemark>
      <styleUrl>#cm9</styleUrl>
      <name>Serica Antipasti &amp; Wine Bar</name>
      <description>⭐ 5.0 (65 รีวิว) · Other · Watthana · ฿฿
11, 10 Soi Saeng Ngoen, Khwaeng Khlong Tan Nuea, Watthana, Krung Thep Maha Nakhon 10110, Thailand
https://www.google.com/maps/place/?q=place_id:ChIJ1TnoBwCf4jARlFPWMY0f_cY
ข้อมูลจาก ChefMinistry — chefministry.com</description>
      <ExtendedData>
        <Data name="rating"><value>5.0</value></Data>
        <Data name="reviews"><value>65</value></Data>
        <Data name="cuisine"><value>Other</value></Data>
        <Data name="area"><value>Watthana</value></Data>
        <Data name="google_maps"><value>https://www.google.com/maps/place/?q=place_id:ChIJ1TnoBwCf4jARlFPWMY0f_cY</value></Data>
      </ExtendedData>
      <Point><coordinates>100.5802975,13.739380599999999,0</coordinates></Point>
    </Placemark>
    <Placemark>
      <styleUrl>#cm9</styleUrl>
      <name>อมร Home Cooking</name>
      <description>⭐ 4.7 (77 รีวิว) · Other · Lat Phrao · ฿฿
RHGX+H29, Chok Chai 4 Soi 84 Yaek 2-1, Khwaeng Lat Phrao, Khet Lat Phrao, Krung Thep Maha Nakhon 10230, Thailand
https://www.google.com/maps/place/?q=place_id:ChIJgTr5FgCd4jARPwxJPick4z4
ข้อมูลจาก ChefMinistry — chefministry.com</description>
      <ExtendedData>
        <Data name="rating"><value>4.7</value></Data>
        <Data name="reviews"><value>77</value></Data>
        <Data name="cuisine"><value>Other</value></Data>
        <Data name="area"><value>Lat Phrao</value></Data>
        <Data name="google_maps"><value>https://www.google.com/maps/place/?q=place_id:ChIJgTr5FgCd4jARPwxJPick4z4</value></Data>
      </ExtendedData>
      <Point><coordinates>100.59764,13.82653,0</coordinates></Point>
    </Placemark>
    <Placemark>
      <styleUrl>#cm9</styleUrl>
      <name>uncle yod pork leg</name>
      <description>⭐ 4.6 (82 รีวิว) · Other · On Nut · ฿
ตึกแถวริมถนน ปาก On Nut Rd, Khwaeng Phra Khanong Nuea, Watthana, Krung Thep Maha Nakhon 10110, Thailand
https://www.google.com/maps/place/?q=place_id:ChIJB6r7irWf4jARcGHAW97l_TI
ข้อมูลจาก ChefMinistry — chefministry.com</description>
      <ExtendedData>
        <Data name="rating"><value>4.6</value></Data>
        <Data name="reviews"><value>82</value></Data>
        <Data name="cuisine"><value>Other</value></Data>
        <Data name="area"><value>On Nut</value></Data>
        <Data name="google_maps"><value>https://www.google.com/maps/place/?q=place_id:ChIJB6r7irWf4jARcGHAW97l_TI</value></Data>
      </ExtendedData>
      <Point><coordinates>100.600264,13.7091963,0</coordinates></Point>
    </Placemark>
    <Placemark>
      <styleUrl>#cm9</styleUrl>
      <name>ครัวป้ายา ( Krua Pa Ya )</name>
      <description>⭐ 4.4 (65 รีวิว) · Other · Ekkamai · ฿฿
ครัวป้ายา 61 Soi Chatu Chot 20, Khwaeng Ao Ngoen, Khet Sai Mai, Krung Thep Maha Nakhon 10220, Thailand
https://www.google.com/maps/place/?q=place_id:ChIJhXfem0p9HTER_hnr8kSZ0hM
ข้อมูลจาก ChefMinistry — chefministry.com</description>
      <ExtendedData>
        <Data name="rating"><value>4.4</value></Data>
        <Data name="reviews"><value>65</value></Data>
        <Data name="cuisine"><value>Other</value></Data>
        <Data name="area"><value>Ekkamai</value></Data>
        <Data name="google_maps"><value>https://www.google.com/maps/place/?q=place_id:ChIJhXfem0p9HTER_hnr8kSZ0hM</value></Data>
      </ExtendedData>
      <Point><coordinates>100.6876238,13.896584899999999,0</coordinates></Point>
    </Placemark>
  </Folder>
</Document></kml>